word,korean_meaning,selected_pos,selected_meaning,english_definition,example_sentence,example_translation,topic_group,assigned_topic,skipped_topics,skip_reason,image_prompt,video_prompt,safety_replaced,quality_status,generation_status,retry_count,failure_reason,manual_review
chore,집안일,명사,집안에서 해야 하는 일,a small job you do at home,I do my chore after school.,나는放学 후에 집안일을 한다.,관심사,게임,,,"cartoon style, bright colors, game scene, illustrate: I do my chore after school., safe for children, clear and simple","8 second video, cartoon style: 0-2s introduce scene, 2-6s show action from 'I do my chore after school.', 6-8s conclusion, safe for children, smooth animation",False,pending,success,0,,False
laundry,세탁,명사,세탁할 옷이나 세탁 행위,clothes that need to be washed,Mom folds the laundry on Sunday.,엄마는 일요일에 세탁물을 개신다.,학습,초등학교 6 학년 사회,,,"cartoon style, classroom, social studies, illustrate: Mom folds the laundry on Sunday., safe for children, clear and simple","8 second video, cartoon style: 0-2s introduce scene, 2-6s show action from 'Mom folds the laundry on Sunday.', 6-8s conclusion, safe for children, smooth animation",False,pending,success,0,,False
flavor,맛,명사,음식의 고유한 맛,the taste of food or drink,This ice cream has a strawberry flavor.,이 아이스크림은 딸기 맛이 난다.,관심사,코딩,,,"cartoon style, computer screen, coding interface, illustrate: This ice cream has a strawberry flavor., safe for children, clear and simple","8 second video, cartoon style: 0-2s introduce scene, 2-6s show action from 'This ice cream has a strawberry flavor.', 6-8s conclusion, safe for children, smooth animation",False,pending,success,0,,False
recipe,요리법,명사,요리를 만드는 방법,instructions for making food,Grandma wrote the recipe on a card.,할머니는 요리법을 카드에 적으셨다.,학습,초등학교 6 학년 과학,,,"cartoon style, laboratory, science experiment, illustrate: Grandma wrote the recipe on a card., safe for children, clear and simple","8 second video, cartoon style: 0-2s introduce scene, 2-6s show action from 'Grandma wrote the recipe on a card.', 6-8s conclusion, safe for children, smooth animation",False,pending,success,0,,False
beverage,음료,명사,마시는 것,something you drink,Water is a healthy beverage.,물은 건강한 음료이다.,관심사,인공지능,,,"cartoon style, robot, futuristic, illustrate: Water is a healthy beverage., safe for children, clear and simple","8 second video, cartoon style: 0-2s introduce scene, 2-6s show action from 'Water is a healthy beverage.', 6-8s conclusion, safe for children, smooth animation",False,pending,success,0,,False
operate,조작하다,동사,기계나 장치를 작동시키다,to make a machine work,Can you operate this machine?,이 기계를 조작할 수 있나요?,학습,초등학교 6 학년 사회,,,"cartoon style, classroom, social studies, illustrate: Can you operate this machine?, safe for children, clear and simple","8 second video, cartoon style: 0-2s introduce scene, 2-6s show action from 'Can you operate this machine?', 6-8s conclusion, safe for children, smooth animation",False,pending,success,0,,False
edible,먹을 수 있는,형용사,안전하게 먹을 수 있는,safe to eat,These berries are edible.,이 열매들은 먹을 수 있다.,관심사,소설 쓰기,,,"cartoon style, writing desk, notebook, illustrate: These berries are edible., safe for children, clear and simple","8 second video, cartoon style: 0-2s introduce scene, 2-6s show action from 'These berries are edible.', 6-8s conclusion, safe for children, smooth animation",False,pending,success,0,,False
shelf,선반,명사,물건을 올려두는 평평한 판,a flat board for holding things,Put the book on the shelf.,책을 선반에 올려놓아라.,학습,초등학교 6 학년 과학,,,"cartoon style, laboratory, science experiment, illustrate: Put the book on the shelf., safe for children, clear and simple","8 second video, cartoon style: 0-2s introduce scene, 2-6s show action from 'Put the book on the shelf.', 6-8s conclusion, safe for children, smooth animation",False,pending,success,0,,False
quite,꽤,부사,상당히,fairly or rather,The test was quite easy.,시험은 꽤 쉬웠다.,관심사,음악,,,"cartoon style, musical instruments, stage, illustrate: The test was quite easy., safe for children, clear and simple","8 second video, cartoon style: 0-2s introduce scene, 2-6s show action from 'The test was quite easy.', 6-8s conclusion, safe for children, smooth animation",False,pending,success,0,,False
quiet,조용한,형용사,소음이 없는,making no noise,Please be quiet in the library.,도서관에서는 조용히 해주세요.,학습,초등학교 6 학년 사회,,,"cartoon style, classroom, social studies, illustrate: Please be quiet in the library., safe for children, clear and simple","8 second video, cartoon style: 0-2s introduce scene, 2-6s show action from 'Please be quiet in the library.', 6-8s conclusion, safe for children, smooth animation",False,pending,success,0,,False
sweep,쓸다,동사,빗자루로 청소하다,to clean with a broom,I sweep the floor every morning.,나는 매일 아침 바닥을 쓴다.,관심사,스포츠,,,"cartoon style, sports field, active pose, illustrate: I sweep the floor every morning., safe for children, clear and simple","8 second video, cartoon style: 0-2s introduce scene, 2-6s show action from 'I sweep the floor every morning.', 6-8s conclusion, safe for children, smooth animation",False,pending,success,0,,False
glance,흘끗 보다,동사,짧게 보다,to look quickly,Take a glance at the clock.,시계를 흘끗 봐라.,학습,초등학교 6 학년 과학,,,"cartoon style, laboratory, science experiment, illustrate: Take a glance at the clock., safe for children, clear and simple","8 second video, cartoon style: 0-2s introduce scene, 2-6s show action from 'Take a glance at the clock.', 6-8s conclusion, safe for children, smooth animation",False,pending,success,0,,False
match,일치하다,동사,서로 같다 또는 어울리다,to be the same or go together,Your socks match your shirt.,네 양말이 셔츠와 어울린다.,관심사,게임,,,"cartoon style, bright colors, game scene, illustrate: Your socks match your shirt., safe for children, clear and simple","8 second video, cartoon style: 0-2s introduce scene, 2-6s show action from 'Your socks match your shirt.', 6-8s conclusion, safe for children, smooth animation",False,pending,success,0,,False
furniture,가구,명사,집에 놓는 가구들,things like chairs and tables,We bought new furniture.,우리는 새 가구를 샀다.,학습,초등학교 6 학년 사회,,,"cartoon style, classroom, social studies, illustrate: We bought new furniture., safe for children, clear and simple","8 second video, cartoon style: 0-2s introduce scene, 2-6s show action from 'We bought new furniture.', 6-8s conclusion, safe for children, smooth animation",False,pending,success,0,,False
manual,설명서,명사,사용 방법 안내서,a book that tells how to use something,Read the manual first.,먼저 설명서를 읽어라.,관심사,코딩,,,"cartoon style, computer screen, coding interface, illustrate: Read the manual first., safe for children, clear and simple","8 second video, cartoon style: 0-2s introduce scene, 2-6s show action from 'Read the manual first.', 6-8s conclusion, safe for children, smooth animation",False,pending,success,0,,False
value,가치,명사,중요성 또는 가치,how important something is,Honesty has great value.,정직은 큰 가치가 있다.,학습,초등학교 6 학년 과학,,,"cartoon style, laboratory, science experiment, illustrate: Honesty has great value., safe for children, clear and simple","8 second video, cartoon style: 0-2s introduce scene, 2-6s show action from 'Honesty has great value.', 6-8s conclusion, safe for children, smooth animation",False,pending,success,0,,False
pot,냄비,명사,요리용 용기,a container for cooking,Cook soup in a pot.,냄비에 수프를 요리해라.,관심사,인공지능,,,"cartoon style, robot, futuristic, illustrate: Cook soup in a pot., safe for children, clear and simple","8 second video, cartoon style: 0-2s introduce scene, 2-6s show action from 'Cook soup in a pot.', 6-8s conclusion, safe for children, smooth animation",False,pending,success,0,,False
grocery,식료품,명사,식품과 생활용품,food and supplies from a store,Dad carries the grocery bags.,아빠가 식료품 가방을 나른다.,학습,초등학교 6 학년 사회,,,"cartoon style, classroom, social studies, illustrate: Dad carries the grocery bags., safe for children, clear and simple","8 second video, cartoon style: 0-2s introduce scene, 2-6s show action from 'Dad carries the grocery bags.', 6-8s conclusion, safe for children, smooth animation",False,pending,success,0,,False
striped,줄무늬가 있는,형용사,줄무늬가 있는,having lines of color,She wears a striped shirt.,그녀는 줄무늬 셔츠를 입는다.,관심사,소설 쓰기,,,"cartoon style, writing desk, notebook, illustrate: She wears a striped shirt., safe for children, clear and simple","8 second video, cartoon style: 0-2s introduce scene, 2-6s show action from 'She wears a striped shirt.', 6-8s conclusion, safe for children, smooth animation",False,pending,success,0,,False
mind,뜻을 확인해야 함,명사,뜻을 확인해야 함,a 명사 related to 뜻을 확인해야 함,The mind is important.,mind(은) 는 중요하다.,학습,초등학교 6 학년 과학,,,"cartoon style, laboratory, science experiment, illustrate: The mind is important., safe for children, clear and simple","8 second video, cartoon style: 0-2s introduce scene, 2-6s show action from 'The mind is important.', 6-8s conclusion, safe for children, smooth animation",False,pending,success,0,,False
receipt,뜻을 확인해야 함,명사,뜻을 확인해야 함,a 명사 related to 뜻을 확인해야 함,The receipt is important.,receipt(은) 는 중요하다.,관심사,음악,,,"cartoon style, musical instruments, stage, illustrate: The receipt is important., safe for children, clear and simple","8 second video, cartoon style: 0-2s introduce scene, 2-6s show action from 'The receipt is important.', 6-8s conclusion, safe for children, smooth animation",False,pending,success,0,,False
bitter,뜻을 확인해야 함,명사,뜻을 확인해야 함,a 명사 related to 뜻을 확인해야 함,The bitter is important.,bitter(은) 는 중요하다.,학습,초등학교 6 학년 사회,,,"cartoon style, classroom, social studies, illustrate: The bitter is important., safe for children, clear and simple","8 second video, cartoon style: 0-2s introduce scene, 2-6s show action from 'The bitter is important.', 6-8s conclusion, safe for children, smooth animation",False,pending,success,0,,False
appearance,뜻을 확인해야 함,명사,뜻을 확인해야 함,a 명사 related to 뜻을 확인해야 함,The appearance is important.,appearance(은) 는 중요하다.,관심사,스포츠,,,"cartoon style, sports field, active pose, illustrate: The appearance is important., safe for children, clear and simple","8 second video, cartoon style: 0-2s introduce scene, 2-6s show action from 'The appearance is important.', 6-8s conclusion, safe for children, smooth animation",False,pending,success,0,,False
iron,뜻을 확인해야 함,명사,뜻을 확인해야 함,a 명사 related to 뜻을 확인해야 함,The iron is important.,iron(은) 는 중요하다.,학습,초등학교 6 학년 과학,,,"cartoon style, laboratory, science experiment, illustrate: The iron is important., safe for children, clear and simple","8 second video, cartoon style: 0-2s introduce scene, 2-6s show action from 'The iron is important.', 6-8s conclusion, safe for children, smooth animation",False,pending,success,0,,False
palm,뜻을 확인해야 함,명사,뜻을 확인해야 함,a 명사 related to 뜻을 확인해야 함,The palm is important.,palm(은) 는 중요하다.,관심사,게임,,,"cartoon style, bright colors, game scene, illustrate: The palm is important., safe for children, clear and simple","8 second video, cartoon style: 0-2s introduce scene, 2-6s show action from 'The palm is important.', 6-8s conclusion, safe for children, smooth animation",False,pending,success,0,,False
fancy,뜻을 확인해야 함,명사,뜻을 확인해야 함,a 명사 related to 뜻을 확인해야 함,The fancy is important.,fancy(은) 는 중요하다.,학습,초등학교 6 학년 사회,,,"cartoon style, classroom, social studies, illustrate: The fancy is important., safe for children, clear and simple","8 second video, cartoon style: 0-2s introduce scene, 2-6s show action from 'The fancy is important.', 6-8s conclusion, safe for children, smooth animation",False,pending,success,0,,False
soak,뜻을 확인해야 함,명사,뜻을 확인해야 함,a 명사 related to 뜻을 확인해야 함,The soak is important.,soak(은) 는 중요하다.,관심사,코딩,,,"cartoon style, computer screen, coding interface, illustrate: The soak is important., safe for children, clear and simple","8 second video, cartoon style: 0-2s introduce scene, 2-6s show action from 'The soak is important.', 6-8s conclusion, safe for children, smooth animation",False,pending,success,0,,False
appeal,뜻을 확인해야 함,명사,뜻을 확인해야 함,a 명사 related to 뜻을 확인해야 함,The appeal is important.,appeal(은) 는 중요하다.,학습,초등학교 6 학년 과학,,,"cartoon style, laboratory, science experiment, illustrate: The appeal is important., safe for children, clear and simple","8 second video, cartoon style: 0-2s introduce scene, 2-6s show action from 'The appeal is important.', 6-8s conclusion, safe for children, smooth animation",False,pending,success,0,,False
compare,뜻을 확인해야 함,명사,뜻을 확인해야 함,a 명사 related to 뜻을 확인해야 함,The compare is important.,compare(은) 는 중요하다.,관심사,인공지능,,,"cartoon style, robot, futuristic, illustrate: The compare is important., safe for children, clear and simple","8 second video, cartoon style: 0-2s introduce scene, 2-6s show action from 'The compare is important.', 6-8s conclusion, safe for children, smooth animation",False,pending,success,0,,False
compel,뜻을 확인해야 함,명사,뜻을 확인해야 함,a 명사 related to 뜻을 확인해야 함,The compel is important.,compel(은) 는 중요하다.,학습,초등학교 6 학년 사회,,,"cartoon style, classroom, social studies, illustrate: The compel is important., safe for children, clear and simple","8 second video, cartoon style: 0-2s introduce scene, 2-6s show action from 'The compel is important.', 6-8s conclusion, safe for children, smooth animation",False,pending,success,0,,False
browse,뜻을 확인해야 함,명사,뜻을 확인해야 함,a 명사 related to 뜻을 확인해야 함,The browse is important.,browse(은) 는 중요하다.,관심사,소설 쓰기,,,"cartoon style, writing desk, notebook, illustrate: The browse is important., safe for children, clear and simple","8 second video, cartoon style: 0-2s introduce scene, 2-6s show action from 'The browse is important.', 6-8s conclusion, safe for children, smooth animation",False,pending,success,0,,False
appetite,뜻을 확인해야 함,명사,뜻을 확인해야 함,a 명사 related to 뜻을 확인해야 함,The appetite is important.,appetite(은) 는 중요하다.,학습,초등학교 6 학년 과학,,,"cartoon style, laboratory, science experiment, illustrate: The appetite is important., safe for children, clear and simple","8 second video, cartoon style: 0-2s introduce scene, 2-6s show action from 'The appetite is important.', 6-8s conclusion, safe for children, smooth animation",False,pending,success,0,,False
attach,뜻을 확인해야 함,명사,뜻을 확인해야 함,a 명사 related to 뜻을 확인해야 함,The attach is important.,attach(은) 는 중요하다.,관심사,음악,,,"cartoon style, musical instruments, stage, illustrate: The attach is important., safe for children, clear and simple","8 second video, cartoon style: 0-2s introduce scene, 2-6s show action from 'The attach is important.', 6-8s conclusion, safe for children, smooth animation",False,pending,success,0,,False
shut,뜻을 확인해야 함,명사,뜻을 확인해야 함,a 명사 related to 뜻을 확인해야 함,The shut is important.,shut(은) 는 중요하다.,학습,초등학교 6 학년 사회,,,"cartoon style, classroom, social studies, illustrate: The shut is important., safe for children, clear and simple","8 second video, cartoon style: 0-2s introduce scene, 2-6s show action from 'The shut is important.', 6-8s conclusion, safe for children, smooth animation",False,pending,success,0,,False
tender,뜻을 확인해야 함,명사,뜻을 확인해야 함,a 명사 related to 뜻을 확인해야 함,The tender is important.,tender(은) 는 중요하다.,관심사,스포츠,,,"cartoon style, sports field, active pose, illustrate: The tender is important., safe for children, clear and simple","8 second video, cartoon style: 0-2s introduce scene, 2-6s show action from 'The tender is important.', 6-8s conclusion, safe for children, smooth animation",False,pending,success,0,,False
pour,뜻을 확인해야 함,명사,뜻을 확인해야 함,a 명사 related to 뜻을 확인해야 함,The pour is important.,pour(은) 는 중요하다.,학습,초등학교 6 학년 과학,,,"cartoon style, laboratory, science experiment, illustrate: The pour is important., safe for children, clear and simple","8 second video, cartoon style: 0-2s introduce scene, 2-6s show action from 'The pour is important.', 6-8s conclusion, safe for children, smooth animation",False,pending,success,0,,False
lean,뜻을 확인해야 함,명사,뜻을 확인해야 함,a 명사 related to 뜻을 확인해야 함,The lean is important.,lean(은) 는 중요하다.,관심사,게임,,,"cartoon style, bright colors, game scene, illustrate: The lean is important., safe for children, clear and simple","8 second video, cartoon style: 0-2s introduce scene, 2-6s show action from 'The lean is important.', 6-8s conclusion, safe for children, smooth animation",False,pending,success,0,,False
temporary,뜻을 확인해야 함,명사,뜻을 확인해야 함,a 명사 related to 뜻을 확인해야 함,The temporary is important.,temporary(은) 는 중요하다.,학습,초등학교 6 학년 사회,,,"cartoon style, classroom, social studies, illustrate: The temporary is important., safe for children, clear and simple","8 second video, cartoon style: 0-2s introduce scene, 2-6s show action from 'The temporary is important.', 6-8s conclusion, safe for children, smooth animation",False,pending,success,0,,False
cottage,뜻을 확인해야 함,명사,뜻을 확인해야 함,a 명사 related to 뜻을 확인해야 함,The cottage is important.,cottage(은) 는 중요하다.,관심사,코딩,,,"cartoon style, computer screen, coding interface, illustrate: The cottage is important., safe for children, clear and simple","8 second video, cartoon style: 0-2s introduce scene, 2-6s show action from 'The cottage is important.', 6-8s conclusion, safe for children, smooth animation",False,pending,success,0,,False
minute,뜻을 확인해야 함,명사,뜻을 확인해야 함,a 명사 related to 뜻을 확인해야 함,The minute is important.,minute(은) 는 중요하다.,학습,초등학교 6 학년 과학,,,"cartoon style, laboratory, science experiment, illustrate: The minute is important., safe for children, clear and simple","8 second video, cartoon style: 0-2s introduce scene, 2-6s show action from 'The minute is important.', 6-8s conclusion, safe for children, smooth animation",False,pending,success,0,,False
active,뜻을 확인해야 함,명사,뜻을 확인해야 함,a 명사 related to 뜻을 확인해야 함,The active is important.,active(은) 는 중요하다.,관심사,인공지능,,,"cartoon style, robot, futuristic, illustrate: The active is important., safe for children, clear and simple","8 second video, cartoon style: 0-2s introduce scene, 2-6s show action from 'The active is important.', 6-8s conclusion, safe for children, smooth animation",False,pending,success,0,,False
excellent,뜻을 확인해야 함,명사,뜻을 확인해야 함,a 명사 related to 뜻을 확인해야 함,The excellent is important.,excellent(은) 는 중요하다.,학습,초등학교 6 학년 사회,,,"cartoon style, classroom, social studies, illustrate: The excellent is important., safe for children, clear and simple","8 second video, cartoon style: 0-2s introduce scene, 2-6s show action from 'The excellent is important.', 6-8s conclusion, safe for children, smooth animation",False,pending,success,0,,False
lecture,뜻을 확인해야 함,명사,뜻을 확인해야 함,a 명사 related to 뜻을 확인해야 함,The lecture is important.,lecture(은) 는 중요하다.,관심사,소설 쓰기,,,"cartoon style, writing desk, notebook, illustrate: The lecture is important., safe for children, clear and simple","8 second video, cartoon style: 0-2s introduce scene, 2-6s show action from 'The lecture is important.', 6-8s conclusion, safe for children, smooth animation",False,pending,success,0,,False
academic,뜻을 확인해야 함,명사,뜻을 확인해야 함,a 명사 related to 뜻을 확인해야 함,The academic is important.,academic(은) 는 중요하다.,학습,초등학교 6 학년 과학,,,"cartoon style, laboratory, science experiment, illustrate: The academic is important., safe for children, clear and simple","8 second video, cartoon style: 0-2s introduce scene, 2-6s show action from 'The academic is important.', 6-8s conclusion, safe for children, smooth animation",False,pending,success,0,,False
encourage,뜻을 확인해야 함,명사,뜻을 확인해야 함,a 명사 related to 뜻을 확인해야 함,The encourage is important.,encourage(은) 는 중요하다.,관심사,음악,,,"cartoon style, musical instruments, stage, illustrate: The encourage is important., safe for children, clear and simple","8 second video, cartoon style: 0-2s introduce scene, 2-6s show action from 'The encourage is important.', 6-8s conclusion, safe for children, smooth animation",False,pending,success,0,,False
debate,뜻을 확인해야 함,명사,뜻을 확인해야 함,a 명사 related to 뜻을 확인해야 함,The debate is important.,debate(은) 는 중요하다.,학습,초등학교 6 학년 사회,,,"cartoon style, classroom, social studies, illustrate: The debate is important., safe for children, clear and simple","8 second video, cartoon style: 0-2s introduce scene, 2-6s show action from 'The debate is important.', 6-8s conclusion, safe for children, smooth animation",False,pending,success,0,,False
president,뜻을 확인해야 함,명사,뜻을 확인해야 함,a 명사 related to 뜻을 확인해야 함,The president is important.,president(은) 는 중요하다.,관심사,스포츠,,,"cartoon style, sports field, active pose, illustrate: The president is important., safe for children, clear and simple","8 second video, cartoon style: 0-2s introduce scene, 2-6s show action from 'The president is important.', 6-8s conclusion, safe for children, smooth animation",False,pending,success,0,,False
assignment,뜻을 확인해야 함,명사,뜻을 확인해야 함,a 명사 related to 뜻을 확인해야 함,The assignment is important.,assignment(은) 는 중요하다.,학습,초등학교 6 학년 과학,,,"cartoon style, laboratory, science experiment, illustrate: The assignment is important., safe for children, clear and simple","8 second video, cartoon style: 0-2s introduce scene, 2-6s show action from 'The assignment is important.', 6-8s conclusion, safe for children, smooth animation",False,pending,success,0,,False
principal,뜻을 확인해야 함,명사,뜻을 확인해야 함,a 명사 related to 뜻을 확인해야 함,The principal is important.,principal(은) 는 중요하다.,관심사,게임,,,"cartoon style, bright colors, game scene, illustrate: The principal is important., safe for children, clear and simple","8 second video, cartoon style: 0-2s introduce scene, 2-6s show action from 'The principal is important.', 6-8s conclusion, safe for children, smooth animation",False,pending,success,0,,False
principle,뜻을 확인해야 함,명사,뜻을 확인해야 함,a 명사 related to 뜻을 확인해야 함,The principle is important.,principle(은) 는 중요하다.,학습,초등학교 6 학년 사회,,,"cartoon style, classroom, social studies, illustrate: The principle is important., safe for children, clear and simple","8 second video, cartoon style: 0-2s introduce scene, 2-6s show action from 'The principle is important.', 6-8s conclusion, safe for children, smooth animation",False,pending,success,0,,False
graduate,뜻을 확인해야 함,명사,뜻을 확인해야 함,a 명사 related to 뜻을 확인해야 함,The graduate is important.,graduate(은) 는 중요하다.,관심사,코딩,,,"cartoon style, computer screen, coding interface, illustrate: The graduate is important., safe for children, clear and simple","8 second video, cartoon style: 0-2s introduce scene, 2-6s show action from 'The graduate is important.', 6-8s conclusion, safe for children, smooth animation",False,pending,success,0,,False
sense,뜻을 확인해야 함,명사,뜻을 확인해야 함,a 명사 related to 뜻을 확인해야 함,The sense is important.,sense(은) 는 중요하다.,학습,초등학교 6 학년 과학,,,"cartoon style, laboratory, science experiment, illustrate: The sense is important., safe for children, clear and simple","8 second video, cartoon style: 0-2s introduce scene, 2-6s show action from 'The sense is important.', 6-8s conclusion, safe for children, smooth animation",False,pending,success,0,,False
real,뜻을 확인해야 함,명사,뜻을 확인해야 함,a 명사 related to 뜻을 확인해야 함,The real is important.,real(은) 는 중요하다.,관심사,인공지능,,,"cartoon style, robot, futuristic, illustrate: The real is important., safe for children, clear and simple","8 second video, cartoon style: 0-2s introduce scene, 2-6s show action from 'The real is important.', 6-8s conclusion, safe for children, smooth animation",False,pending,success,0,,False
annual,뜻을 확인해야 함,명사,뜻을 확인해야 함,a 명사 related to 뜻을 확인해야 함,The annual is important.,annual(은) 는 중요하다.,학습,초등학교 6 학년 사회,,,"cartoon style, classroom, social studies, illustrate: The annual is important., safe for children, clear and simple","8 second video, cartoon style: 0-2s introduce scene, 2-6s show action from 'The annual is important.', 6-8s conclusion, safe for children, smooth animation",False,pending,success,0,,False
collect,뜻을 확인해야 함,명사,뜻을 확인해야 함,a 명사 related to 뜻을 확인해야 함,The collect is important.,collect(은) 는 중요하다.,관심사,소설 쓰기,,,"cartoon style, writing desk, notebook, illustrate: The collect is important., safe for children, clear and simple","8 second video, cartoon style: 0-2s introduce scene, 2-6s show action from 'The collect is important.', 6-8s conclusion, safe for children, smooth animation",False,pending,success,0,,False
deadline,뜻을 확인해야 함,명사,뜻을 확인해야 함,a 명사 related to 뜻을 확인해야 함,The deadline is important.,deadline(은) 는 중요하다.,학습,초등학교 6 학년 과학,,,"cartoon style, laboratory, science experiment, illustrate: The deadline is important., safe for children, clear and simple","8 second video, cartoon style: 0-2s introduce scene, 2-6s show action from 'The deadline is important.', 6-8s conclusion, safe for children, smooth animation",False,pending,success,0,,False
confident,뜻을 확인해야 함,명사,뜻을 확인해야 함,a 명사 related to 뜻을 확인해야 함,The confident is important.,confident(은) 는 중요하다.,관심사,음악,,,"cartoon style, musical instruments, stage, illustrate: The confident is important., safe for children, clear and simple","8 second video, cartoon style: 0-2s introduce scene, 2-6s show action from 'The confident is important.', 6-8s conclusion, safe for children, smooth animation",False,pending,success,0,,False
include,뜻을 확인해야 함,명사,뜻을 확인해야 함,a 명사 related to 뜻을 확인해야 함,The include is important.,include(은) 는 중요하다.,학습,초등학교 6 학년 사회,,,"cartoon style, classroom, social studies, illustrate: The include is important., safe for children, clear and simple","8 second video, cartoon style: 0-2s introduce scene, 2-6s show action from 'The include is important.', 6-8s conclusion, safe for children, smooth animation",False,pending,success,0,,False
shout,뜻을 확인해야 함,명사,뜻을 확인해야 함,a 명사 related to 뜻을 확인해야 함,The shout is important.,shout(은) 는 중요하다.,관심사,스포츠,,,"cartoon style, sports field, active pose, illustrate: The shout is important., safe for children, clear and simple","8 second video, cartoon style: 0-2s introduce scene, 2-6s show action from 'The shout is important.', 6-8s conclusion, safe for children, smooth animation",False,pending,success,0,,False
subject,뜻을 확인해야 함,명사,뜻을 확인해야 함,a 명사 related to 뜻을 확인해야 함,The subject is important.,subject(은) 는 중요하다.,학습,초등학교 6 학년 과학,,,"cartoon style, laboratory, science experiment, illustrate: The subject is important., safe for children, clear and simple","8 second video, cartoon style: 0-2s introduce scene, 2-6s show action from 'The subject is important.', 6-8s conclusion, safe for children, smooth animation",False,pending,success,0,,False
participate,뜻을 확인해야 함,명사,뜻을 확인해야 함,a 명사 related to 뜻을 확인해야 함,The participate is important.,participate(은) 는 중요하다.,관심사,게임,,,"cartoon style, bright colors, game scene, illustrate: The participate is important., safe for children, clear and simple","8 second video, cartoon style: 0-2s introduce scene, 2-6s show action from 'The participate is important.', 6-8s conclusion, safe for children, smooth animation",False,pending,success,0,,False
auditorium,뜻을 확인해야 함,명사,뜻을 확인해야 함,a 명사 related to 뜻을 확인해야 함,The auditorium is important.,auditorium(은) 는 중요하다.,학습,초등학교 6 학년 사회,,,"cartoon style, classroom, social studies, illustrate: The auditorium is important., safe for children, clear and simple","8 second video, cartoon style: 0-2s introduce scene, 2-6s show action from 'The auditorium is important.', 6-8s conclusion, safe for children, smooth animation",False,pending,success,0,,False
inform,뜻을 확인해야 함,명사,뜻을 확인해야 함,a 명사 related to 뜻을 확인해야 함,The inform is important.,inform(은) 는 중요하다.,관심사,코딩,,,"cartoon style, computer screen, coding interface, illustrate: The inform is important., safe for children, clear and simple","8 second video, cartoon style: 0-2s introduce scene, 2-6s show action from 'The inform is important.', 6-8s conclusion, safe for children, smooth animation",False,pending,success,0,,False
duty,뜻을 확인해야 함,명사,뜻을 확인해야 함,a 명사 related to 뜻을 확인해야 함,The duty is important.,duty(은) 는 중요하다.,학습,초등학교 6 학년 과학,,,"cartoon style, laboratory, science experiment, illustrate: The duty is important., safe for children, clear and simple","8 second video, cartoon style: 0-2s introduce scene, 2-6s show action from 'The duty is important.', 6-8s conclusion, safe for children, smooth animation",False,pending,success,0,,False
evaluate,뜻을 확인해야 함,명사,뜻을 확인해야 함,a 명사 related to 뜻을 확인해야 함,The evaluate is important.,evaluate(은) 는 중요하다.,관심사,인공지능,,,"cartoon style, robot, futuristic, illustrate: The evaluate is important., safe for children, clear and simple","8 second video, cartoon style: 0-2s introduce scene, 2-6s show action from 'The evaluate is important.', 6-8s conclusion, safe for children, smooth animation",False,pending,success,0,,False
minimum,뜻을 확인해야 함,명사,뜻을 확인해야 함,a 명사 related to 뜻을 확인해야 함,The minimum is important.,minimum(은) 는 중요하다.,학습,초등학교 6 학년 사회,,,"cartoon style, classroom, social studies, illustrate: The minimum is important., safe for children, clear and simple","8 second video, cartoon style: 0-2s introduce scene, 2-6s show action from 'The minimum is important.', 6-8s conclusion, safe for children, smooth animation",False,pending,success,0,,False
introduction,뜻을 확인해야 함,명사,뜻을 확인해야 함,a 명사 related to 뜻을 확인해야 함,The introduction is important.,introduction(은) 는 중요하다.,관심사,소설 쓰기,,,"cartoon style, writing desk, notebook, illustrate: The introduction is important., safe for children, clear and simple","8 second video, cartoon style: 0-2s introduce scene, 2-6s show action from 'The introduction is important.', 6-8s conclusion, safe for children, smooth animation",False,pending,success,0,,False
photograph,뜻을 확인해야 함,명사,뜻을 확인해야 함,a 명사 related to 뜻을 확인해야 함,The photograph is important.,photograph(은) 는 중요하다.,학습,초등학교 6 학년 과학,,,"cartoon style, laboratory, science experiment, illustrate: The photograph is important., safe for children, clear and simple","8 second video, cartoon style: 0-2s introduce scene, 2-6s show action from 'The photograph is important.', 6-8s conclusion, safe for children, smooth animation",False,pending,success,0,,False
council,뜻을 확인해야 함,명사,뜻을 확인해야 함,a 명사 related to 뜻을 확인해야 함,The council is important.,council(은) 는 중요하다.,관심사,음악,,,"cartoon style, musical instruments, stage, illustrate: The council is important., safe for children, clear and simple","8 second video, cartoon style: 0-2s introduce scene, 2-6s show action from 'The council is important.', 6-8s conclusion, safe for children, smooth animation",False,pending,success,0,,False
conceal,뜻을 확인해야 함,명사,뜻을 확인해야 함,a 명사 related to 뜻을 확인해야 함,The conceal is important.,conceal(은) 는 중요하다.,학습,초등학교 6 학년 사회,,,"cartoon style, classroom, social studies, illustrate: The conceal is important., safe for children, clear and simple","8 second video, cartoon style: 0-2s introduce scene, 2-6s show action from 'The conceal is important.', 6-8s conclusion, safe for children, smooth animation",False,pending,success,0,,False
session,뜻을 확인해야 함,명사,뜻을 확인해야 함,a 명사 related to 뜻을 확인해야 함,The session is important.,session(은) 는 중요하다.,관심사,스포츠,,,"cartoon style, sports field, active pose, illustrate: The session is important., safe for children, clear and simple","8 second video, cartoon style: 0-2s introduce scene, 2-6s show action from 'The session is important.', 6-8s conclusion, safe for children, smooth animation",False,pending,success,0,,False
strict,뜻을 확인해야 함,명사,뜻을 확인해야 함,a 명사 related to 뜻을 확인해야 함,The strict is important.,strict(은) 는 중요하다.,학습,초등학교 6 학년 과학,,,"cartoon style, laboratory, science experiment, illustrate: The strict is important., safe for children, clear and simple","8 second video, cartoon style: 0-2s introduce scene, 2-6s show action from 'The strict is important.', 6-8s conclusion, safe for children, smooth animation",False,pending,success,0,,False
twist,뜻을 확인해야 함,명사,뜻을 확인해야 함,a 명사 related to 뜻을 확인해야 함,The twist is important.,twist(은) 는 중요하다.,관심사,게임,,,"cartoon style, bright colors, game scene, illustrate: The twist is important., safe for children, clear and simple","8 second video, cartoon style: 0-2s introduce scene, 2-6s show action from 'The twist is important.', 6-8s conclusion, safe for children, smooth animation",False,pending,success,0,,False
spill,뜻을 확인해야 함,명사,뜻을 확인해야 함,a 명사 related to 뜻을 확인해야 함,The spill is important.,spill(은) 는 중요하다.,학습,초등학교 6 학년 사회,,,"cartoon style, classroom, social studies, illustrate: The spill is important., safe for children, clear and simple","8 second video, cartoon style: 0-2s introduce scene, 2-6s show action from 'The spill is important.', 6-8s conclusion, safe for children, smooth animation",False,pending,success,0,,False
union,뜻을 확인해야 함,명사,뜻을 확인해야 함,a 명사 related to 뜻을 확인해야 함,The union is important.,union(은) 는 중요하다.,관심사,코딩,,,"cartoon style, computer screen, coding interface, illustrate: The union is important., safe for children, clear and simple","8 second video, cartoon style: 0-2s introduce scene, 2-6s show action from 'The union is important.', 6-8s conclusion, safe for children, smooth animation",False,pending,success,0,,False
maximum,뜻을 확인해야 함,명사,뜻을 확인해야 함,a 명사 related to 뜻을 확인해야 함,The maximum is important.,maximum(은) 는 중요하다.,학습,초등학교 6 학년 과학,,,"cartoon style, laboratory, science experiment, illustrate: The maximum is important., safe for children, clear and simple","8 second video, cartoon style: 0-2s introduce scene, 2-6s show action from 'The maximum is important.', 6-8s conclusion, safe for children, smooth animation",False,pending,success,0,,False
semester,뜻을 확인해야 함,명사,뜻을 확인해야 함,a 명사 related to 뜻을 확인해야 함,The semester is important.,semester(은) 는 중요하다.,관심사,인공지능,,,"cartoon style, robot, futuristic, illustrate: The semester is important., safe for children, clear and simple","8 second video, cartoon style: 0-2s introduce scene, 2-6s show action from 'The semester is important.', 6-8s conclusion, safe for children, smooth animation",False,pending,success,0,,False
ceiling,뜻을 확인해야 함,명사,뜻을 확인해야 함,a 명사 related to 뜻을 확인해야 함,The ceiling is important.,ceiling(은) 는 중요하다.,학습,초등학교 6 학년 사회,,,"cartoon style, classroom, social studies, illustrate: The ceiling is important., safe for children, clear and simple","8 second video, cartoon style: 0-2s introduce scene, 2-6s show action from 'The ceiling is important.', 6-8s conclusion, safe for children, smooth animation",False,pending,success,0,,False
stationery,뜻을 확인해야 함,명사,뜻을 확인해야 함,a 명사 related to 뜻을 확인해야 함,The stationery is important.,stationery(은) 는 중요하다.,관심사,소설 쓰기,,,"cartoon style, writing desk, notebook, illustrate: The stationery is important., safe for children, clear and simple","8 second video, cartoon style: 0-2s introduce scene, 2-6s show action from 'The stationery is important.', 6-8s conclusion, safe for children, smooth animation",False,pending,success,0,,False
term,뜻을 확인해야 함,명사,뜻을 확인해야 함,a 명사 related to 뜻을 확인해야 함,The term is important.,term(은) 는 중요하다.,학습,초등학교 6 학년 과학,,,"cartoon style, laboratory, science experiment, illustrate: The term is important., safe for children, clear and simple","8 second video, cartoon style: 0-2s introduce scene, 2-6s show action from 'The term is important.', 6-8s conclusion, safe for children, smooth animation",False,pending,success,0,,False
journey,뜻을 확인해야 함,명사,뜻을 확인해야 함,a 명사 related to 뜻을 확인해야 함,The journey is important.,journey(은) 는 중요하다.,관심사,음악,,,"cartoon style, musical instruments, stage, illustrate: The journey is important., safe for children, clear and simple","8 second video, cartoon style: 0-2s introduce scene, 2-6s show action from 'The journey is important.', 6-8s conclusion, safe for children, smooth animation",False,pending,success,0,,False
theater,뜻을 확인해야 함,명사,뜻을 확인해야 함,a 명사 related to 뜻을 확인해야 함,The theater is important.,theater(은) 는 중요하다.,학습,초등학교 6 학년 사회,,,"cartoon style, classroom, social studies, illustrate: The theater is important., safe for children, clear and simple","8 second video, cartoon style: 0-2s introduce scene, 2-6s show action from 'The theater is important.', 6-8s conclusion, safe for children, smooth animation",False,pending,success,0,,False
fee,뜻을 확인해야 함,명사,뜻을 확인해야 함,a 명사 related to 뜻을 확인해야 함,The fee is important.,fee(은) 는 중요하다.,관심사,스포츠,,,"cartoon style, sports field, active pose, illustrate: The fee is important., safe for children, clear and simple","8 second video, cartoon style: 0-2s introduce scene, 2-6s show action from 'The fee is important.', 6-8s conclusion, safe for children, smooth animation",False,pending,success,0,,False
prepare,뜻을 확인해야 함,명사,뜻을 확인해야 함,a 명사 related to 뜻을 확인해야 함,The prepare is important.,prepare(은) 는 중요하다.,학습,초등학교 6 학년 과학,,,"cartoon style, laboratory, science experiment, illustrate: The prepare is important., safe for children, clear and simple","8 second video, cartoon style: 0-2s introduce scene, 2-6s show action from 'The prepare is important.', 6-8s conclusion, safe for children, smooth animation",False,pending,success,0,,False
surprised,뜻을 확인해야 함,명사,뜻을 확인해야 함,a 명사 related to 뜻을 확인해야 함,The surprised is important.,surprised(은) 는 중요하다.,관심사,게임,,,"cartoon style, bright colors, game scene, illustrate: The surprised is important., safe for children, clear and simple","8 second video, cartoon style: 0-2s introduce scene, 2-6s show action from 'The surprised is important.', 6-8s conclusion, safe for children, smooth animation",False,pending,success,0,,False
receive,뜻을 확인해야 함,명사,뜻을 확인해야 함,a 명사 related to 뜻을 확인해야 함,The receive is important.,receive(은) 는 중요하다.,학습,초등학교 6 학년 사회,,,"cartoon style, classroom, social studies, illustrate: The receive is important., safe for children, clear and simple","8 second video, cartoon style: 0-2s introduce scene, 2-6s show action from 'The receive is important.', 6-8s conclusion, safe for children, smooth animation",False,pending,success,0,,False
nervous,뜻을 확인해야 함,명사,뜻을 확인해야 함,a 명사 related to 뜻을 확인해야 함,The nervous is important.,nervous(은) 는 중요하다.,관심사,코딩,,,"cartoon style, computer screen, coding interface, illustrate: The nervous is important., safe for children, clear and simple","8 second video, cartoon style: 0-2s introduce scene, 2-6s show action from 'The nervous is important.', 6-8s conclusion, safe for children, smooth animation",False,pending,success,0,,False
stage,뜻을 확인해야 함,명사,뜻을 확인해야 함,a 명사 related to 뜻을 확인해야 함,The stage is important.,stage(은) 는 중요하다.,학습,초등학교 6 학년 과학,,,"cartoon style, laboratory, science experiment, illustrate: The stage is important., safe for children, clear and simple","8 second video, cartoon style: 0-2s introduce scene, 2-6s show action from 'The stage is important.', 6-8s conclusion, safe for children, smooth animation",False,pending,success,0,,False
vacation,뜻을 확인해야 함,명사,뜻을 확인해야 함,a 명사 related to 뜻을 확인해야 함,The vacation is important.,vacation(은) 는 중요하다.,관심사,인공지능,,,"cartoon style, robot, futuristic, illustrate: The vacation is important., safe for children, clear and simple","8 second video, cartoon style: 0-2s introduce scene, 2-6s show action from 'The vacation is important.', 6-8s conclusion, safe for children, smooth animation",False,pending,success,0,,False
vocation,뜻을 확인해야 함,명사,뜻을 확인해야 함,a 명사 related to 뜻을 확인해야 함,The vocation is important.,vocation(은) 는 중요하다.,학습,초등학교 6 학년 사회,,,"cartoon style, classroom, social studies, illustrate: The vocation is important., safe for children, clear and simple","8 second video, cartoon style: 0-2s introduce scene, 2-6s show action from 'The vocation is important.', 6-8s conclusion, safe for children, smooth animation",False,pending,success,0,,False
pack,뜻을 확인해야 함,명사,뜻을 확인해야 함,a 명사 related to 뜻을 확인해야 함,The pack is important.,pack(은) 는 중요하다.,관심사,소설 쓰기,,,"cartoon style, writing desk, notebook, illustrate: The pack is important., safe for children, clear and simple","8 second video, cartoon style: 0-2s introduce scene, 2-6s show action from 'The pack is important.', 6-8s conclusion, safe for children, smooth animation",False,pending,success,0,,False
host,뜻을 확인해야 함,명사,뜻을 확인해야 함,a 명사 related to 뜻을 확인해야 함,The host is important.,host(은) 는 중요하다.,학습,초등학교 6 학년 과학,,,"cartoon style, laboratory, science experiment, illustrate: The host is important., safe for children, clear and simple","8 second video, cartoon style: 0-2s introduce scene, 2-6s show action from 'The host is important.', 6-8s conclusion, safe for children, smooth animation",False,pending,success,0,,False
private,뜻을 확인해야 함,명사,뜻을 확인해야 함,a 명사 related to 뜻을 확인해야 함,The private is important.,private(은) 는 중요하다.,관심사,음악,,,"cartoon style, musical instruments, stage, illustrate: The private is important., safe for children, clear and simple","8 second video, cartoon style: 0-2s introduce scene, 2-6s show action from 'The private is important.', 6-8s conclusion, safe for children, smooth animation",False,pending,success,0,,False
craft,뜻을 확인해야 함,명사,뜻을 확인해야 함,a 명사 related to 뜻을 확인해야 함,The craft is important.,craft(은) 는 중요하다.,학습,초등학교 6 학년 사회,,,"cartoon style, classroom, social studies, illustrate: The craft is important., safe for children, clear and simple","8 second video, cartoon style: 0-2s introduce scene, 2-6s show action from 'The craft is important.', 6-8s conclusion, safe for children, smooth animation",False,pending,success,0,,False
post,뜻을 확인해야 함,명사,뜻을 확인해야 함,a 명사 related to 뜻을 확인해야 함,The post is important.,post(은) 는 중요하다.,관심사,스포츠,,,"cartoon style, sports field, active pose, illustrate: The post is important., safe for children, clear and simple","8 second video, cartoon style: 0-2s introduce scene, 2-6s show action from 'The post is important.', 6-8s conclusion, safe for children, smooth animation",False,pending,success,0,,False
relieve,뜻을 확인해야 함,명사,뜻을 확인해야 함,a 명사 related to 뜻을 확인해야 함,The relieve is important.,relieve(은) 는 중요하다.,학습,초등학교 6 학년 과학,,,"cartoon style, laboratory, science experiment, illustrate: The relieve is important., safe for children, clear and simple","8 second video, cartoon style: 0-2s introduce scene, 2-6s show action from 'The relieve is important.', 6-8s conclusion, safe for children, smooth animation",False,pending,success,0,,False
practice,뜻을 확인해야 함,명사,뜻을 확인해야 함,a 명사 related to 뜻을 확인해야 함,The practice is important.,practice(은) 는 중요하다.,관심사,게임,,,"cartoon style, bright colors, game scene, illustrate: The practice is important., safe for children, clear and simple","8 second video, cartoon style: 0-2s introduce scene, 2-6s show action from 'The practice is important.', 6-8s conclusion, safe for children, smooth animation",False,pending,success,0,,False
souvenir,뜻을 확인해야 함,명사,뜻을 확인해야 함,a 명사 related to 뜻을 확인해야 함,The souvenir is important.,souvenir(은) 는 중요하다.,학습,초등학교 6 학년 사회,,,"cartoon style, classroom, social studies, illustrate: The souvenir is important., safe for children, clear and simple","8 second video, cartoon style: 0-2s introduce scene, 2-6s show action from 'The souvenir is important.', 6-8s conclusion, safe for children, smooth animation",False,pending,success,0,,False
decorate,뜻을 확인해야 함,명사,뜻을 확인해야 함,a 명사 related to 뜻을 확인해야 함,The decorate is important.,decorate(은) 는 중요하다.,관심사,코딩,,,"cartoon style, computer screen, coding interface, illustrate: The decorate is important., safe for children, clear and simple","8 second video, cartoon style: 0-2s introduce scene, 2-6s show action from 'The decorate is important.', 6-8s conclusion, safe for children, smooth animation",False,pending,success,0,,False
book,뜻을 확인해야 함,명사,뜻을 확인해야 함,a 명사 related to 뜻을 확인해야 함,The book is important.,book(은) 는 중요하다.,학습,초등학교 6 학년 과학,,,"cartoon style, laboratory, science experiment, illustrate: The book is important., safe for children, clear and simple","8 second video, cartoon style: 0-2s introduce scene, 2-6s show action from 'The book is important.', 6-8s conclusion, safe for children, smooth animation",False,pending,success,0,,False
reserve,뜻을 확인해야 함,명사,뜻을 확인해야 함,a 명사 related to 뜻을 확인해야 함,The reserve is important.,reserve(은) 는 중요하다.,관심사,인공지능,,,"cartoon style, robot, futuristic, illustrate: The reserve is important., safe for children, clear and simple","8 second video, cartoon style: 0-2s introduce scene, 2-6s show action from 'The reserve is important.', 6-8s conclusion, safe for children, smooth animation",False,pending,success,0,,False
wrap,뜻을 확인해야 함,명사,뜻을 확인해야 함,a 명사 related to 뜻을 확인해야 함,The wrap is important.,wrap(은) 는 중요하다.,학습,초등학교 6 학년 사회,,,"cartoon style, classroom, social studies, illustrate: The wrap is important., safe for children, clear and simple","8 second video, cartoon style: 0-2s introduce scene, 2-6s show action from 'The wrap is important.', 6-8s conclusion, safe for children, smooth animation",False,pending,success,0,,False
occasion,뜻을 확인해야 함,명사,뜻을 확인해야 함,a 명사 related to 뜻을 확인해야 함,The occasion is important.,occasion(은) 는 중요하다.,관심사,소설 쓰기,,,"cartoon style, writing desk, notebook, illustrate: The occasion is important., safe for children, clear and simple","8 second video, cartoon style: 0-2s introduce scene, 2-6s show action from 'The occasion is important.', 6-8s conclusion, safe for children, smooth animation",False,pending,success,0,,False
allow,뜻을 확인해야 함,명사,뜻을 확인해야 함,a 명사 related to 뜻을 확인해야 함,The allow is important.,allow(은) 는 중요하다.,학습,초등학교 6 학년 과학,,,"cartoon style, laboratory, science experiment, illustrate: The allow is important., safe for children, clear and simple","8 second video, cartoon style: 0-2s introduce scene, 2-6s show action from 'The allow is important.', 6-8s conclusion, safe for children, smooth animation",False,pending,success,0,,False
ensure,뜻을 확인해야 함,명사,뜻을 확인해야 함,a 명사 related to 뜻을 확인해야 함,The ensure is important.,ensure(은) 는 중요하다.,관심사,음악,,,"cartoon style, musical instruments, stage, illustrate: The ensure is important., safe for children, clear and simple","8 second video, cartoon style: 0-2s introduce scene, 2-6s show action from 'The ensure is important.', 6-8s conclusion, safe for children, smooth animation",False,pending,success,0,,False
agent,뜻을 확인해야 함,명사,뜻을 확인해야 함,a 명사 related to 뜻을 확인해야 함,The agent is important.,agent(은) 는 중요하다.,학습,초등학교 6 학년 사회,,,"cartoon style, classroom, social studies, illustrate: The agent is important., safe for children, clear and simple","8 second video, cartoon style: 0-2s introduce scene, 2-6s show action from 'The agent is important.', 6-8s conclusion, safe for children, smooth animation",False,pending,success,0,,False
argue,뜻을 확인해야 함,명사,뜻을 확인해야 함,a 명사 related to 뜻을 확인해야 함,The argue is important.,argue(은) 는 중요하다.,관심사,스포츠,,,"cartoon style, sports field, active pose, illustrate: The argue is important., safe for children, clear and simple","8 second video, cartoon style: 0-2s introduce scene, 2-6s show action from 'The argue is important.', 6-8s conclusion, safe for children, smooth animation",False,pending,success,0,,False
confirm,뜻을 확인해야 함,명사,뜻을 확인해야 함,a 명사 related to 뜻을 확인해야 함,The confirm is important.,confirm(은) 는 중요하다.,학습,초등학교 6 학년 과학,,,"cartoon style, laboratory, science experiment, illustrate: The confirm is important., safe for children, clear and simple","8 second video, cartoon style: 0-2s introduce scene, 2-6s show action from 'The confirm is important.', 6-8s conclusion, safe for children, smooth animation",False,pending,success,0,,False
wonder,뜻을 확인해야 함,명사,뜻을 확인해야 함,a 명사 related to 뜻을 확인해야 함,The wonder is important.,wonder(은) 는 중요하다.,관심사,게임,,,"cartoon style, bright colors, game scene, illustrate: The wonder is important., safe for children, clear and simple","8 second video, cartoon style: 0-2s introduce scene, 2-6s show action from 'The wonder is important.', 6-8s conclusion, safe for children, smooth animation",False,pending,success,0,,False
wander,뜻을 확인해야 함,명사,뜻을 확인해야 함,a 명사 related to 뜻을 확인해야 함,The wander is important.,wander(은) 는 중요하다.,학습,초등학교 6 학년 사회,,,"cartoon style, classroom, social studies, illustrate: The wander is important., safe for children, clear and simple","8 second video, cartoon style: 0-2s introduce scene, 2-6s show action from 'The wander is important.', 6-8s conclusion, safe for children, smooth animation",False,pending,success,0,,False
capital,뜻을 확인해야 함,명사,뜻을 확인해야 함,a 명사 related to 뜻을 확인해야 함,The capital is important.,capital(은) 는 중요하다.,관심사,코딩,,,"cartoon style, computer screen, coding interface, illustrate: The capital is important., safe for children, clear and simple","8 second video, cartoon style: 0-2s introduce scene, 2-6s show action from 'The capital is important.', 6-8s conclusion, safe for children, smooth animation",False,pending,success,0,,False
absolute,뜻을 확인해야 함,명사,뜻을 확인해야 함,a 명사 related to 뜻을 확인해야 함,The absolute is important.,absolute(은) 는 중요하다.,학습,초등학교 6 학년 과학,,,"cartoon style, laboratory, science experiment, illustrate: The absolute is important., safe for children, clear and simple","8 second video, cartoon style: 0-2s introduce scene, 2-6s show action from 'The absolute is important.', 6-8s conclusion, safe for children, smooth animation",False,pending,success,0,,False
anticipate,뜻을 확인해야 함,명사,뜻을 확인해야 함,a 명사 related to 뜻을 확인해야 함,The anticipate is important.,anticipate(은) 는 중요하다.,관심사,인공지능,,,"cartoon style, robot, futuristic, illustrate: The anticipate is important., safe for children, clear and simple","8 second video, cartoon style: 0-2s introduce scene, 2-6s show action from 'The anticipate is important.', 6-8s conclusion, safe for children, smooth animation",False,pending,success,0,,False
leisure,뜻을 확인해야 함,명사,뜻을 확인해야 함,a 명사 related to 뜻을 확인해야 함,The leisure is important.,leisure(은) 는 중요하다.,학습,초등학교 6 학년 사회,,,"cartoon style, classroom, social studies, illustrate: The leisure is important., safe for children, clear and simple","8 second video, cartoon style: 0-2s introduce scene, 2-6s show action from 'The leisure is important.', 6-8s conclusion, safe for children, smooth animation",False,pending,success,0,,False
undergo,뜻을 확인해야 함,명사,뜻을 확인해야 함,a 명사 related to 뜻을 확인해야 함,The undergo is important.,undergo(은) 는 중요하다.,관심사,소설 쓰기,,,"cartoon style, writing desk, notebook, illustrate: The undergo is important., safe for children, clear and simple","8 second video, cartoon style: 0-2s introduce scene, 2-6s show action from 'The undergo is important.', 6-8s conclusion, safe for children, smooth animation",False,pending,success,0,,False
spare,뜻을 확인해야 함,명사,뜻을 확인해야 함,a 명사 related to 뜻을 확인해야 함,The spare is important.,spare(은) 는 중요하다.,학습,초등학교 6 학년 과학,,,"cartoon style, laboratory, science experiment, illustrate: The spare is important., safe for children, clear and simple","8 second video, cartoon style: 0-2s introduce scene, 2-6s show action from 'The spare is important.', 6-8s conclusion, safe for children, smooth animation",False,pending,success,0,,False
aquarium,뜻을 확인해야 함,명사,뜻을 확인해야 함,a 명사 related to 뜻을 확인해야 함,The aquarium is important.,aquarium(은) 는 중요하다.,관심사,음악,,,"cartoon style, musical instruments, stage, illustrate: The aquarium is important., safe for children, clear and simple","8 second video, cartoon style: 0-2s introduce scene, 2-6s show action from 'The aquarium is important.', 6-8s conclusion, safe for children, smooth animation",False,pending,success,0,,False
applaud,뜻을 확인해야 함,명사,뜻을 확인해야 함,a 명사 related to 뜻을 확인해야 함,The applaud is important.,applaud(은) 는 중요하다.,학습,초등학교 6 학년 사회,,,"cartoon style, classroom, social studies, illustrate: The applaud is important., safe for children, clear and simple","8 second video, cartoon style: 0-2s introduce scene, 2-6s show action from 'The applaud is important.', 6-8s conclusion, safe for children, smooth animation",False,pending,success,0,,False
insurance,뜻을 확인해야 함,명사,뜻을 확인해야 함,a 명사 related to 뜻을 확인해야 함,The insurance is important.,insurance(은) 는 중요하다.,관심사,스포츠,,,"cartoon style, sports field, active pose, illustrate: The insurance is important., safe for children, clear and simple","8 second video, cartoon style: 0-2s introduce scene, 2-6s show action from 'The insurance is important.', 6-8s conclusion, safe for children, smooth animation",False,pending,success,0,,False
return,뜻을 확인해야 함,명사,뜻을 확인해야 함,a 명사 related to 뜻을 확인해야 함,The return is important.,return(은) 는 중요하다.,학습,초등학교 6 학년 과학,,,"cartoon style, laboratory, science experiment, illustrate: The return is important., safe for children, clear and simple","8 second video, cartoon style: 0-2s introduce scene, 2-6s show action from 'The return is important.', 6-8s conclusion, safe for children, smooth animation",False,pending,success,0,,False
career,뜻을 확인해야 함,명사,뜻을 확인해야 함,a 명사 related to 뜻을 확인해야 함,The career is important.,career(은) 는 중요하다.,관심사,게임,,,"cartoon style, bright colors, game scene, illustrate: The career is important., safe for children, clear and simple","8 second video, cartoon style: 0-2s introduce scene, 2-6s show action from 'The career is important.', 6-8s conclusion, safe for children, smooth animation",False,pending,success,0,,False
skill,뜻을 확인해야 함,명사,뜻을 확인해야 함,a 명사 related to 뜻을 확인해야 함,The skill is important.,skill(은) 는 중요하다.,학습,초등학교 6 학년 사회,,,"cartoon style, classroom, social studies, illustrate: The skill is important., safe for children, clear and simple","8 second video, cartoon style: 0-2s introduce scene, 2-6s show action from 'The skill is important.', 6-8s conclusion, safe for children, smooth animation",False,pending,success,0,,False
task,뜻을 확인해야 함,명사,뜻을 확인해야 함,a 명사 related to 뜻을 확인해야 함,The task is important.,task(은) 는 중요하다.,관심사,코딩,,,"cartoon style, computer screen, coding interface, illustrate: The task is important., safe for children, clear and simple","8 second video, cartoon style: 0-2s introduce scene, 2-6s show action from 'The task is important.', 6-8s conclusion, safe for children, smooth animation",False,pending,success,0,,False
tend,뜻을 확인해야 함,명사,뜻을 확인해야 함,a 명사 related to 뜻을 확인해야 함,The tend is important.,tend(은) 는 중요하다.,학습,초등학교 6 학년 과학,,,"cartoon style, laboratory, science experiment, illustrate: The tend is important., safe for children, clear and simple","8 second video, cartoon style: 0-2s introduce scene, 2-6s show action from 'The tend is important.', 6-8s conclusion, safe for children, smooth animation",False,pending,success,0,,False
position,뜻을 확인해야 함,명사,뜻을 확인해야 함,a 명사 related to 뜻을 확인해야 함,The position is important.,position(은) 는 중요하다.,관심사,인공지능,,,"cartoon style, robot, futuristic, illustrate: The position is important., safe for children, clear and simple","8 second video, cartoon style: 0-2s introduce scene, 2-6s show action from 'The position is important.', 6-8s conclusion, safe for children, smooth animation",False,pending,success,0,,False
hire,뜻을 확인해야 함,명사,뜻을 확인해야 함,a 명사 related to 뜻을 확인해야 함,The hire is important.,hire(은) 는 중요하다.,학습,초등학교 6 학년 사회,,,"cartoon style, classroom, social studies, illustrate: The hire is important., safe for children, clear and simple","8 second video, cartoon style: 0-2s introduce scene, 2-6s show action from 'The hire is important.', 6-8s conclusion, safe for children, smooth animation",False,pending,success,0,,False
quit,뜻을 확인해야 함,명사,뜻을 확인해야 함,a 명사 related to 뜻을 확인해야 함,The quit is important.,quit(은) 는 중요하다.,관심사,소설 쓰기,,,"cartoon style, writing desk, notebook, illustrate: The quit is important., safe for children, clear and simple","8 second video, cartoon style: 0-2s introduce scene, 2-6s show action from 'The quit is important.', 6-8s conclusion, safe for children, smooth animation",False,pending,success,0,,False
proud,뜻을 확인해야 함,명사,뜻을 확인해야 함,a 명사 related to 뜻을 확인해야 함,The proud is important.,proud(은) 는 중요하다.,학습,초등학교 6 학년 과학,,,"cartoon style, laboratory, science experiment, illustrate: The proud is important., safe for children, clear and simple","8 second video, cartoon style: 0-2s introduce scene, 2-6s show action from 'The proud is important.', 6-8s conclusion, safe for children, smooth animation",False,pending,success,0,,False
labor,뜻을 확인해야 함,명사,뜻을 확인해야 함,a 명사 related to 뜻을 확인해야 함,The labor is important.,labor(은) 는 중요하다.,관심사,음악,,,"cartoon style, musical instruments, stage, illustrate: The labor is important., safe for children, clear and simple","8 second video, cartoon style: 0-2s introduce scene, 2-6s show action from 'The labor is important.', 6-8s conclusion, safe for children, smooth animation",False,pending,success,0,,False
label,뜻을 확인해야 함,명사,뜻을 확인해야 함,a 명사 related to 뜻을 확인해야 함,The label is important.,label(은) 는 중요하다.,학습,초등학교 6 학년 사회,,,"cartoon style, classroom, social studies, illustrate: The label is important., safe for children, clear and simple","8 second video, cartoon style: 0-2s introduce scene, 2-6s show action from 'The label is important.', 6-8s conclusion, safe for children, smooth animation",False,pending,success,0,,False
familiar,뜻을 확인해야 함,명사,뜻을 확인해야 함,a 명사 related to 뜻을 확인해야 함,The familiar is important.,familiar(은) 는 중요하다.,관심사,스포츠,,,"cartoon style, sports field, active pose, illustrate: The familiar is important., safe for children, clear and simple","8 second video, cartoon style: 0-2s introduce scene, 2-6s show action from 'The familiar is important.', 6-8s conclusion, safe for children, smooth animation",False,pending,success,0,,False
spread,뜻을 확인해야 함,명사,뜻을 확인해야 함,a 명사 related to 뜻을 확인해야 함,The spread is important.,spread(은) 는 중요하다.,학습,초등학교 6 학년 과학,,,"cartoon style, laboratory, science experiment, illustrate: The spread is important., safe for children, clear and simple","8 second video, cartoon style: 0-2s introduce scene, 2-6s show action from 'The spread is important.', 6-8s conclusion, safe for children, smooth animation",False,pending,success,0,,False
divide,뜻을 확인해야 함,명사,뜻을 확인해야 함,a 명사 related to 뜻을 확인해야 함,The divide is important.,divide(은) 는 중요하다.,관심사,게임,,,"cartoon style, bright colors, game scene, illustrate: The divide is important., safe for children, clear and simple","8 second video, cartoon style: 0-2s introduce scene, 2-6s show action from 'The divide is important.', 6-8s conclusion, safe for children, smooth animation",False,pending,success,0,,False
retire,뜻을 확인해야 함,명사,뜻을 확인해야 함,a 명사 related to 뜻을 확인해야 함,The retire is important.,retire(은) 는 중요하다.,학습,초등학교 6 학년 사회,,,"cartoon style, classroom, social studies, illustrate: The retire is important., safe for children, clear and simple","8 second video, cartoon style: 0-2s introduce scene, 2-6s show action from 'The retire is important.', 6-8s conclusion, safe for children, smooth animation",False,pending,success,0,,False
vision,뜻을 확인해야 함,명사,뜻을 확인해야 함,a 명사 related to 뜻을 확인해야 함,The vision is important.,vision(은) 는 중요하다.,관심사,코딩,,,"cartoon style, computer screen, coding interface, illustrate: The vision is important., safe for children, clear and simple","8 second video, cartoon style: 0-2s introduce scene, 2-6s show action from 'The vision is important.', 6-8s conclusion, safe for children, smooth animation",False,pending,success,0,,False
obstacle,뜻을 확인해야 함,명사,뜻을 확인해야 함,a 명사 related to 뜻을 확인해야 함,The obstacle is important.,obstacle(은) 는 중요하다.,학습,초등학교 6 학년 과학,,,"cartoon style, laboratory, science experiment, illustrate: The obstacle is important., safe for children, clear and simple","8 second video, cartoon style: 0-2s introduce scene, 2-6s show action from 'The obstacle is important.', 6-8s conclusion, safe for children, smooth animation",False,pending,success,0,,False
contrary,뜻을 확인해야 함,명사,뜻을 확인해야 함,a 명사 related to 뜻을 확인해야 함,The contrary is important.,contrary(은) 는 중요하다.,관심사,인공지능,,,"cartoon style, robot, futuristic, illustrate: The contrary is important., safe for children, clear and simple","8 second video, cartoon style: 0-2s introduce scene, 2-6s show action from 'The contrary is important.', 6-8s conclusion, safe for children, smooth animation",False,pending,success,0,,False
arrange,뜻을 확인해야 함,명사,뜻을 확인해야 함,a 명사 related to 뜻을 확인해야 함,The arrange is important.,arrange(은) 는 중요하다.,학습,초등학교 6 학년 사회,,,"cartoon style, classroom, social studies, illustrate: The arrange is important., safe for children, clear and simple","8 second video, cartoon style: 0-2s introduce scene, 2-6s show action from 'The arrange is important.', 6-8s conclusion, safe for children, smooth animation",False,pending,success,0,,False
attempt,뜻을 확인해야 함,명사,뜻을 확인해야 함,a 명사 related to 뜻을 확인해야 함,The attempt is important.,attempt(은) 는 중요하다.,관심사,소설 쓰기,,,"cartoon style, writing desk, notebook, illustrate: The attempt is important., safe for children, clear and simple","8 second video, cartoon style: 0-2s introduce scene, 2-6s show action from 'The attempt is important.', 6-8s conclusion, safe for children, smooth animation",False,pending,success,0,,False
board,뜻을 확인해야 함,명사,뜻을 확인해야 함,a 명사 related to 뜻을 확인해야 함,The board is important.,board(은) 는 중요하다.,학습,초등학교 6 학년 과학,,,"cartoon style, laboratory, science experiment, illustrate: The board is important., safe for children, clear and simple","8 second video, cartoon style: 0-2s introduce scene, 2-6s show action from 'The board is important.', 6-8s conclusion, safe for children, smooth animation",False,pending,success,0,,False
presentation,뜻을 확인해야 함,명사,뜻을 확인해야 함,a 명사 related to 뜻을 확인해야 함,The presentation is important.,presentation(은) 는 중요하다.,관심사,음악,,,"cartoon style, musical instruments, stage, illustrate: The presentation is important., safe for children, clear and simple","8 second video, cartoon style: 0-2s introduce scene, 2-6s show action from 'The presentation is important.', 6-8s conclusion, safe for children, smooth animation",False,pending,success,0,,False
accomplish,뜻을 확인해야 함,명사,뜻을 확인해야 함,a 명사 related to 뜻을 확인해야 함,The accomplish is important.,accomplish(은) 는 중요하다.,학습,초등학교 6 학년 사회,,,"cartoon style, classroom, social studies, illustrate: The accomplish is important., safe for children, clear and simple","8 second video, cartoon style: 0-2s introduce scene, 2-6s show action from 'The accomplish is important.', 6-8s conclusion, safe for children, smooth animation",False,pending,success,0,,False
convince,뜻을 확인해야 함,명사,뜻을 확인해야 함,a 명사 related to 뜻을 확인해야 함,The convince is important.,convince(은) 는 중요하다.,관심사,스포츠,,,"cartoon style, sports field, active pose, illustrate: The convince is important., safe for children, clear and simple","8 second video, cartoon style: 0-2s introduce scene, 2-6s show action from 'The convince is important.', 6-8s conclusion, safe for children, smooth animation",False,pending,success,0,,False
audience,뜻을 확인해야 함,명사,뜻을 확인해야 함,a 명사 related to 뜻을 확인해야 함,The audience is important.,audience(은) 는 중요하다.,학습,초등학교 6 학년 과학,,,"cartoon style, laboratory, science experiment, illustrate: The audience is important., safe for children, clear and simple","8 second video, cartoon style: 0-2s introduce scene, 2-6s show action from 'The audience is important.', 6-8s conclusion, safe for children, smooth animation",False,pending,success,0,,False
wage,뜻을 확인해야 함,명사,뜻을 확인해야 함,a 명사 related to 뜻을 확인해야 함,The wage is important.,wage(은) 는 중요하다.,관심사,게임,,,"cartoon style, bright colors, game scene, illustrate: The wage is important., safe for children, clear and simple","8 second video, cartoon style: 0-2s introduce scene, 2-6s show action from 'The wage is important.', 6-8s conclusion, safe for children, smooth animation",False,pending,success,0,,False
previous,뜻을 확인해야 함,명사,뜻을 확인해야 함,a 명사 related to 뜻을 확인해야 함,The previous is important.,previous(은) 는 중요하다.,학습,초등학교 6 학년 사회,,,"cartoon style, classroom, social studies, illustrate: The previous is important., safe for children, clear and simple","8 second video, cartoon style: 0-2s introduce scene, 2-6s show action from 'The previous is important.', 6-8s conclusion, safe for children, smooth animation",False,pending,success,0,,False
spend,뜻을 확인해야 함,명사,뜻을 확인해야 함,a 명사 related to 뜻을 확인해야 함,The spend is important.,spend(은) 는 중요하다.,관심사,코딩,,,"cartoon style, computer screen, coding interface, illustrate: The spend is important., safe for children, clear and simple","8 second video, cartoon style: 0-2s introduce scene, 2-6s show action from 'The spend is important.', 6-8s conclusion, safe for children, smooth animation",False,pending,success,0,,False
distinguish,뜻을 확인해야 함,명사,뜻을 확인해야 함,a 명사 related to 뜻을 확인해야 함,The distinguish is important.,distinguish(은) 는 중요하다.,학습,초등학교 6 학년 과학,,,"cartoon style, laboratory, science experiment, illustrate: The distinguish is important., safe for children, clear and simple","8 second video, cartoon style: 0-2s introduce scene, 2-6s show action from 'The distinguish is important.', 6-8s conclusion, safe for children, smooth animation",False,pending,success,0,,False
former,뜻을 확인해야 함,명사,뜻을 확인해야 함,a 명사 related to 뜻을 확인해야 함,The former is important.,former(은) 는 중요하다.,관심사,인공지능,,,"cartoon style, robot, futuristic, illustrate: The former is important., safe for children, clear and simple","8 second video, cartoon style: 0-2s introduce scene, 2-6s show action from 'The former is important.', 6-8s conclusion, safe for children, smooth animation",False,pending,success,0,,False
formal,뜻을 확인해야 함,명사,뜻을 확인해야 함,a 명사 related to 뜻을 확인해야 함,The formal is important.,formal(은) 는 중요하다.,학습,초등학교 6 학년 사회,,,"cartoon style, classroom, social studies, illustrate: The formal is important., safe for children, clear and simple","8 second video, cartoon style: 0-2s introduce scene, 2-6s show action from 'The formal is important.', 6-8s conclusion, safe for children, smooth animation",False,pending,success,0,,False
envious,뜻을 확인해야 함,명사,뜻을 확인해야 함,a 명사 related to 뜻을 확인해야 함,The envious is important.,envious(은) 는 중요하다.,관심사,소설 쓰기,,,"cartoon style, writing desk, notebook, illustrate: The envious is important., safe for children, clear and simple","8 second video, cartoon style: 0-2s introduce scene, 2-6s show action from 'The envious is important.', 6-8s conclusion, safe for children, smooth animation",False,pending,success,0,,False
vice,뜻을 확인해야 함,명사,뜻을 확인해야 함,a 명사 related to 뜻을 확인해야 함,The vice is important.,vice(은) 는 중요하다.,학습,초등학교 6 학년 과학,,,"cartoon style, laboratory, science experiment, illustrate: The vice is important., safe for children, clear and simple","8 second video, cartoon style: 0-2s introduce scene, 2-6s show action from 'The vice is important.', 6-8s conclusion, safe for children, smooth animation",False,pending,success,0,,False
architect,뜻을 확인해야 함,명사,뜻을 확인해야 함,a 명사 related to 뜻을 확인해야 함,The architect is important.,architect(은) 는 중요하다.,관심사,음악,,,"cartoon style, musical instruments, stage, illustrate: The architect is important., safe for children, clear and simple","8 second video, cartoon style: 0-2s introduce scene, 2-6s show action from 'The architect is important.', 6-8s conclusion, safe for children, smooth animation",False,pending,success,0,,False
relevant,뜻을 확인해야 함,명사,뜻을 확인해야 함,a 명사 related to 뜻을 확인해야 함,The relevant is important.,relevant(은) 는 중요하다.,학습,초등학교 6 학년 사회,,,"cartoon style, classroom, social studies, illustrate: The relevant is important., safe for children, clear and simple","8 second video, cartoon style: 0-2s introduce scene, 2-6s show action from 'The relevant is important.', 6-8s conclusion, safe for children, smooth animation",False,pending,success,0,,False
enthusiasm,뜻을 확인해야 함,명사,뜻을 확인해야 함,a 명사 related to 뜻을 확인해야 함,The enthusiasm is important.,enthusiasm(은) 는 중요하다.,관심사,스포츠,,,"cartoon style, sports field, active pose, illustrate: The enthusiasm is important., safe for children, clear and simple","8 second video, cartoon style: 0-2s introduce scene, 2-6s show action from 'The enthusiasm is important.', 6-8s conclusion, safe for children, smooth animation",False,pending,success,0,,False
desirable,뜻을 확인해야 함,명사,뜻을 확인해야 함,a 명사 related to 뜻을 확인해야 함,The desirable is important.,desirable(은) 는 중요하다.,학습,초등학교 6 학년 과학,,,"cartoon style, laboratory, science experiment, illustrate: The desirable is important., safe for children, clear and simple","8 second video, cartoon style: 0-2s introduce scene, 2-6s show action from 'The desirable is important.', 6-8s conclusion, safe for children, smooth animation",False,pending,success,0,,False
dismiss,뜻을 확인해야 함,명사,뜻을 확인해야 함,a 명사 related to 뜻을 확인해야 함,The dismiss is important.,dismiss(은) 는 중요하다.,관심사,게임,,,"cartoon style, bright colors, game scene, illustrate: The dismiss is important., safe for children, clear and simple","8 second video, cartoon style: 0-2s introduce scene, 2-6s show action from 'The dismiss is important.', 6-8s conclusion, safe for children, smooth animation",False,pending,success,0,,False
competent,뜻을 확인해야 함,명사,뜻을 확인해야 함,a 명사 related to 뜻을 확인해야 함,The competent is important.,competent(은) 는 중요하다.,학습,초등학교 6 학년 사회,,,"cartoon style, classroom, social studies, illustrate: The competent is important., safe for children, clear and simple","8 second video, cartoon style: 0-2s introduce scene, 2-6s show action from 'The competent is important.', 6-8s conclusion, safe for children, smooth animation",False,pending,success,0,,False
memorize,뜻을 확인해야 함,명사,뜻을 확인해야 함,a 명사 related to 뜻을 확인해야 함,The memorize is important.,memorize(은) 는 중요하다.,관심사,코딩,,,"cartoon style, computer screen, coding interface, illustrate: The memorize is important., safe for children, clear and simple","8 second video, cartoon style: 0-2s introduce scene, 2-6s show action from 'The memorize is important.', 6-8s conclusion, safe for children, smooth animation",False,pending,success,0,,False
fix,뜻을 확인해야 함,명사,뜻을 확인해야 함,a 명사 related to 뜻을 확인해야 함,The fix is important.,fix(은) 는 중요하다.,학습,초등학교 6 학년 과학,,,"cartoon style, laboratory, science experiment, illustrate: The fix is important., safe for children, clear and simple","8 second video, cartoon style: 0-2s introduce scene, 2-6s show action from 'The fix is important.', 6-8s conclusion, safe for children, smooth animation",False,pending,success,0,,False
muscle,뜻을 확인해야 함,명사,뜻을 확인해야 함,a 명사 related to 뜻을 확인해야 함,The muscle is important.,muscle(은) 는 중요하다.,관심사,인공지능,,,"cartoon style, robot, futuristic, illustrate: The muscle is important., safe for children, clear and simple","8 second video, cartoon style: 0-2s introduce scene, 2-6s show action from 'The muscle is important.', 6-8s conclusion, safe for children, smooth animation",False,pending,success,0,,False
regular,뜻을 확인해야 함,명사,뜻을 확인해야 함,a 명사 related to 뜻을 확인해야 함,The regular is important.,regular(은) 는 중요하다.,학습,초등학교 6 학년 사회,,,"cartoon style, classroom, social studies, illustrate: The regular is important., safe for children, clear and simple","8 second video, cartoon style: 0-2s introduce scene, 2-6s show action from 'The regular is important.', 6-8s conclusion, safe for children, smooth animation",False,pending,success,0,,False
stretch,뜻을 확인해야 함,명사,뜻을 확인해야 함,a 명사 related to 뜻을 확인해야 함,The stretch is important.,stretch(은) 는 중요하다.,관심사,소설 쓰기,,,"cartoon style, writing desk, notebook, illustrate: The stretch is important., safe for children, clear and simple","8 second video, cartoon style: 0-2s introduce scene, 2-6s show action from 'The stretch is important.', 6-8s conclusion, safe for children, smooth animation",False,pending,success,0,,False
reduce,뜻을 확인해야 함,명사,뜻을 확인해야 함,a 명사 related to 뜻을 확인해야 함,The reduce is important.,reduce(은) 는 중요하다.,학습,초등학교 6 학년 과학,,,"cartoon style, laboratory, science experiment, illustrate: The reduce is important., safe for children, clear and simple","8 second video, cartoon style: 0-2s introduce scene, 2-6s show action from 'The reduce is important.', 6-8s conclusion, safe for children, smooth animation",False,pending,success,0,,False
opponent,뜻을 확인해야 함,명사,뜻을 확인해야 함,a 명사 related to 뜻을 확인해야 함,The opponent is important.,opponent(은) 는 중요하다.,관심사,음악,,,"cartoon style, musical instruments, stage, illustrate: The opponent is important., safe for children, clear and simple","8 second video, cartoon style: 0-2s introduce scene, 2-6s show action from 'The opponent is important.', 6-8s conclusion, safe for children, smooth animation",False,pending,success,0,,False
recommend,뜻을 확인해야 함,명사,뜻을 확인해야 함,a 명사 related to 뜻을 확인해야 함,The recommend is important.,recommend(은) 는 중요하다.,학습,초등학교 6 학년 사회,,,"cartoon style, classroom, social studies, illustrate: The recommend is important., safe for children, clear and simple","8 second video, cartoon style: 0-2s introduce scene, 2-6s show action from 'The recommend is important.', 6-8s conclusion, safe for children, smooth animation",False,pending,success,0,,False
warn,뜻을 확인해야 함,명사,뜻을 확인해야 함,a 명사 related to 뜻을 확인해야 함,The warn is important.,warn(은) 는 중요하다.,관심사,스포츠,,,"cartoon style, sports field, active pose, illustrate: The warn is important., safe for children, clear and simple","8 second video, cartoon style: 0-2s introduce scene, 2-6s show action from 'The warn is important.', 6-8s conclusion, safe for children, smooth animation",False,pending,success,0,,False
cause,뜻을 확인해야 함,명사,뜻을 확인해야 함,a 명사 related to 뜻을 확인해야 함,The cause is important.,cause(은) 는 중요하다.,학습,초등학교 6 학년 과학,,,"cartoon style, laboratory, science experiment, illustrate: The cause is important., safe for children, clear and simple","8 second video, cartoon style: 0-2s introduce scene, 2-6s show action from 'The cause is important.', 6-8s conclusion, safe for children, smooth animation",False,pending,success,0,,False
lose,뜻을 확인해야 함,명사,뜻을 확인해야 함,a 명사 related to 뜻을 확인해야 함,The lose is important.,lose(은) 는 중요하다.,관심사,게임,,,"cartoon style, bright colors, game scene, illustrate: The lose is important., safe for children, clear and simple","8 second video, cartoon style: 0-2s introduce scene, 2-6s show action from 'The lose is important.', 6-8s conclusion, safe for children, smooth animation",False,pending,success,0,,False
loose,뜻을 확인해야 함,명사,뜻을 확인해야 함,a 명사 related to 뜻을 확인해야 함,The loose is important.,loose(은) 는 중요하다.,학습,초등학교 6 학년 사회,,,"cartoon style, classroom, social studies, illustrate: The loose is important., safe for children, clear and simple","8 second video, cartoon style: 0-2s introduce scene, 2-6s show action from 'The loose is important.', 6-8s conclusion, safe for children, smooth animation",False,pending,success,0,,False
rather,뜻을 확인해야 함,명사,뜻을 확인해야 함,a 명사 related to 뜻을 확인해야 함,The rather is important.,rather(은) 는 중요하다.,관심사,코딩,,,"cartoon style, computer screen, coding interface, illustrate: The rather is important., safe for children, clear and simple","8 second video, cartoon style: 0-2s introduce scene, 2-6s show action from 'The rather is important.', 6-8s conclusion, safe for children, smooth animation",False,pending,success,0,,False
straight,뜻을 확인해야 함,명사,뜻을 확인해야 함,a 명사 related to 뜻을 확인해야 함,The straight is important.,straight(은) 는 중요하다.,학습,초등학교 6 학년 과학,,,"cartoon style, laboratory, science experiment, illustrate: The straight is important., safe for children, clear and simple","8 second video, cartoon style: 0-2s introduce scene, 2-6s show action from 'The straight is important.', 6-8s conclusion, safe for children, smooth animation",False,pending,success,0,,False
meanwhile,뜻을 확인해야 함,명사,뜻을 확인해야 함,a 명사 related to 뜻을 확인해야 함,The meanwhile is important.,meanwhile(은) 는 중요하다.,관심사,인공지능,,,"cartoon style, robot, futuristic, illustrate: The meanwhile is important., safe for children, clear and simple","8 second video, cartoon style: 0-2s introduce scene, 2-6s show action from 'The meanwhile is important.', 6-8s conclusion, safe for children, smooth animation",False,pending,success,0,,False
continuous,뜻을 확인해야 함,명사,뜻을 확인해야 함,a 명사 related to 뜻을 확인해야 함,The continuous is important.,continuous(은) 는 중요하다.,학습,초등학교 6 학년 사회,,,"cartoon style, classroom, social studies, illustrate: The continuous is important., safe for children, clear and simple","8 second video, cartoon style: 0-2s introduce scene, 2-6s show action from 'The continuous is important.', 6-8s conclusion, safe for children, smooth animation",False,pending,success,0,,False
ordinary,뜻을 확인해야 함,명사,뜻을 확인해야 함,a 명사 related to 뜻을 확인해야 함,The ordinary is important.,ordinary(은) 는 중요하다.,관심사,소설 쓰기,,,"cartoon style, writing desk, notebook, illustrate: The ordinary is important., safe for children, clear and simple","8 second video, cartoon style: 0-2s introduce scene, 2-6s show action from 'The ordinary is important.', 6-8s conclusion, safe for children, smooth animation",False,pending,success,0,,False
relationship,뜻을 확인해야 함,명사,뜻을 확인해야 함,a 명사 related to 뜻을 확인해야 함,The relationship is important.,relationship(은) 는 중요하다.,학습,초등학교 6 학년 과학,,,"cartoon style, laboratory, science experiment, illustrate: The relationship is important., safe for children, clear and simple","8 second video, cartoon style: 0-2s introduce scene, 2-6s show action from 'The relationship is important.', 6-8s conclusion, safe for children, smooth animation",False,pending,success,0,,False
throat,뜻을 확인해야 함,명사,뜻을 확인해야 함,a 명사 related to 뜻을 확인해야 함,The throat is important.,throat(은) 는 중요하다.,관심사,음악,,,"cartoon style, musical instruments, stage, illustrate: The throat is important., safe for children, clear and simple","8 second video, cartoon style: 0-2s introduce scene, 2-6s show action from 'The throat is important.', 6-8s conclusion, safe for children, smooth animation",False,pending,success,0,,False
encounter,뜻을 확인해야 함,명사,뜻을 확인해야 함,a 명사 related to 뜻을 확인해야 함,The encounter is important.,encounter(은) 는 중요하다.,학습,초등학교 6 학년 사회,,,"cartoon style, classroom, social studies, illustrate: The encounter is important., safe for children, clear and simple","8 second video, cartoon style: 0-2s introduce scene, 2-6s show action from 'The encounter is important.', 6-8s conclusion, safe for children, smooth animation",False,pending,success,0,,False
disturb,뜻을 확인해야 함,명사,뜻을 확인해야 함,a 명사 related to 뜻을 확인해야 함,The disturb is important.,disturb(은) 는 중요하다.,관심사,스포츠,,,"cartoon style, sports field, active pose, illustrate: The disturb is important., safe for children, clear and simple","8 second video, cartoon style: 0-2s introduce scene, 2-6s show action from 'The disturb is important.', 6-8s conclusion, safe for children, smooth animation",False,pending,success,0,,False
lead,뜻을 확인해야 함,명사,뜻을 확인해야 함,a 명사 related to 뜻을 확인해야 함,The lead is important.,lead(은) 는 중요하다.,학습,초등학교 6 학년 과학,,,"cartoon style, laboratory, science experiment, illustrate: The lead is important., safe for children, clear and simple","8 second video, cartoon style: 0-2s introduce scene, 2-6s show action from 'The lead is important.', 6-8s conclusion, safe for children, smooth animation",False,pending,success,0,,False
capable,뜻을 확인해야 함,명사,뜻을 확인해야 함,a 명사 related to 뜻을 확인해야 함,The capable is important.,capable(은) 는 중요하다.,관심사,게임,,,"cartoon style, bright colors, game scene, illustrate: The capable is important., safe for children, clear and simple","8 second video, cartoon style: 0-2s introduce scene, 2-6s show action from 'The capable is important.', 6-8s conclusion, safe for children, smooth animation",False,pending,success,0,,False
proper,뜻을 확인해야 함,명사,뜻을 확인해야 함,a 명사 related to 뜻을 확인해야 함,The proper is important.,proper(은) 는 중요하다.,학습,초등학교 6 학년 사회,,,"cartoon style, classroom, social studies, illustrate: The proper is important., safe for children, clear and simple","8 second video, cartoon style: 0-2s introduce scene, 2-6s show action from 'The proper is important.', 6-8s conclusion, safe for children, smooth animation",False,pending,success,0,,False
frequent,뜻을 확인해야 함,명사,뜻을 확인해야 함,a 명사 related to 뜻을 확인해야 함,The frequent is important.,frequent(은) 는 중요하다.,관심사,코딩,,,"cartoon style, computer screen, coding interface, illustrate: The frequent is important., safe for children, clear and simple","8 second video, cartoon style: 0-2s introduce scene, 2-6s show action from 'The frequent is important.', 6-8s conclusion, safe for children, smooth animation",False,pending,success,0,,False
symptom,뜻을 확인해야 함,명사,뜻을 확인해야 함,a 명사 related to 뜻을 확인해야 함,The symptom is important.,symptom(은) 는 중요하다.,학습,초등학교 6 학년 과학,,,"cartoon style, laboratory, science experiment, illustrate: The symptom is important., safe for children, clear and simple","8 second video, cartoon style: 0-2s introduce scene, 2-6s show action from 'The symptom is important.', 6-8s conclusion, safe for children, smooth animation",False,pending,success,0,,False
monitor,뜻을 확인해야 함,명사,뜻을 확인해야 함,a 명사 related to 뜻을 확인해야 함,The monitor is important.,monitor(은) 는 중요하다.,관심사,인공지능,,,"cartoon style, robot, futuristic, illustrate: The monitor is important., safe for children, clear and simple","8 second video, cartoon style: 0-2s introduce scene, 2-6s show action from 'The monitor is important.', 6-8s conclusion, safe for children, smooth animation",False,pending,success,0,,False
consume,뜻을 확인해야 함,명사,뜻을 확인해야 함,a 명사 related to 뜻을 확인해야 함,The consume is important.,consume(은) 는 중요하다.,학습,초등학교 6 학년 사회,,,"cartoon style, classroom, social studies, illustrate: The consume is important., safe for children, clear and simple","8 second video, cartoon style: 0-2s introduce scene, 2-6s show action from 'The consume is important.', 6-8s conclusion, safe for children, smooth animation",False,pending,success,0,,False
struggle,뜻을 확인해야 함,명사,뜻을 확인해야 함,a 명사 related to 뜻을 확인해야 함,The struggle is important.,struggle(은) 는 중요하다.,관심사,소설 쓰기,,,"cartoon style, writing desk, notebook, illustrate: The struggle is important., safe for children, clear and simple","8 second video, cartoon style: 0-2s introduce scene, 2-6s show action from 'The struggle is important.', 6-8s conclusion, safe for children, smooth animation",False,pending,success,0,,False
strengthen,뜻을 확인해야 함,명사,뜻을 확인해야 함,a 명사 related to 뜻을 확인해야 함,The strengthen is important.,strengthen(은) 는 중요하다.,학습,초등학교 6 학년 과학,,,"cartoon style, laboratory, science experiment, illustrate: The strengthen is important., safe for children, clear and simple","8 second video, cartoon style: 0-2s introduce scene, 2-6s show action from 'The strengthen is important.', 6-8s conclusion, safe for children, smooth animation",False,pending,success,0,,False
slide,뜻을 확인해야 함,명사,뜻을 확인해야 함,a 명사 related to 뜻을 확인해야 함,The slide is important.,slide(은) 는 중요하다.,관심사,음악,,,"cartoon style, musical instruments, stage, illustrate: The slide is important., safe for children, clear and simple","8 second video, cartoon style: 0-2s introduce scene, 2-6s show action from 'The slide is important.', 6-8s conclusion, safe for children, smooth animation",False,pending,success,0,,False
slice,뜻을 확인해야 함,명사,뜻을 확인해야 함,a 명사 related to 뜻을 확인해야 함,The slice is important.,slice(은) 는 중요하다.,학습,초등학교 6 학년 사회,,,"cartoon style, classroom, social studies, illustrate: The slice is important., safe for children, clear and simple","8 second video, cartoon style: 0-2s introduce scene, 2-6s show action from 'The slice is important.', 6-8s conclusion, safe for children, smooth animation",False,pending,success,0,,False
sufficient,뜻을 확인해야 함,명사,뜻을 확인해야 함,a 명사 related to 뜻을 확인해야 함,The sufficient is important.,sufficient(은) 는 중요하다.,관심사,스포츠,,,"cartoon style, sports field, active pose, illustrate: The sufficient is important., safe for children, clear and simple","8 second video, cartoon style: 0-2s introduce scene, 2-6s show action from 'The sufficient is important.', 6-8s conclusion, safe for children, smooth animation",False,pending,success,0,,False
fulfill,뜻을 확인해야 함,명사,뜻을 확인해야 함,a 명사 related to 뜻을 확인해야 함,The fulfill is important.,fulfill(은) 는 중요하다.,학습,초등학교 6 학년 과학,,,"cartoon style, laboratory, science experiment, illustrate: The fulfill is important., safe for children, clear and simple","8 second video, cartoon style: 0-2s introduce scene, 2-6s show action from 'The fulfill is important.', 6-8s conclusion, safe for children, smooth animation",False,pending,success,0,,False
suggest,뜻을 확인해야 함,명사,뜻을 확인해야 함,a 명사 related to 뜻을 확인해야 함,The suggest is important.,suggest(은) 는 중요하다.,관심사,게임,,,"cartoon style, bright colors, game scene, illustrate: The suggest is important., safe for children, clear and simple","8 second video, cartoon style: 0-2s introduce scene, 2-6s show action from 'The suggest is important.', 6-8s conclusion, safe for children, smooth animation",False,pending,success,0,,False
fatigue,뜻을 확인해야 함,명사,뜻을 확인해야 함,a 명사 related to 뜻을 확인해야 함,The fatigue is important.,fatigue(은) 는 중요하다.,학습,초등학교 6 학년 사회,,,"cartoon style, classroom, social studies, illustrate: The fatigue is important., safe for children, clear and simple","8 second video, cartoon style: 0-2s introduce scene, 2-6s show action from 'The fatigue is important.', 6-8s conclusion, safe for children, smooth animation",False,pending,success,0,,False
intake,뜻을 확인해야 함,명사,뜻을 확인해야 함,a 명사 related to 뜻을 확인해야 함,The intake is important.,intake(은) 는 중요하다.,관심사,코딩,,,"cartoon style, computer screen, coding interface, illustrate: The intake is important., safe for children, clear and simple","8 second video, cartoon style: 0-2s introduce scene, 2-6s show action from 'The intake is important.', 6-8s conclusion, safe for children, smooth animation",False,pending,success,0,,False
pace,뜻을 확인해야 함,명사,뜻을 확인해야 함,a 명사 related to 뜻을 확인해야 함,The pace is important.,pace(은) 는 중요하다.,학습,초등학교 6 학년 과학,,,"cartoon style, laboratory, science experiment, illustrate: The pace is important., safe for children, clear and simple","8 second video, cartoon style: 0-2s introduce scene, 2-6s show action from 'The pace is important.', 6-8s conclusion, safe for children, smooth animation",False,pending,success,0,,False
disorder,뜻을 확인해야 함,명사,뜻을 확인해야 함,a 명사 related to 뜻을 확인해야 함,The disorder is important.,disorder(은) 는 중요하다.,관심사,인공지능,,,"cartoon style, robot, futuristic, illustrate: The disorder is important., safe for children, clear and simple","8 second video, cartoon style: 0-2s introduce scene, 2-6s show action from 'The disorder is important.', 6-8s conclusion, safe for children, smooth animation",False,pending,success,0,,False
flexible,뜻을 확인해야 함,명사,뜻을 확인해야 함,a 명사 related to 뜻을 확인해야 함,The flexible is important.,flexible(은) 는 중요하다.,학습,초등학교 6 학년 사회,,,"cartoon style, classroom, social studies, illustrate: The flexible is important., safe for children, clear and simple","8 second video, cartoon style: 0-2s introduce scene, 2-6s show action from 'The flexible is important.', 6-8s conclusion, safe for children, smooth animation",False,pending,success,0,,False
supplement,뜻을 확인해야 함,명사,뜻을 확인해야 함,a 명사 related to 뜻을 확인해야 함,The supplement is important.,supplement(은) 는 중요하다.,관심사,소설 쓰기,,,"cartoon style, writing desk, notebook, illustrate: The supplement is important., safe for children, clear and simple","8 second video, cartoon style: 0-2s introduce scene, 2-6s show action from 'The supplement is important.', 6-8s conclusion, safe for children, smooth animation",False,pending,success,0,,False
physical,뜻을 확인해야 함,명사,뜻을 확인해야 함,a 명사 related to 뜻을 확인해야 함,The physical is important.,physical(은) 는 중요하다.,학습,초등학교 6 학년 과학,,,"cartoon style, laboratory, science experiment, illustrate: The physical is important., safe for children, clear and simple","8 second video, cartoon style: 0-2s introduce scene, 2-6s show action from 'The physical is important.', 6-8s conclusion, safe for children, smooth animation",False,pending,success,0,,False
relax,뜻을 확인해야 함,명사,뜻을 확인해야 함,a 명사 related to 뜻을 확인해야 함,The relax is important.,relax(은) 는 중요하다.,관심사,음악,,,"cartoon style, musical instruments, stage, illustrate: The relax is important., safe for children, clear and simple","8 second video, cartoon style: 0-2s introduce scene, 2-6s show action from 'The relax is important.', 6-8s conclusion, safe for children, smooth animation",False,pending,success,0,,False
grateful,뜻을 확인해야 함,명사,뜻을 확인해야 함,a 명사 related to 뜻을 확인해야 함,The grateful is important.,grateful(은) 는 중요하다.,학습,초등학교 6 학년 사회,,,"cartoon style, classroom, social studies, illustrate: The grateful is important., safe for children, clear and simple","8 second video, cartoon style: 0-2s introduce scene, 2-6s show action from 'The grateful is important.', 6-8s conclusion, safe for children, smooth animation",False,pending,success,0,,False
complain,뜻을 확인해야 함,명사,뜻을 확인해야 함,a 명사 related to 뜻을 확인해야 함,The complain is important.,complain(은) 는 중요하다.,관심사,스포츠,,,"cartoon style, sports field, active pose, illustrate: The complain is important., safe for children, clear and simple","8 second video, cartoon style: 0-2s introduce scene, 2-6s show action from 'The complain is important.', 6-8s conclusion, safe for children, smooth animation",False,pending,success,0,,False
delighted,뜻을 확인해야 함,명사,뜻을 확인해야 함,a 명사 related to 뜻을 확인해야 함,The delighted is important.,delighted(은) 는 중요하다.,학습,초등학교 6 학년 과학,,,"cartoon style, laboratory, science experiment, illustrate: The delighted is important., safe for children, clear and simple","8 second video, cartoon style: 0-2s introduce scene, 2-6s show action from 'The delighted is important.', 6-8s conclusion, safe for children, smooth animation",False,pending,success,0,,False
express,뜻을 확인해야 함,명사,뜻을 확인해야 함,a 명사 related to 뜻을 확인해야 함,The express is important.,express(은) 는 중요하다.,관심사,게임,,,"cartoon style, bright colors, game scene, illustrate: The express is important., safe for children, clear and simple","8 second video, cartoon style: 0-2s introduce scene, 2-6s show action from 'The express is important.', 6-8s conclusion, safe for children, smooth animation",False,pending,success,0,,False
reward,뜻을 확인해야 함,명사,뜻을 확인해야 함,a 명사 related to 뜻을 확인해야 함,The reward is important.,reward(은) 는 중요하다.,학습,초등학교 6 학년 사회,,,"cartoon style, classroom, social studies, illustrate: The reward is important., safe for children, clear and simple","8 second video, cartoon style: 0-2s introduce scene, 2-6s show action from 'The reward is important.', 6-8s conclusion, safe for children, smooth animation",False,pending,success,0,,False
frustrated,뜻을 확인해야 함,명사,뜻을 확인해야 함,a 명사 related to 뜻을 확인해야 함,The frustrated is important.,frustrated(은) 는 중요하다.,관심사,코딩,,,"cartoon style, computer screen, coding interface, illustrate: The frustrated is important., safe for children, clear and simple","8 second video, cartoon style: 0-2s introduce scene, 2-6s show action from 'The frustrated is important.', 6-8s conclusion, safe for children, smooth animation",False,pending,success,0,,False
recognize,뜻을 확인해야 함,명사,뜻을 확인해야 함,a 명사 related to 뜻을 확인해야 함,The recognize is important.,recognize(은) 는 중요하다.,학습,초등학교 6 학년 과학,,,"cartoon style, laboratory, science experiment, illustrate: The recognize is important., safe for children, clear and simple","8 second video, cartoon style: 0-2s introduce scene, 2-6s show action from 'The recognize is important.', 6-8s conclusion, safe for children, smooth animation",False,pending,success,0,,False
temper,뜻을 확인해야 함,명사,뜻을 확인해야 함,a 명사 related to 뜻을 확인해야 함,The temper is important.,temper(은) 는 중요하다.,관심사,인공지능,,,"cartoon style, robot, futuristic, illustrate: The temper is important., safe for children, clear and simple","8 second video, cartoon style: 0-2s introduce scene, 2-6s show action from 'The temper is important.', 6-8s conclusion, safe for children, smooth animation",False,pending,success,0,,False
temple,뜻을 확인해야 함,명사,뜻을 확인해야 함,a 명사 related to 뜻을 확인해야 함,The temple is important.,temple(은) 는 중요하다.,학습,초등학교 6 학년 사회,,,"cartoon style, classroom, social studies, illustrate: The temple is important., safe for children, clear and simple","8 second video, cartoon style: 0-2s introduce scene, 2-6s show action from 'The temple is important.', 6-8s conclusion, safe for children, smooth animation",False,pending,success,0,,False
object,뜻을 확인해야 함,명사,뜻을 확인해야 함,a 명사 related to 뜻을 확인해야 함,The object is important.,object(은) 는 중요하다.,관심사,소설 쓰기,,,"cartoon style, writing desk, notebook, illustrate: The object is important., safe for children, clear and simple","8 second video, cartoon style: 0-2s introduce scene, 2-6s show action from 'The object is important.', 6-8s conclusion, safe for children, smooth animation",False,pending,success,0,,False
disappointed,뜻을 확인해야 함,명사,뜻을 확인해야 함,a 명사 related to 뜻을 확인해야 함,The disappointed is important.,disappointed(은) 는 중요하다.,학습,초등학교 6 학년 과학,,,"cartoon style, laboratory, science experiment, illustrate: The disappointed is important., safe for children, clear and simple","8 second video, cartoon style: 0-2s introduce scene, 2-6s show action from 'The disappointed is important.', 6-8s conclusion, safe for children, smooth animation",False,pending,success,0,,False
anxious,뜻을 확인해야 함,명사,뜻을 확인해야 함,a 명사 related to 뜻을 확인해야 함,The anxious is important.,anxious(은) 는 중요하다.,관심사,음악,,,"cartoon style, musical instruments, stage, illustrate: The anxious is important., safe for children, clear and simple","8 second video, cartoon style: 0-2s introduce scene, 2-6s show action from 'The anxious is important.', 6-8s conclusion, safe for children, smooth animation",False,pending,success,0,,False
insist,뜻을 확인해야 함,명사,뜻을 확인해야 함,a 명사 related to 뜻을 확인해야 함,The insist is important.,insist(은) 는 중요하다.,학습,초등학교 6 학년 사회,,,"cartoon style, classroom, social studies, illustrate: The insist is important., safe for children, clear and simple","8 second video, cartoon style: 0-2s introduce scene, 2-6s show action from 'The insist is important.', 6-8s conclusion, safe for children, smooth animation",False,pending,success,0,,False
sudden,뜻을 확인해야 함,명사,뜻을 확인해야 함,a 명사 related to 뜻을 확인해야 함,The sudden is important.,sudden(은) 는 중요하다.,관심사,스포츠,,,"cartoon style, sports field, active pose, illustrate: The sudden is important., safe for children, clear and simple","8 second video, cartoon style: 0-2s introduce scene, 2-6s show action from 'The sudden is important.', 6-8s conclusion, safe for children, smooth animation",False,pending,success,0,,False
immediate,뜻을 확인해야 함,명사,뜻을 확인해야 함,a 명사 related to 뜻을 확인해야 함,The immediate is important.,immediate(은) 는 중요하다.,학습,초등학교 6 학년 과학,,,"cartoon style, laboratory, science experiment, illustrate: The immediate is important., safe for children, clear and simple","8 second video, cartoon style: 0-2s introduce scene, 2-6s show action from 'The immediate is important.', 6-8s conclusion, safe for children, smooth animation",False,pending,success,0,,False
appreciate,뜻을 확인해야 함,명사,뜻을 확인해야 함,a 명사 related to 뜻을 확인해야 함,The appreciate is important.,appreciate(은) 는 중요하다.,관심사,게임,,,"cartoon style, bright colors, game scene, illustrate: The appreciate is important., safe for children, clear and simple","8 second video, cartoon style: 0-2s introduce scene, 2-6s show action from 'The appreciate is important.', 6-8s conclusion, safe for children, smooth animation",False,pending,success,0,,False
pale,뜻을 확인해야 함,명사,뜻을 확인해야 함,a 명사 related to 뜻을 확인해야 함,The pale is important.,pale(은) 는 중요하다.,학습,초등학교 6 학년 사회,,,"cartoon style, classroom, social studies, illustrate: The pale is important., safe for children, clear and simple","8 second video, cartoon style: 0-2s introduce scene, 2-6s show action from 'The pale is important.', 6-8s conclusion, safe for children, smooth animation",False,pending,success,0,,False
purpose,뜻을 확인해야 함,명사,뜻을 확인해야 함,a 명사 related to 뜻을 확인해야 함,The purpose is important.,purpose(은) 는 중요하다.,관심사,코딩,,,"cartoon style, computer screen, coding interface, illustrate: The purpose is important., safe for children, clear and simple","8 second video, cartoon style: 0-2s introduce scene, 2-6s show action from 'The purpose is important.', 6-8s conclusion, safe for children, smooth animation",False,pending,success,0,,False
race,뜻을 확인해야 함,명사,뜻을 확인해야 함,a 명사 related to 뜻을 확인해야 함,The race is important.,race(은) 는 중요하다.,학습,초등학교 6 학년 과학,,,"cartoon style, laboratory, science experiment, illustrate: The race is important., safe for children, clear and simple","8 second video, cartoon style: 0-2s introduce scene, 2-6s show action from 'The race is important.', 6-8s conclusion, safe for children, smooth animation",False,pending,success,0,,False
discouraged,뜻을 확인해야 함,명사,뜻을 확인해야 함,a 명사 related to 뜻을 확인해야 함,The discouraged is important.,discouraged(은) 는 중요하다.,관심사,인공지능,,,"cartoon style, robot, futuristic, illustrate: The discouraged is important., safe for children, clear and simple","8 second video, cartoon style: 0-2s introduce scene, 2-6s show action from 'The discouraged is important.', 6-8s conclusion, safe for children, smooth animation",False,pending,success,0,,False
stare,뜻을 확인해야 함,명사,뜻을 확인해야 함,a 명사 related to 뜻을 확인해야 함,The stare is important.,stare(은) 는 중요하다.,학습,초등학교 6 학년 사회,,,"cartoon style, classroom, social studies, illustrate: The stare is important., safe for children, clear and simple","8 second video, cartoon style: 0-2s introduce scene, 2-6s show action from 'The stare is important.', 6-8s conclusion, safe for children, smooth animation",False,pending,success,0,,False
burst,뜻을 확인해야 함,명사,뜻을 확인해야 함,a 명사 related to 뜻을 확인해야 함,The burst is important.,burst(은) 는 중요하다.,관심사,소설 쓰기,,,"cartoon style, writing desk, notebook, illustrate: The burst is important., safe for children, clear and simple","8 second video, cartoon style: 0-2s introduce scene, 2-6s show action from 'The burst is important.', 6-8s conclusion, safe for children, smooth animation",False,pending,success,0,,False
miserable,뜻을 확인해야 함,명사,뜻을 확인해야 함,a 명사 related to 뜻을 확인해야 함,The miserable is important.,miserable(은) 는 중요하다.,학습,초등학교 6 학년 과학,,,"cartoon style, laboratory, science experiment, illustrate: The miserable is important., safe for children, clear and simple","8 second video, cartoon style: 0-2s introduce scene, 2-6s show action from 'The miserable is important.', 6-8s conclusion, safe for children, smooth animation",False,pending,success,0,,False
embarrassed,뜻을 확인해야 함,명사,뜻을 확인해야 함,a 명사 related to 뜻을 확인해야 함,The embarrassed is important.,embarrassed(은) 는 중요하다.,관심사,음악,,,"cartoon style, musical instruments, stage, illustrate: The embarrassed is important., safe for children, clear and simple","8 second video, cartoon style: 0-2s introduce scene, 2-6s show action from 'The embarrassed is important.', 6-8s conclusion, safe for children, smooth animation",False,pending,success,0,,False
hardly,뜻을 확인해야 함,명사,뜻을 확인해야 함,a 명사 related to 뜻을 확인해야 함,The hardly is important.,hardly(은) 는 중요하다.,학습,초등학교 6 학년 사회,,,"cartoon style, classroom, social studies, illustrate: The hardly is important., safe for children, clear and simple","8 second video, cartoon style: 0-2s introduce scene, 2-6s show action from 'The hardly is important.', 6-8s conclusion, safe for children, smooth animation",False,pending,success,0,,False
panic,뜻을 확인해야 함,명사,뜻을 확인해야 함,a 명사 related to 뜻을 확인해야 함,The panic is important.,panic(은) 는 중요하다.,관심사,스포츠,,,"cartoon style, sports field, active pose, illustrate: The panic is important., safe for children, clear and simple","8 second video, cartoon style: 0-2s introduce scene, 2-6s show action from 'The panic is important.', 6-8s conclusion, safe for children, smooth animation",False,pending,success,0,,False
correspond,뜻을 확인해야 함,명사,뜻을 확인해야 함,a 명사 related to 뜻을 확인해야 함,The correspond is important.,correspond(은) 는 중요하다.,학습,초등학교 6 학년 과학,,,"cartoon style, laboratory, science experiment, illustrate: The correspond is important., safe for children, clear and simple","8 second video, cartoon style: 0-2s introduce scene, 2-6s show action from 'The correspond is important.', 6-8s conclusion, safe for children, smooth animation",False,pending,success,0,,False
cruel,뜻을 확인해야 함,명사,뜻을 확인해야 함,a 명사 related to 뜻을 확인해야 함,The cruel is important.,cruel(은) 는 중요하다.,관심사,게임,,,"cartoon style, bright colors, game scene, illustrate: The cruel is important., safe for children, clear and simple","8 second video, cartoon style: 0-2s introduce scene, 2-6s show action from 'The cruel is important.', 6-8s conclusion, safe for children, smooth animation",False,pending,success,0,,False
crucial,뜻을 확인해야 함,명사,뜻을 확인해야 함,a 명사 related to 뜻을 확인해야 함,The crucial is important.,crucial(은) 는 중요하다.,학습,초등학교 6 학년 사회,,,"cartoon style, classroom, social studies, illustrate: The crucial is important., safe for children, clear and simple","8 second video, cartoon style: 0-2s introduce scene, 2-6s show action from 'The crucial is important.', 6-8s conclusion, safe for children, smooth animation",False,pending,success,0,,False
isolated,뜻을 확인해야 함,명사,뜻을 확인해야 함,a 명사 related to 뜻을 확인해야 함,The isolated is important.,isolated(은) 는 중요하다.,관심사,코딩,,,"cartoon style, computer screen, coding interface, illustrate: The isolated is important., safe for children, clear and simple","8 second video, cartoon style: 0-2s introduce scene, 2-6s show action from 'The isolated is important.', 6-8s conclusion, safe for children, smooth animation",False,pending,success,0,,False
awkward,뜻을 확인해야 함,명사,뜻을 확인해야 함,a 명사 related to 뜻을 확인해야 함,The awkward is important.,awkward(은) 는 중요하다.,학습,초등학교 6 학년 과학,,,"cartoon style, laboratory, science experiment, illustrate: The awkward is important., safe for children, clear and simple","8 second video, cartoon style: 0-2s introduce scene, 2-6s show action from 'The awkward is important.', 6-8s conclusion, safe for children, smooth animation",False,pending,success,0,,False
sympathy,뜻을 확인해야 함,명사,뜻을 확인해야 함,a 명사 related to 뜻을 확인해야 함,The sympathy is important.,sympathy(은) 는 중요하다.,관심사,인공지능,,,"cartoon style, robot, futuristic, illustrate: The sympathy is important., safe for children, clear and simple","8 second video, cartoon style: 0-2s introduce scene, 2-6s show action from 'The sympathy is important.', 6-8s conclusion, safe for children, smooth animation",False,pending,success,0,,False
terrifying,뜻을 확인해야 함,명사,뜻을 확인해야 함,a 명사 related to 뜻을 확인해야 함,The terrifying is important.,terrifying(은) 는 중요하다.,학습,초등학교 6 학년 사회,,,"cartoon style, classroom, social studies, illustrate: The terrifying is important., safe for children, clear and simple","8 second video, cartoon style: 0-2s introduce scene, 2-6s show action from 'The terrifying is important.', 6-8s conclusion, safe for children, smooth animation",False,pending,success,0,,False
optimistic,뜻을 확인해야 함,명사,뜻을 확인해야 함,a 명사 related to 뜻을 확인해야 함,The optimistic is important.,optimistic(은) 는 중요하다.,관심사,소설 쓰기,,,"cartoon style, writing desk, notebook, illustrate: The optimistic is important., safe for children, clear and simple","8 second video, cartoon style: 0-2s introduce scene, 2-6s show action from 'The optimistic is important.', 6-8s conclusion, safe for children, smooth animation",False,pending,success,0,,False
sincere,뜻을 확인해야 함,명사,뜻을 확인해야 함,a 명사 related to 뜻을 확인해야 함,The sincere is important.,sincere(은) 는 중요하다.,학습,초등학교 6 학년 과학,,,"cartoon style, laboratory, science experiment, illustrate: The sincere is important., safe for children, clear and simple","8 second video, cartoon style: 0-2s introduce scene, 2-6s show action from 'The sincere is important.', 6-8s conclusion, safe for children, smooth animation",False,pending,success,0,,False
likely,뜻을 확인해야 함,명사,뜻을 확인해야 함,a 명사 related to 뜻을 확인해야 함,The likely is important.,likely(은) 는 중요하다.,관심사,음악,,,"cartoon style, musical instruments, stage, illustrate: The likely is important., safe for children, clear and simple","8 second video, cartoon style: 0-2s introduce scene, 2-6s show action from 'The likely is important.', 6-8s conclusion, safe for children, smooth animation",False,pending,success,0,,False
endure,뜻을 확인해야 함,명사,뜻을 확인해야 함,a 명사 related to 뜻을 확인해야 함,The endure is important.,endure(은) 는 중요하다.,학습,초등학교 6 학년 사회,,,"cartoon style, classroom, social studies, illustrate: The endure is important., safe for children, clear and simple","8 second video, cartoon style: 0-2s introduce scene, 2-6s show action from 'The endure is important.', 6-8s conclusion, safe for children, smooth animation",False,pending,success,0,,False
cognitive,뜻을 확인해야 함,명사,뜻을 확인해야 함,a 명사 related to 뜻을 확인해야 함,The cognitive is important.,cognitive(은) 는 중요하다.,관심사,스포츠,,,"cartoon style, sports field, active pose, illustrate: The cognitive is important., safe for children, clear and simple","8 second video, cartoon style: 0-2s introduce scene, 2-6s show action from 'The cognitive is important.', 6-8s conclusion, safe for children, smooth animation",False,pending,success,0,,False
reflect,뜻을 확인해야 함,명사,뜻을 확인해야 함,a 명사 related to 뜻을 확인해야 함,The reflect is important.,reflect(은) 는 중요하다.,학습,초등학교 6 학년 과학,,,"cartoon style, laboratory, science experiment, illustrate: The reflect is important., safe for children, clear and simple","8 second video, cartoon style: 0-2s introduce scene, 2-6s show action from 'The reflect is important.', 6-8s conclusion, safe for children, smooth animation",False,pending,success,0,,False
similar,뜻을 확인해야 함,명사,뜻을 확인해야 함,a 명사 related to 뜻을 확인해야 함,The similar is important.,similar(은) 는 중요하다.,관심사,게임,,,"cartoon style, bright colors, game scene, illustrate: The similar is important., safe for children, clear and simple","8 second video, cartoon style: 0-2s introduce scene, 2-6s show action from 'The similar is important.', 6-8s conclusion, safe for children, smooth animation",False,pending,success,0,,False
situation,뜻을 확인해야 함,명사,뜻을 확인해야 함,a 명사 related to 뜻을 확인해야 함,The situation is important.,situation(은) 는 중요하다.,학습,초등학교 6 학년 사회,,,"cartoon style, classroom, social studies, illustrate: The situation is important., safe for children, clear and simple","8 second video, cartoon style: 0-2s introduce scene, 2-6s show action from 'The situation is important.', 6-8s conclusion, safe for children, smooth animation",False,pending,success,0,,False
related,뜻을 확인해야 함,명사,뜻을 확인해야 함,a 명사 related to 뜻을 확인해야 함,The related is important.,related(은) 는 중요하다.,관심사,코딩,,,"cartoon style, computer screen, coding interface, illustrate: The related is important., safe for children, clear and simple","8 second video, cartoon style: 0-2s introduce scene, 2-6s show action from 'The related is important.', 6-8s conclusion, safe for children, smooth animation",False,pending,success,0,,False
suppose,뜻을 확인해야 함,명사,뜻을 확인해야 함,a 명사 related to 뜻을 확인해야 함,The suppose is important.,suppose(은) 는 중요하다.,학습,초등학교 6 학년 과학,,,"cartoon style, laboratory, science experiment, illustrate: The suppose is important., safe for children, clear and simple","8 second video, cartoon style: 0-2s introduce scene, 2-6s show action from 'The suppose is important.', 6-8s conclusion, safe for children, smooth animation",False,pending,success,0,,False
social,뜻을 확인해야 함,명사,뜻을 확인해야 함,a 명사 related to 뜻을 확인해야 함,The social is important.,social(은) 는 중요하다.,관심사,인공지능,,,"cartoon style, robot, futuristic, illustrate: The social is important., safe for children, clear and simple","8 second video, cartoon style: 0-2s introduce scene, 2-6s show action from 'The social is important.', 6-8s conclusion, safe for children, smooth animation",False,pending,success,0,,False
unique,뜻을 확인해야 함,명사,뜻을 확인해야 함,a 명사 related to 뜻을 확인해야 함,The unique is important.,unique(은) 는 중요하다.,학습,초등학교 6 학년 사회,,,"cartoon style, classroom, social studies, illustrate: The unique is important., safe for children, clear and simple","8 second video, cartoon style: 0-2s introduce scene, 2-6s show action from 'The unique is important.', 6-8s conclusion, safe for children, smooth animation",False,pending,success,0,,False
prefer,뜻을 확인해야 함,명사,뜻을 확인해야 함,a 명사 related to 뜻을 확인해야 함,The prefer is important.,prefer(은) 는 중요하다.,관심사,소설 쓰기,,,"cartoon style, writing desk, notebook, illustrate: The prefer is important., safe for children, clear and simple","8 second video, cartoon style: 0-2s introduce scene, 2-6s show action from 'The prefer is important.', 6-8s conclusion, safe for children, smooth animation",False,pending,success,0,,False
remain,뜻을 확인해야 함,명사,뜻을 확인해야 함,a 명사 related to 뜻을 확인해야 함,The remain is important.,remain(은) 는 중요하다.,학습,초등학교 6 학년 과학,,,"cartoon style, laboratory, science experiment, illustrate: The remain is important., safe for children, clear and simple","8 second video, cartoon style: 0-2s introduce scene, 2-6s show action from 'The remain is important.', 6-8s conclusion, safe for children, smooth animation",False,pending,success,0,,False
distract,뜻을 확인해야 함,명사,뜻을 확인해야 함,a 명사 related to 뜻을 확인해야 함,The distract is important.,distract(은) 는 중요하다.,관심사,음악,,,"cartoon style, musical instruments, stage, illustrate: The distract is important., safe for children, clear and simple","8 second video, cartoon style: 0-2s introduce scene, 2-6s show action from 'The distract is important.', 6-8s conclusion, safe for children, smooth animation",False,pending,success,0,,False
district,뜻을 확인해야 함,명사,뜻을 확인해야 함,a 명사 related to 뜻을 확인해야 함,The district is important.,district(은) 는 중요하다.,학습,초등학교 6 학년 사회,,,"cartoon style, classroom, social studies, illustrate: The district is important., safe for children, clear and simple","8 second video, cartoon style: 0-2s introduce scene, 2-6s show action from 'The district is important.', 6-8s conclusion, safe for children, smooth animation",False,pending,success,0,,False
apologize,뜻을 확인해야 함,명사,뜻을 확인해야 함,a 명사 related to 뜻을 확인해야 함,The apologize is important.,apologize(은) 는 중요하다.,관심사,스포츠,,,"cartoon style, sports field, active pose, illustrate: The apologize is important., safe for children, clear and simple","8 second video, cartoon style: 0-2s introduce scene, 2-6s show action from 'The apologize is important.', 6-8s conclusion, safe for children, smooth animation",False,pending,success,0,,False
refer,뜻을 확인해야 함,명사,뜻을 확인해야 함,a 명사 related to 뜻을 확인해야 함,The refer is important.,refer(은) 는 중요하다.,학습,초등학교 6 학년 과학,,,"cartoon style, laboratory, science experiment, illustrate: The refer is important., safe for children, clear and simple","8 second video, cartoon style: 0-2s introduce scene, 2-6s show action from 'The refer is important.', 6-8s conclusion, safe for children, smooth animation",False,pending,success,0,,False
colleague,뜻을 확인해야 함,명사,뜻을 확인해야 함,a 명사 related to 뜻을 확인해야 함,The colleague is important.,colleague(은) 는 중요하다.,관심사,게임,,,"cartoon style, bright colors, game scene, illustrate: The colleague is important., safe for children, clear and simple","8 second video, cartoon style: 0-2s introduce scene, 2-6s show action from 'The colleague is important.', 6-8s conclusion, safe for children, smooth animation",False,pending,success,0,,False
rely,뜻을 확인해야 함,명사,뜻을 확인해야 함,a 명사 related to 뜻을 확인해야 함,The rely is important.,rely(은) 는 중요하다.,학습,초등학교 6 학년 사회,,,"cartoon style, classroom, social studies, illustrate: The rely is important., safe for children, clear and simple","8 second video, cartoon style: 0-2s introduce scene, 2-6s show action from 'The rely is important.', 6-8s conclusion, safe for children, smooth animation",False,pending,success,0,,False
mistake,뜻을 확인해야 함,명사,뜻을 확인해야 함,a 명사 related to 뜻을 확인해야 함,The mistake is important.,mistake(은) 는 중요하다.,관심사,코딩,,,"cartoon style, computer screen, coding interface, illustrate: The mistake is important., safe for children, clear and simple","8 second video, cartoon style: 0-2s introduce scene, 2-6s show action from 'The mistake is important.', 6-8s conclusion, safe for children, smooth animation",False,pending,success,0,,False
request,뜻을 확인해야 함,명사,뜻을 확인해야 함,a 명사 related to 뜻을 확인해야 함,The request is important.,request(은) 는 중요하다.,학습,초등학교 6 학년 과학,,,"cartoon style, laboratory, science experiment, illustrate: The request is important., safe for children, clear and simple","8 second video, cartoon style: 0-2s introduce scene, 2-6s show action from 'The request is important.', 6-8s conclusion, safe for children, smooth animation",False,pending,success,0,,False
assume,뜻을 확인해야 함,명사,뜻을 확인해야 함,a 명사 related to 뜻을 확인해야 함,The assume is important.,assume(은) 는 중요하다.,관심사,인공지능,,,"cartoon style, robot, futuristic, illustrate: The assume is important., safe for children, clear and simple","8 second video, cartoon style: 0-2s introduce scene, 2-6s show action from 'The assume is important.', 6-8s conclusion, safe for children, smooth animation",False,pending,success,0,,False
refuse,뜻을 확인해야 함,명사,뜻을 확인해야 함,a 명사 related to 뜻을 확인해야 함,The refuse is important.,refuse(은) 는 중요하다.,학습,초등학교 6 학년 사회,,,"cartoon style, classroom, social studies, illustrate: The refuse is important., safe for children, clear and simple","8 second video, cartoon style: 0-2s introduce scene, 2-6s show action from 'The refuse is important.', 6-8s conclusion, safe for children, smooth animation",False,pending,success,0,,False
reply,뜻을 확인해야 함,명사,뜻을 확인해야 함,a 명사 related to 뜻을 확인해야 함,The reply is important.,reply(은) 는 중요하다.,관심사,소설 쓰기,,,"cartoon style, writing desk, notebook, illustrate: The reply is important., safe for children, clear and simple","8 second video, cartoon style: 0-2s introduce scene, 2-6s show action from 'The reply is important.', 6-8s conclusion, safe for children, smooth animation",False,pending,success,0,,False
degree,뜻을 확인해야 함,명사,뜻을 확인해야 함,a 명사 related to 뜻을 확인해야 함,The degree is important.,degree(은) 는 중요하다.,학습,초등학교 6 학년 과학,,,"cartoon style, laboratory, science experiment, illustrate: The degree is important., safe for children, clear and simple","8 second video, cartoon style: 0-2s introduce scene, 2-6s show action from 'The degree is important.', 6-8s conclusion, safe for children, smooth animation",False,pending,success,0,,False
capacity,뜻을 확인해야 함,명사,뜻을 확인해야 함,a 명사 related to 뜻을 확인해야 함,The capacity is important.,capacity(은) 는 중요하다.,관심사,음악,,,"cartoon style, musical instruments, stage, illustrate: The capacity is important., safe for children, clear and simple","8 second video, cartoon style: 0-2s introduce scene, 2-6s show action from 'The capacity is important.', 6-8s conclusion, safe for children, smooth animation",False,pending,success,0,,False
passion,뜻을 확인해야 함,명사,뜻을 확인해야 함,a 명사 related to 뜻을 확인해야 함,The passion is important.,passion(은) 는 중요하다.,학습,초등학교 6 학년 사회,,,"cartoon style, classroom, social studies, illustrate: The passion is important., safe for children, clear and simple","8 second video, cartoon style: 0-2s introduce scene, 2-6s show action from 'The passion is important.', 6-8s conclusion, safe for children, smooth animation",False,pending,success,0,,False
surround,뜻을 확인해야 함,명사,뜻을 확인해야 함,a 명사 related to 뜻을 확인해야 함,The surround is important.,surround(은) 는 중요하다.,관심사,스포츠,,,"cartoon style, sports field, active pose, illustrate: The surround is important., safe for children, clear and simple","8 second video, cartoon style: 0-2s introduce scene, 2-6s show action from 'The surround is important.', 6-8s conclusion, safe for children, smooth animation",False,pending,success,0,,False
indeed,뜻을 확인해야 함,명사,뜻을 확인해야 함,a 명사 related to 뜻을 확인해야 함,The indeed is important.,indeed(은) 는 중요하다.,학습,초등학교 6 학년 과학,,,"cartoon style, laboratory, science experiment, illustrate: The indeed is important., safe for children, clear and simple","8 second video, cartoon style: 0-2s introduce scene, 2-6s show action from 'The indeed is important.', 6-8s conclusion, safe for children, smooth animation",False,pending,success,0,,False
imitate,뜻을 확인해야 함,명사,뜻을 확인해야 함,a 명사 related to 뜻을 확인해야 함,The imitate is important.,imitate(은) 는 중요하다.,관심사,게임,,,"cartoon style, bright colors, game scene, illustrate: The imitate is important., safe for children, clear and simple","8 second video, cartoon style: 0-2s introduce scene, 2-6s show action from 'The imitate is important.', 6-8s conclusion, safe for children, smooth animation",False,pending,success,0,,False
bond,뜻을 확인해야 함,명사,뜻을 확인해야 함,a 명사 related to 뜻을 확인해야 함,The bond is important.,bond(은) 는 중요하다.,학습,초등학교 6 학년 사회,,,"cartoon style, classroom, social studies, illustrate: The bond is important., safe for children, clear and simple","8 second video, cartoon style: 0-2s introduce scene, 2-6s show action from 'The bond is important.', 6-8s conclusion, safe for children, smooth animation",False,pending,success,0,,False
obtain,뜻을 확인해야 함,명사,뜻을 확인해야 함,a 명사 related to 뜻을 확인해야 함,The obtain is important.,obtain(은) 는 중요하다.,관심사,코딩,,,"cartoon style, computer screen, coding interface, illustrate: The obtain is important., safe for children, clear and simple","8 second video, cartoon style: 0-2s introduce scene, 2-6s show action from 'The obtain is important.', 6-8s conclusion, safe for children, smooth animation",False,pending,success,0,,False
precious,뜻을 확인해야 함,명사,뜻을 확인해야 함,a 명사 related to 뜻을 확인해야 함,The precious is important.,precious(은) 는 중요하다.,학습,초등학교 6 학년 과학,,,"cartoon style, laboratory, science experiment, illustrate: The precious is important., safe for children, clear and simple","8 second video, cartoon style: 0-2s introduce scene, 2-6s show action from 'The precious is important.', 6-8s conclusion, safe for children, smooth animation",False,pending,success,0,,False
contribute,뜻을 확인해야 함,명사,뜻을 확인해야 함,a 명사 related to 뜻을 확인해야 함,The contribute is important.,contribute(은) 는 중요하다.,관심사,인공지능,,,"cartoon style, robot, futuristic, illustrate: The contribute is important., safe for children, clear and simple","8 second video, cartoon style: 0-2s introduce scene, 2-6s show action from 'The contribute is important.', 6-8s conclusion, safe for children, smooth animation",False,pending,success,0,,False
distribute,뜻을 확인해야 함,명사,뜻을 확인해야 함,a 명사 related to 뜻을 확인해야 함,The distribute is important.,distribute(은) 는 중요하다.,학습,초등학교 6 학년 사회,,,"cartoon style, classroom, social studies, illustrate: The distribute is important., safe for children, clear and simple","8 second video, cartoon style: 0-2s introduce scene, 2-6s show action from 'The distribute is important.', 6-8s conclusion, safe for children, smooth animation",False,pending,success,0,,False
reject,뜻을 확인해야 함,명사,뜻을 확인해야 함,a 명사 related to 뜻을 확인해야 함,The reject is important.,reject(은) 는 중요하다.,관심사,소설 쓰기,,,"cartoon style, writing desk, notebook, illustrate: The reject is important., safe for children, clear and simple","8 second video, cartoon style: 0-2s introduce scene, 2-6s show action from 'The reject is important.', 6-8s conclusion, safe for children, smooth animation",False,pending,success,0,,False
gaze,뜻을 확인해야 함,명사,뜻을 확인해야 함,a 명사 related to 뜻을 확인해야 함,The gaze is important.,gaze(은) 는 중요하다.,학습,초등학교 6 학년 과학,,,"cartoon style, laboratory, science experiment, illustrate: The gaze is important., safe for children, clear and simple","8 second video, cartoon style: 0-2s introduce scene, 2-6s show action from 'The gaze is important.', 6-8s conclusion, safe for children, smooth animation",False,pending,success,0,,False
cherish,뜻을 확인해야 함,명사,뜻을 확인해야 함,a 명사 related to 뜻을 확인해야 함,The cherish is important.,cherish(은) 는 중요하다.,관심사,음악,,,"cartoon style, musical instruments, stage, illustrate: The cherish is important., safe for children, clear and simple","8 second video, cartoon style: 0-2s introduce scene, 2-6s show action from 'The cherish is important.', 6-8s conclusion, safe for children, smooth animation",False,pending,success,0,,False
hospitality,뜻을 확인해야 함,명사,뜻을 확인해야 함,a 명사 related to 뜻을 확인해야 함,The hospitality is important.,hospitality(은) 는 중요하다.,학습,초등학교 6 학년 사회,,,"cartoon style, classroom, social studies, illustrate: The hospitality is important., safe for children, clear and simple","8 second video, cartoon style: 0-2s introduce scene, 2-6s show action from 'The hospitality is important.', 6-8s conclusion, safe for children, smooth animation",False,pending,success,0,,False
uncover,뜻을 확인해야 함,명사,뜻을 확인해야 함,a 명사 related to 뜻을 확인해야 함,The uncover is important.,uncover(은) 는 중요하다.,관심사,스포츠,,,"cartoon style, sports field, active pose, illustrate: The uncover is important., safe for children, clear and simple","8 second video, cartoon style: 0-2s introduce scene, 2-6s show action from 'The uncover is important.', 6-8s conclusion, safe for children, smooth animation",False,pending,success,0,,False
casual,뜻을 확인해야 함,명사,뜻을 확인해야 함,a 명사 related to 뜻을 확인해야 함,The casual is important.,casual(은) 는 중요하다.,학습,초등학교 6 학년 과학,,,"cartoon style, laboratory, science experiment, illustrate: The casual is important., safe for children, clear and simple","8 second video, cartoon style: 0-2s introduce scene, 2-6s show action from 'The casual is important.', 6-8s conclusion, safe for children, smooth animation",False,pending,success,0,,False
mutual,뜻을 확인해야 함,명사,뜻을 확인해야 함,a 명사 related to 뜻을 확인해야 함,The mutual is important.,mutual(은) 는 중요하다.,관심사,게임,,,"cartoon style, bright colors, game scene, illustrate: The mutual is important., safe for children, clear and simple","8 second video, cartoon style: 0-2s introduce scene, 2-6s show action from 'The mutual is important.', 6-8s conclusion, safe for children, smooth animation",False,pending,success,0,,False
farewell,뜻을 확인해야 함,명사,뜻을 확인해야 함,a 명사 related to 뜻을 확인해야 함,The farewell is important.,farewell(은) 는 중요하다.,학습,초등학교 6 학년 사회,,,"cartoon style, classroom, social studies, illustrate: The farewell is important., safe for children, clear and simple","8 second video, cartoon style: 0-2s introduce scene, 2-6s show action from 'The farewell is important.', 6-8s conclusion, safe for children, smooth animation",False,pending,success,0,,False
owe,뜻을 확인해야 함,명사,뜻을 확인해야 함,a 명사 related to 뜻을 확인해야 함,The owe is important.,owe(은) 는 중요하다.,관심사,코딩,,,"cartoon style, computer screen, coding interface, illustrate: The owe is important., safe for children, clear and simple","8 second video, cartoon style: 0-2s introduce scene, 2-6s show action from 'The owe is important.', 6-8s conclusion, safe for children, smooth animation",False,pending,success,0,,False
treat,뜻을 확인해야 함,명사,뜻을 확인해야 함,a 명사 related to 뜻을 확인해야 함,The treat is important.,treat(은) 는 중요하다.,학습,초등학교 6 학년 과학,,,"cartoon style, laboratory, science experiment, illustrate: The treat is important., safe for children, clear and simple","8 second video, cartoon style: 0-2s introduce scene, 2-6s show action from 'The treat is important.', 6-8s conclusion, safe for children, smooth animation",False,pending,success,0,,False
comment,뜻을 확인해야 함,명사,뜻을 확인해야 함,a 명사 related to 뜻을 확인해야 함,The comment is important.,comment(은) 는 중요하다.,관심사,인공지능,,,"cartoon style, robot, futuristic, illustrate: The comment is important., safe for children, clear and simple","8 second video, cartoon style: 0-2s introduce scene, 2-6s show action from 'The comment is important.', 6-8s conclusion, safe for children, smooth animation",False,pending,success,0,,False
popular,뜻을 확인해야 함,명사,뜻을 확인해야 함,a 명사 related to 뜻을 확인해야 함,The popular is important.,popular(은) 는 중요하다.,학습,초등학교 6 학년 사회,,,"cartoon style, classroom, social studies, illustrate: The popular is important., safe for children, clear and simple","8 second video, cartoon style: 0-2s introduce scene, 2-6s show action from 'The popular is important.', 6-8s conclusion, safe for children, smooth animation",False,pending,success,0,,False
develop,뜻을 확인해야 함,명사,뜻을 확인해야 함,a 명사 related to 뜻을 확인해야 함,The develop is important.,develop(은) 는 중요하다.,관심사,소설 쓰기,,,"cartoon style, writing desk, notebook, illustrate: The develop is important., safe for children, clear and simple","8 second video, cartoon style: 0-2s introduce scene, 2-6s show action from 'The develop is important.', 6-8s conclusion, safe for children, smooth animation",False,pending,success,0,,False
moment,뜻을 확인해야 함,명사,뜻을 확인해야 함,a 명사 related to 뜻을 확인해야 함,The moment is important.,moment(은) 는 중요하다.,학습,초등학교 6 학년 과학,,,"cartoon style, laboratory, science experiment, illustrate: The moment is important., safe for children, clear and simple","8 second video, cartoon style: 0-2s introduce scene, 2-6s show action from 'The moment is important.', 6-8s conclusion, safe for children, smooth animation",False,pending,success,0,,False
public,뜻을 확인해야 함,명사,뜻을 확인해야 함,a 명사 related to 뜻을 확인해야 함,The public is important.,public(은) 는 중요하다.,관심사,음악,,,"cartoon style, musical instruments, stage, illustrate: The public is important., safe for children, clear and simple","8 second video, cartoon style: 0-2s introduce scene, 2-6s show action from 'The public is important.', 6-8s conclusion, safe for children, smooth animation",False,pending,success,0,,False
promise,뜻을 확인해야 함,명사,뜻을 확인해야 함,a 명사 related to 뜻을 확인해야 함,The promise is important.,promise(은) 는 중요하다.,학습,초등학교 6 학년 사회,,,"cartoon style, classroom, social studies, illustrate: The promise is important., safe for children, clear and simple","8 second video, cartoon style: 0-2s introduce scene, 2-6s show action from 'The promise is important.', 6-8s conclusion, safe for children, smooth animation",False,pending,success,0,,False
select,뜻을 확인해야 함,명사,뜻을 확인해야 함,a 명사 related to 뜻을 확인해야 함,The select is important.,select(은) 는 중요하다.,관심사,스포츠,,,"cartoon style, sports field, active pose, illustrate: The select is important., safe for children, clear and simple","8 second video, cartoon style: 0-2s introduce scene, 2-6s show action from 'The select is important.', 6-8s conclusion, safe for children, smooth animation",False,pending,success,0,,False
pleasure,뜻을 확인해야 함,명사,뜻을 확인해야 함,a 명사 related to 뜻을 확인해야 함,The pleasure is important.,pleasure(은) 는 중요하다.,학습,초등학교 6 학년 과학,,,"cartoon style, laboratory, science experiment, illustrate: The pleasure is important., safe for children, clear and simple","8 second video, cartoon style: 0-2s introduce scene, 2-6s show action from 'The pleasure is important.', 6-8s conclusion, safe for children, smooth animation",False,pending,success,0,,False
involve,뜻을 확인해야 함,명사,뜻을 확인해야 함,a 명사 related to 뜻을 확인해야 함,The involve is important.,involve(은) 는 중요하다.,관심사,게임,,,"cartoon style, bright colors, game scene, illustrate: The involve is important., safe for children, clear and simple","8 second video, cartoon style: 0-2s introduce scene, 2-6s show action from 'The involve is important.', 6-8s conclusion, safe for children, smooth animation",False,pending,success,0,,False
evolve,뜻을 확인해야 함,명사,뜻을 확인해야 함,a 명사 related to 뜻을 확인해야 함,The evolve is important.,evolve(은) 는 중요하다.,학습,초등학교 6 학년 사회,,,"cartoon style, classroom, social studies, illustrate: The evolve is important., safe for children, clear and simple","8 second video, cartoon style: 0-2s introduce scene, 2-6s show action from 'The evolve is important.', 6-8s conclusion, safe for children, smooth animation",False,pending,success,0,,False
range,뜻을 확인해야 함,명사,뜻을 확인해야 함,a 명사 related to 뜻을 확인해야 함,The range is important.,range(은) 는 중요하다.,관심사,코딩,,,"cartoon style, computer screen, coding interface, illustrate: The range is important., safe for children, clear and simple","8 second video, cartoon style: 0-2s introduce scene, 2-6s show action from 'The range is important.', 6-8s conclusion, safe for children, smooth animation",False,pending,success,0,,False
stuff,뜻을 확인해야 함,명사,뜻을 확인해야 함,a 명사 related to 뜻을 확인해야 함,The stuff is important.,stuff(은) 는 중요하다.,학습,초등학교 6 학년 과학,,,"cartoon style, laboratory, science experiment, illustrate: The stuff is important., safe for children, clear and simple","8 second video, cartoon style: 0-2s introduce scene, 2-6s show action from 'The stuff is important.', 6-8s conclusion, safe for children, smooth animation",False,pending,success,0,,False
journal,뜻을 확인해야 함,명사,뜻을 확인해야 함,a 명사 related to 뜻을 확인해야 함,The journal is important.,journal(은) 는 중요하다.,관심사,인공지능,,,"cartoon style, robot, futuristic, illustrate: The journal is important., safe for children, clear and simple","8 second video, cartoon style: 0-2s introduce scene, 2-6s show action from 'The journal is important.', 6-8s conclusion, safe for children, smooth animation",False,pending,success,0,,False
describe,뜻을 확인해야 함,명사,뜻을 확인해야 함,a 명사 related to 뜻을 확인해야 함,The describe is important.,describe(은) 는 중요하다.,학습,초등학교 6 학년 사회,,,"cartoon style, classroom, social studies, illustrate: The describe is important., safe for children, clear and simple","8 second video, cartoon style: 0-2s introduce scene, 2-6s show action from 'The describe is important.', 6-8s conclusion, safe for children, smooth animation",False,pending,success,0,,False
otherwise,뜻을 확인해야 함,명사,뜻을 확인해야 함,a 명사 related to 뜻을 확인해야 함,The otherwise is important.,otherwise(은) 는 중요하다.,관심사,소설 쓰기,,,"cartoon style, writing desk, notebook, illustrate: The otherwise is important., safe for children, clear and simple","8 second video, cartoon style: 0-2s introduce scene, 2-6s show action from 'The otherwise is important.', 6-8s conclusion, safe for children, smooth animation",False,pending,success,0,,False
share,뜻을 확인해야 함,명사,뜻을 확인해야 함,a 명사 related to 뜻을 확인해야 함,The share is important.,share(은) 는 중요하다.,학습,초등학교 6 학년 과학,,,"cartoon style, laboratory, science experiment, illustrate: The share is important., safe for children, clear and simple","8 second video, cartoon style: 0-2s introduce scene, 2-6s show action from 'The share is important.', 6-8s conclusion, safe for children, smooth animation",False,pending,success,0,,False
jealous,뜻을 확인해야 함,명사,뜻을 확인해야 함,a 명사 related to 뜻을 확인해야 함,The jealous is important.,jealous(은) 는 중요하다.,관심사,음악,,,"cartoon style, musical instruments, stage, illustrate: The jealous is important., safe for children, clear and simple","8 second video, cartoon style: 0-2s introduce scene, 2-6s show action from 'The jealous is important.', 6-8s conclusion, safe for children, smooth animation",False,pending,success,0,,False
translate,뜻을 확인해야 함,명사,뜻을 확인해야 함,a 명사 related to 뜻을 확인해야 함,The translate is important.,translate(은) 는 중요하다.,학습,초등학교 6 학년 사회,,,"cartoon style, classroom, social studies, illustrate: The translate is important., safe for children, clear and simple","8 second video, cartoon style: 0-2s introduce scene, 2-6s show action from 'The translate is important.', 6-8s conclusion, safe for children, smooth animation",False,pending,success,0,,False
nod,뜻을 확인해야 함,명사,뜻을 확인해야 함,a 명사 related to 뜻을 확인해야 함,The nod is important.,nod(은) 는 중요하다.,관심사,스포츠,,,"cartoon style, sports field, active pose, illustrate: The nod is important., safe for children, clear and simple","8 second video, cartoon style: 0-2s introduce scene, 2-6s show action from 'The nod is important.', 6-8s conclusion, safe for children, smooth animation",False,pending,success,0,,False
mean,뜻을 확인해야 함,명사,뜻을 확인해야 함,a 명사 related to 뜻을 확인해야 함,The mean is important.,mean(은) 는 중요하다.,학습,초등학교 6 학년 과학,,,"cartoon style, laboratory, science experiment, illustrate: The mean is important., safe for children, clear and simple","8 second video, cartoon style: 0-2s introduce scene, 2-6s show action from 'The mean is important.', 6-8s conclusion, safe for children, smooth animation",False,pending,success,0,,False
conclude,뜻을 확인해야 함,명사,뜻을 확인해야 함,a 명사 related to 뜻을 확인해야 함,The conclude is important.,conclude(은) 는 중요하다.,관심사,게임,,,"cartoon style, bright colors, game scene, illustrate: The conclude is important., safe for children, clear and simple","8 second video, cartoon style: 0-2s introduce scene, 2-6s show action from 'The conclude is important.', 6-8s conclusion, safe for children, smooth animation",False,pending,success,0,,False
intend,뜻을 확인해야 함,명사,뜻을 확인해야 함,a 명사 related to 뜻을 확인해야 함,The intend is important.,intend(은) 는 중요하다.,학습,초등학교 6 학년 사회,,,"cartoon style, classroom, social studies, illustrate: The intend is important., safe for children, clear and simple","8 second video, cartoon style: 0-2s introduce scene, 2-6s show action from 'The intend is important.', 6-8s conclusion, safe for children, smooth animation",False,pending,success,0,,False
worth,뜻을 확인해야 함,명사,뜻을 확인해야 함,a 명사 related to 뜻을 확인해야 함,The worth is important.,worth(은) 는 중요하다.,관심사,코딩,,,"cartoon style, computer screen, coding interface, illustrate: The worth is important., safe for children, clear and simple","8 second video, cartoon style: 0-2s introduce scene, 2-6s show action from 'The worth is important.', 6-8s conclusion, safe for children, smooth animation",False,pending,success,0,,False
outcome,뜻을 확인해야 함,명사,뜻을 확인해야 함,a 명사 related to 뜻을 확인해야 함,The outcome is important.,outcome(은) 는 중요하다.,학습,초등학교 6 학년 과학,,,"cartoon style, laboratory, science experiment, illustrate: The outcome is important., safe for children, clear and simple","8 second video, cartoon style: 0-2s introduce scene, 2-6s show action from 'The outcome is important.', 6-8s conclusion, safe for children, smooth animation",False,pending,success,0,,False
honor,뜻을 확인해야 함,명사,뜻을 확인해야 함,a 명사 related to 뜻을 확인해야 함,The honor is important.,honor(은) 는 중요하다.,관심사,인공지능,,,"cartoon style, robot, futuristic, illustrate: The honor is important., safe for children, clear and simple","8 second video, cartoon style: 0-2s introduce scene, 2-6s show action from 'The honor is important.', 6-8s conclusion, safe for children, smooth animation",False,pending,success,0,,False
internal,뜻을 확인해야 함,명사,뜻을 확인해야 함,a 명사 related to 뜻을 확인해야 함,The internal is important.,internal(은) 는 중요하다.,학습,초등학교 6 학년 사회,,,"cartoon style, classroom, social studies, illustrate: The internal is important., safe for children, clear and simple","8 second video, cartoon style: 0-2s introduce scene, 2-6s show action from 'The internal is important.', 6-8s conclusion, safe for children, smooth animation",False,pending,success,0,,False
verbal,뜻을 확인해야 함,명사,뜻을 확인해야 함,a 명사 related to 뜻을 확인해야 함,The verbal is important.,verbal(은) 는 중요하다.,관심사,소설 쓰기,,,"cartoon style, writing desk, notebook, illustrate: The verbal is important., safe for children, clear and simple","8 second video, cartoon style: 0-2s introduce scene, 2-6s show action from 'The verbal is important.', 6-8s conclusion, safe for children, smooth animation",False,pending,success,0,,False
besides,뜻을 확인해야 함,명사,뜻을 확인해야 함,a 명사 related to 뜻을 확인해야 함,The besides is important.,besides(은) 는 중요하다.,학습,초등학교 6 학년 과학,,,"cartoon style, laboratory, science experiment, illustrate: The besides is important., safe for children, clear and simple","8 second video, cartoon style: 0-2s introduce scene, 2-6s show action from 'The besides is important.', 6-8s conclusion, safe for children, smooth animation",False,pending,success,0,,False
cure,뜻을 확인해야 함,명사,뜻을 확인해야 함,a 명사 related to 뜻을 확인해야 함,The cure is important.,cure(은) 는 중요하다.,관심사,음악,,,"cartoon style, musical instruments, stage, illustrate: The cure is important., safe for children, clear and simple","8 second video, cartoon style: 0-2s introduce scene, 2-6s show action from 'The cure is important.', 6-8s conclusion, safe for children, smooth animation",False,pending,success,0,,False
core,뜻을 확인해야 함,명사,뜻을 확인해야 함,a 명사 related to 뜻을 확인해야 함,The core is important.,core(은) 는 중요하다.,학습,초등학교 6 학년 사회,,,"cartoon style, classroom, social studies, illustrate: The core is important., safe for children, clear and simple","8 second video, cartoon style: 0-2s introduce scene, 2-6s show action from 'The core is important.', 6-8s conclusion, safe for children, smooth animation",False,pending,success,0,,False
strike,뜻을 확인해야 함,명사,뜻을 확인해야 함,a 명사 related to 뜻을 확인해야 함,The strike is important.,strike(은) 는 중요하다.,관심사,스포츠,,,"cartoon style, sports field, active pose, illustrate: The strike is important., safe for children, clear and simple","8 second video, cartoon style: 0-2s introduce scene, 2-6s show action from 'The strike is important.', 6-8s conclusion, safe for children, smooth animation",False,pending,success,0,,False
channel,뜻을 확인해야 함,명사,뜻을 확인해야 함,a 명사 related to 뜻을 확인해야 함,The channel is important.,channel(은) 는 중요하다.,학습,초등학교 6 학년 과학,,,"cartoon style, laboratory, science experiment, illustrate: The channel is important., safe for children, clear and simple","8 second video, cartoon style: 0-2s introduce scene, 2-6s show action from 'The channel is important.', 6-8s conclusion, safe for children, smooth animation",False,pending,success,0,,False
gratitude,뜻을 확인해야 함,명사,뜻을 확인해야 함,a 명사 related to 뜻을 확인해야 함,The gratitude is important.,gratitude(은) 는 중요하다.,관심사,게임,,,"cartoon style, bright colors, game scene, illustrate: The gratitude is important., safe for children, clear and simple","8 second video, cartoon style: 0-2s introduce scene, 2-6s show action from 'The gratitude is important.', 6-8s conclusion, safe for children, smooth animation",False,pending,success,0,,False
metaphor,뜻을 확인해야 함,명사,뜻을 확인해야 함,a 명사 related to 뜻을 확인해야 함,The metaphor is important.,metaphor(은) 는 중요하다.,학습,초등학교 6 학년 사회,,,"cartoon style, classroom, social studies, illustrate: The metaphor is important., safe for children, clear and simple","8 second video, cartoon style: 0-2s introduce scene, 2-6s show action from 'The metaphor is important.', 6-8s conclusion, safe for children, smooth animation",False,pending,success,0,,False
interpret,뜻을 확인해야 함,명사,뜻을 확인해야 함,a 명사 related to 뜻을 확인해야 함,The interpret is important.,interpret(은) 는 중요하다.,관심사,코딩,,,"cartoon style, computer screen, coding interface, illustrate: The interpret is important., safe for children, clear and simple","8 second video, cartoon style: 0-2s introduce scene, 2-6s show action from 'The interpret is important.', 6-8s conclusion, safe for children, smooth animation",False,pending,success,0,,False
insult,뜻을 확인해야 함,명사,뜻을 확인해야 함,a 명사 related to 뜻을 확인해야 함,The insult is important.,insult(은) 는 중요하다.,학습,초등학교 6 학년 과학,,,"cartoon style, laboratory, science experiment, illustrate: The insult is important., safe for children, clear and simple","8 second video, cartoon style: 0-2s introduce scene, 2-6s show action from 'The insult is important.', 6-8s conclusion, safe for children, smooth animation",False,pending,success,0,,False
weird,뜻을 확인해야 함,명사,뜻을 확인해야 함,a 명사 related to 뜻을 확인해야 함,The weird is important.,weird(은) 는 중요하다.,관심사,인공지능,,,"cartoon style, robot, futuristic, illustrate: The weird is important., safe for children, clear and simple","8 second video, cartoon style: 0-2s introduce scene, 2-6s show action from 'The weird is important.', 6-8s conclusion, safe for children, smooth animation",False,pending,success,0,,False
random,뜻을 확인해야 함,명사,뜻을 확인해야 함,a 명사 related to 뜻을 확인해야 함,The random is important.,random(은) 는 중요하다.,학습,초등학교 6 학년 사회,,,"cartoon style, classroom, social studies, illustrate: The random is important., safe for children, clear and simple","8 second video, cartoon style: 0-2s introduce scene, 2-6s show action from 'The random is important.', 6-8s conclusion, safe for children, smooth animation",False,pending,success,0,,False
remark,뜻을 확인해야 함,명사,뜻을 확인해야 함,a 명사 related to 뜻을 확인해야 함,The remark is important.,remark(은) 는 중요하다.,관심사,소설 쓰기,,,"cartoon style, writing desk, notebook, illustrate: The remark is important., safe for children, clear and simple","8 second video, cartoon style: 0-2s introduce scene, 2-6s show action from 'The remark is important.', 6-8s conclusion, safe for children, smooth animation",False,pending,success,0,,False
sentence,뜻을 확인해야 함,명사,뜻을 확인해야 함,a 명사 related to 뜻을 확인해야 함,The sentence is important.,sentence(은) 는 중요하다.,학습,초등학교 6 학년 과학,,,"cartoon style, laboratory, science experiment, illustrate: The sentence is important., safe for children, clear and simple","8 second video, cartoon style: 0-2s introduce scene, 2-6s show action from 'The sentence is important.', 6-8s conclusion, safe for children, smooth animation",False,pending,success,0,,False
just,뜻을 확인해야 함,명사,뜻을 확인해야 함,a 명사 related to 뜻을 확인해야 함,The just is important.,just(은) 는 중요하다.,관심사,음악,,,"cartoon style, musical instruments, stage, illustrate: The just is important., safe for children, clear and simple","8 second video, cartoon style: 0-2s introduce scene, 2-6s show action from 'The just is important.', 6-8s conclusion, safe for children, smooth animation",False,pending,success,0,,False
moral,뜻을 확인해야 함,명사,뜻을 확인해야 함,a 명사 related to 뜻을 확인해야 함,The moral is important.,moral(은) 는 중요하다.,학습,초등학교 6 학년 사회,,,"cartoon style, classroom, social studies, illustrate: The moral is important., safe for children, clear and simple","8 second video, cartoon style: 0-2s introduce scene, 2-6s show action from 'The moral is important.', 6-8s conclusion, safe for children, smooth animation",False,pending,success,0,,False
peer,뜻을 확인해야 함,명사,뜻을 확인해야 함,a 명사 related to 뜻을 확인해야 함,The peer is important.,peer(은) 는 중요하다.,관심사,스포츠,,,"cartoon style, sports field, active pose, illustrate: The peer is important., safe for children, clear and simple","8 second video, cartoon style: 0-2s introduce scene, 2-6s show action from 'The peer is important.', 6-8s conclusion, safe for children, smooth animation",False,pending,success,0,,False
achieve,뜻을 확인해야 함,명사,뜻을 확인해야 함,a 명사 related to 뜻을 확인해야 함,The achieve is important.,achieve(은) 는 중요하다.,학습,초등학교 6 학년 과학,,,"cartoon style, laboratory, science experiment, illustrate: The achieve is important., safe for children, clear and simple","8 second video, cartoon style: 0-2s introduce scene, 2-6s show action from 'The achieve is important.', 6-8s conclusion, safe for children, smooth animation",False,pending,success,0,,False
path,뜻을 확인해야 함,명사,뜻을 확인해야 함,a 명사 related to 뜻을 확인해야 함,The path is important.,path(은) 는 중요하다.,관심사,게임,,,"cartoon style, bright colors, game scene, illustrate: The path is important., safe for children, clear and simple","8 second video, cartoon style: 0-2s introduce scene, 2-6s show action from 'The path is important.', 6-8s conclusion, safe for children, smooth animation",False,pending,success,0,,False
necessary,뜻을 확인해야 함,명사,뜻을 확인해야 함,a 명사 related to 뜻을 확인해야 함,The necessary is important.,necessary(은) 는 중요하다.,학습,초등학교 6 학년 사회,,,"cartoon style, classroom, social studies, illustrate: The necessary is important., safe for children, clear and simple","8 second video, cartoon style: 0-2s introduce scene, 2-6s show action from 'The necessary is important.', 6-8s conclusion, safe for children, smooth animation",False,pending,success,0,,False
selfish,뜻을 확인해야 함,명사,뜻을 확인해야 함,a 명사 related to 뜻을 확인해야 함,The selfish is important.,selfish(은) 는 중요하다.,관심사,코딩,,,"cartoon style, computer screen, coding interface, illustrate: The selfish is important., safe for children, clear and simple","8 second video, cartoon style: 0-2s introduce scene, 2-6s show action from 'The selfish is important.', 6-8s conclusion, safe for children, smooth animation",False,pending,success,0,,False
penalty,뜻을 확인해야 함,명사,뜻을 확인해야 함,a 명사 related to 뜻을 확인해야 함,The penalty is important.,penalty(은) 는 중요하다.,학습,초등학교 6 학년 과학,,,"cartoon style, laboratory, science experiment, illustrate: The penalty is important., safe for children, clear and simple","8 second video, cartoon style: 0-2s introduce scene, 2-6s show action from 'The penalty is important.', 6-8s conclusion, safe for children, smooth animation",False,pending,success,0,,False
adopt,뜻을 확인해야 함,명사,뜻을 확인해야 함,a 명사 related to 뜻을 확인해야 함,The adopt is important.,adopt(은) 는 중요하다.,관심사,인공지능,,,"cartoon style, robot, futuristic, illustrate: The adopt is important., safe for children, clear and simple","8 second video, cartoon style: 0-2s introduce scene, 2-6s show action from 'The adopt is important.', 6-8s conclusion, safe for children, smooth animation",False,pending,success,0,,False
adapt,뜻을 확인해야 함,명사,뜻을 확인해야 함,a 명사 related to 뜻을 확인해야 함,The adapt is important.,adapt(은) 는 중요하다.,학습,초등학교 6 학년 사회,,,"cartoon style, classroom, social studies, illustrate: The adapt is important., safe for children, clear and simple","8 second video, cartoon style: 0-2s introduce scene, 2-6s show action from 'The adapt is important.', 6-8s conclusion, safe for children, smooth animation",False,pending,success,0,,False
pause,뜻을 확인해야 함,명사,뜻을 확인해야 함,a 명사 related to 뜻을 확인해야 함,The pause is important.,pause(은) 는 중요하다.,관심사,소설 쓰기,,,"cartoon style, writing desk, notebook, illustrate: The pause is important., safe for children, clear and simple","8 second video, cartoon style: 0-2s introduce scene, 2-6s show action from 'The pause is important.', 6-8s conclusion, safe for children, smooth animation",False,pending,success,0,,False
incentive,뜻을 확인해야 함,명사,뜻을 확인해야 함,a 명사 related to 뜻을 확인해야 함,The incentive is important.,incentive(은) 는 중요하다.,학습,초등학교 6 학년 과학,,,"cartoon style, laboratory, science experiment, illustrate: The incentive is important., safe for children, clear and simple","8 second video, cartoon style: 0-2s introduce scene, 2-6s show action from 'The incentive is important.', 6-8s conclusion, safe for children, smooth animation",False,pending,success,0,,False
sacrifice,뜻을 확인해야 함,명사,뜻을 확인해야 함,a 명사 related to 뜻을 확인해야 함,The sacrifice is important.,sacrifice(은) 는 중요하다.,관심사,음악,,,"cartoon style, musical instruments, stage, illustrate: The sacrifice is important., safe for children, clear and simple","8 second video, cartoon style: 0-2s introduce scene, 2-6s show action from 'The sacrifice is important.', 6-8s conclusion, safe for children, smooth animation",False,pending,success,0,,False
generous,뜻을 확인해야 함,명사,뜻을 확인해야 함,a 명사 related to 뜻을 확인해야 함,The generous is important.,generous(은) 는 중요하다.,학습,초등학교 6 학년 사회,,,"cartoon style, classroom, social studies, illustrate: The generous is important., safe for children, clear and simple","8 second video, cartoon style: 0-2s introduce scene, 2-6s show action from 'The generous is important.', 6-8s conclusion, safe for children, smooth animation",False,pending,success,0,,False
appropriate,뜻을 확인해야 함,명사,뜻을 확인해야 함,a 명사 related to 뜻을 확인해야 함,The appropriate is important.,appropriate(은) 는 중요하다.,관심사,스포츠,,,"cartoon style, sports field, active pose, illustrate: The appropriate is important., safe for children, clear and simple","8 second video, cartoon style: 0-2s introduce scene, 2-6s show action from 'The appropriate is important.', 6-8s conclusion, safe for children, smooth animation",False,pending,success,0,,False
chase,뜻을 확인해야 함,명사,뜻을 확인해야 함,a 명사 related to 뜻을 확인해야 함,The chase is important.,chase(은) 는 중요하다.,학습,초등학교 6 학년 과학,,,"cartoon style, laboratory, science experiment, illustrate: The chase is important., safe for children, clear and simple","8 second video, cartoon style: 0-2s introduce scene, 2-6s show action from 'The chase is important.', 6-8s conclusion, safe for children, smooth animation",False,pending,success,0,,False
deserve,뜻을 확인해야 함,명사,뜻을 확인해야 함,a 명사 related to 뜻을 확인해야 함,The deserve is important.,deserve(은) 는 중요하다.,관심사,게임,,,"cartoon style, bright colors, game scene, illustrate: The deserve is important., safe for children, clear and simple","8 second video, cartoon style: 0-2s introduce scene, 2-6s show action from 'The deserve is important.', 6-8s conclusion, safe for children, smooth animation",False,pending,success,0,,False
pretend,뜻을 확인해야 함,명사,뜻을 확인해야 함,a 명사 related to 뜻을 확인해야 함,The pretend is important.,pretend(은) 는 중요하다.,학습,초등학교 6 학년 사회,,,"cartoon style, classroom, social studies, illustrate: The pretend is important., safe for children, clear and simple","8 second video, cartoon style: 0-2s introduce scene, 2-6s show action from 'The pretend is important.', 6-8s conclusion, safe for children, smooth animation",False,pending,success,0,,False
neglect,뜻을 확인해야 함,명사,뜻을 확인해야 함,a 명사 related to 뜻을 확인해야 함,The neglect is important.,neglect(은) 는 중요하다.,관심사,코딩,,,"cartoon style, computer screen, coding interface, illustrate: The neglect is important., safe for children, clear and simple","8 second video, cartoon style: 0-2s introduce scene, 2-6s show action from 'The neglect is important.', 6-8s conclusion, safe for children, smooth animation",False,pending,success,0,,False
lie,뜻을 확인해야 함,명사,뜻을 확인해야 함,a 명사 related to 뜻을 확인해야 함,The lie is important.,lie(은) 는 중요하다.,학습,초등학교 6 학년 과학,,,"cartoon style, laboratory, science experiment, illustrate: The lie is important., safe for children, clear and simple","8 second video, cartoon style: 0-2s introduce scene, 2-6s show action from 'The lie is important.', 6-8s conclusion, safe for children, smooth animation",False,pending,success,0,,False
devote,뜻을 확인해야 함,명사,뜻을 확인해야 함,a 명사 related to 뜻을 확인해야 함,The devote is important.,devote(은) 는 중요하다.,관심사,인공지능,,,"cartoon style, robot, futuristic, illustrate: The devote is important., safe for children, clear and simple","8 second video, cartoon style: 0-2s introduce scene, 2-6s show action from 'The devote is important.', 6-8s conclusion, safe for children, smooth animation",False,pending,success,0,,False
admit,뜻을 확인해야 함,명사,뜻을 확인해야 함,a 명사 related to 뜻을 확인해야 함,The admit is important.,admit(은) 는 중요하다.,학습,초등학교 6 학년 사회,,,"cartoon style, classroom, social studies, illustrate: The admit is important., safe for children, clear and simple","8 second video, cartoon style: 0-2s introduce scene, 2-6s show action from 'The admit is important.', 6-8s conclusion, safe for children, smooth animation",False,pending,success,0,,False
gender,뜻을 확인해야 함,명사,뜻을 확인해야 함,a 명사 related to 뜻을 확인해야 함,The gender is important.,gender(은) 는 중요하다.,관심사,소설 쓰기,,,"cartoon style, writing desk, notebook, illustrate: The gender is important., safe for children, clear and simple","8 second video, cartoon style: 0-2s introduce scene, 2-6s show action from 'The gender is important.', 6-8s conclusion, safe for children, smooth animation",False,pending,success,0,,False
permit,뜻을 확인해야 함,명사,뜻을 확인해야 함,a 명사 related to 뜻을 확인해야 함,The permit is important.,permit(은) 는 중요하다.,학습,초등학교 6 학년 과학,,,"cartoon style, laboratory, science experiment, illustrate: The permit is important., safe for children, clear and simple","8 second video, cartoon style: 0-2s introduce scene, 2-6s show action from 'The permit is important.', 6-8s conclusion, safe for children, smooth animation",False,pending,success,0,,False
spouse,뜻을 확인해야 함,명사,뜻을 확인해야 함,a 명사 related to 뜻을 확인해야 함,The spouse is important.,spouse(은) 는 중요하다.,관심사,음악,,,"cartoon style, musical instruments, stage, illustrate: The spouse is important., safe for children, clear and simple","8 second video, cartoon style: 0-2s introduce scene, 2-6s show action from 'The spouse is important.', 6-8s conclusion, safe for children, smooth animation",False,pending,success,0,,False
ultimate,뜻을 확인해야 함,명사,뜻을 확인해야 함,a 명사 related to 뜻을 확인해야 함,The ultimate is important.,ultimate(은) 는 중요하다.,학습,초등학교 6 학년 사회,,,"cartoon style, classroom, social studies, illustrate: The ultimate is important., safe for children, clear and simple","8 second video, cartoon style: 0-2s introduce scene, 2-6s show action from 'The ultimate is important.', 6-8s conclusion, safe for children, smooth animation",False,pending,success,0,,False
cheat,뜻을 확인해야 함,명사,뜻을 확인해야 함,a 명사 related to 뜻을 확인해야 함,The cheat is important.,cheat(은) 는 중요하다.,관심사,스포츠,,,"cartoon style, sports field, active pose, illustrate: The cheat is important., safe for children, clear and simple","8 second video, cartoon style: 0-2s introduce scene, 2-6s show action from 'The cheat is important.', 6-8s conclusion, safe for children, smooth animation",False,pending,success,0,,False
extraordinary,뜻을 확인해야 함,명사,뜻을 확인해야 함,a 명사 related to 뜻을 확인해야 함,The extraordinary is important.,extraordinary(은) 는 중요하다.,학습,초등학교 6 학년 과학,,,"cartoon style, laboratory, science experiment, illustrate: The extraordinary is important., safe for children, clear and simple","8 second video, cartoon style: 0-2s introduce scene, 2-6s show action from 'The extraordinary is important.', 6-8s conclusion, safe for children, smooth animation",False,pending,success,0,,False
ethnic,뜻을 확인해야 함,명사,뜻을 확인해야 함,a 명사 related to 뜻을 확인해야 함,The ethnic is important.,ethnic(은) 는 중요하다.,관심사,게임,,,"cartoon style, bright colors, game scene, illustrate: The ethnic is important., safe for children, clear and simple","8 second video, cartoon style: 0-2s introduce scene, 2-6s show action from 'The ethnic is important.', 6-8s conclusion, safe for children, smooth animation",False,pending,success,0,,False
ethical,뜻을 확인해야 함,명사,뜻을 확인해야 함,a 명사 related to 뜻을 확인해야 함,The ethical is important.,ethical(은) 는 중요하다.,학습,초등학교 6 학년 사회,,,"cartoon style, classroom, social studies, illustrate: The ethical is important., safe for children, clear and simple","8 second video, cartoon style: 0-2s introduce scene, 2-6s show action from 'The ethical is important.', 6-8s conclusion, safe for children, smooth animation",False,pending,success,0,,False
fundamental,뜻을 확인해야 함,명사,뜻을 확인해야 함,a 명사 related to 뜻을 확인해야 함,The fundamental is important.,fundamental(은) 는 중요하다.,관심사,코딩,,,"cartoon style, computer screen, coding interface, illustrate: The fundamental is important., safe for children, clear and simple","8 second video, cartoon style: 0-2s introduce scene, 2-6s show action from 'The fundamental is important.', 6-8s conclusion, safe for children, smooth animation",False,pending,success,0,,False
modify,뜻을 확인해야 함,명사,뜻을 확인해야 함,a 명사 related to 뜻을 확인해야 함,The modify is important.,modify(은) 는 중요하다.,학습,초등학교 6 학년 과학,,,"cartoon style, laboratory, science experiment, illustrate: The modify is important., safe for children, clear and simple","8 second video, cartoon style: 0-2s introduce scene, 2-6s show action from 'The modify is important.', 6-8s conclusion, safe for children, smooth animation",False,pending,success,0,,False
instinct,뜻을 확인해야 함,명사,뜻을 확인해야 함,a 명사 related to 뜻을 확인해야 함,The instinct is important.,instinct(은) 는 중요하다.,관심사,인공지능,,,"cartoon style, robot, futuristic, illustrate: The instinct is important., safe for children, clear and simple","8 second video, cartoon style: 0-2s introduce scene, 2-6s show action from 'The instinct is important.', 6-8s conclusion, safe for children, smooth animation",False,pending,success,0,,False
volunteer,뜻을 확인해야 함,명사,뜻을 확인해야 함,a 명사 related to 뜻을 확인해야 함,The volunteer is important.,volunteer(은) 는 중요하다.,학습,초등학교 6 학년 사회,,,"cartoon style, classroom, social studies, illustrate: The volunteer is important., safe for children, clear and simple","8 second video, cartoon style: 0-2s introduce scene, 2-6s show action from 'The volunteer is important.', 6-8s conclusion, safe for children, smooth animation",False,pending,success,0,,False
conscious,뜻을 확인해야 함,명사,뜻을 확인해야 함,a 명사 related to 뜻을 확인해야 함,The conscious is important.,conscious(은) 는 중요하다.,관심사,소설 쓰기,,,"cartoon style, writing desk, notebook, illustrate: The conscious is important., safe for children, clear and simple","8 second video, cartoon style: 0-2s introduce scene, 2-6s show action from 'The conscious is important.', 6-8s conclusion, safe for children, smooth animation",False,pending,success,0,,False
tempt,뜻을 확인해야 함,명사,뜻을 확인해야 함,a 명사 related to 뜻을 확인해야 함,The tempt is important.,tempt(은) 는 중요하다.,학습,초등학교 6 학년 과학,,,"cartoon style, laboratory, science experiment, illustrate: The tempt is important., safe for children, clear and simple","8 second video, cartoon style: 0-2s introduce scene, 2-6s show action from 'The tempt is important.', 6-8s conclusion, safe for children, smooth animation",False,pending,success,0,,False
humble,뜻을 확인해야 함,명사,뜻을 확인해야 함,a 명사 related to 뜻을 확인해야 함,The humble is important.,humble(은) 는 중요하다.,관심사,음악,,,"cartoon style, musical instruments, stage, illustrate: The humble is important., safe for children, clear and simple","8 second video, cartoon style: 0-2s introduce scene, 2-6s show action from 'The humble is important.', 6-8s conclusion, safe for children, smooth animation",False,pending,success,0,,False
ashamed,뜻을 확인해야 함,명사,뜻을 확인해야 함,a 명사 related to 뜻을 확인해야 함,The ashamed is important.,ashamed(은) 는 중요하다.,학습,초등학교 6 학년 사회,,,"cartoon style, classroom, social studies, illustrate: The ashamed is important., safe for children, clear and simple","8 second video, cartoon style: 0-2s introduce scene, 2-6s show action from 'The ashamed is important.', 6-8s conclusion, safe for children, smooth animation",False,pending,success,0,,False
prejudice,뜻을 확인해야 함,명사,뜻을 확인해야 함,a 명사 related to 뜻을 확인해야 함,The prejudice is important.,prejudice(은) 는 중요하다.,관심사,스포츠,,,"cartoon style, sports field, active pose, illustrate: The prejudice is important., safe for children, clear and simple","8 second video, cartoon style: 0-2s introduce scene, 2-6s show action from 'The prejudice is important.', 6-8s conclusion, safe for children, smooth animation",False,pending,success,0,,False
order,뜻을 확인해야 함,명사,뜻을 확인해야 함,a 명사 related to 뜻을 확인해야 함,The order is important.,order(은) 는 중요하다.,학습,초등학교 6 학년 과학,,,"cartoon style, laboratory, science experiment, illustrate: The order is important., safe for children, clear and simple","8 second video, cartoon style: 0-2s introduce scene, 2-6s show action from 'The order is important.', 6-8s conclusion, safe for children, smooth animation",False,pending,success,0,,False
welfare,뜻을 확인해야 함,명사,뜻을 확인해야 함,a 명사 related to 뜻을 확인해야 함,The welfare is important.,welfare(은) 는 중요하다.,관심사,게임,,,"cartoon style, bright colors, game scene, illustrate: The welfare is important., safe for children, clear and simple","8 second video, cartoon style: 0-2s introduce scene, 2-6s show action from 'The welfare is important.', 6-8s conclusion, safe for children, smooth animation",False,pending,success,0,,False
victim,뜻을 확인해야 함,명사,뜻을 확인해야 함,a 명사 related to 뜻을 확인해야 함,The victim is important.,victim(은) 는 중요하다.,학습,초등학교 6 학년 사회,,,"cartoon style, classroom, social studies, illustrate: The victim is important., safe for children, clear and simple","8 second video, cartoon style: 0-2s introduce scene, 2-6s show action from 'The victim is important.', 6-8s conclusion, safe for children, smooth animation",False,pending,success,0,,False
population,뜻을 확인해야 함,명사,뜻을 확인해야 함,a 명사 related to 뜻을 확인해야 함,The population is important.,population(은) 는 중요하다.,관심사,코딩,,,"cartoon style, computer screen, coding interface, illustrate: The population is important., safe for children, clear and simple","8 second video, cartoon style: 0-2s introduce scene, 2-6s show action from 'The population is important.', 6-8s conclusion, safe for children, smooth animation",False,pending,success,0,,False
neighbor,뜻을 확인해야 함,명사,뜻을 확인해야 함,a 명사 related to 뜻을 확인해야 함,The neighbor is important.,neighbor(은) 는 중요하다.,학습,초등학교 6 학년 과학,,,"cartoon style, laboratory, science experiment, illustrate: The neighbor is important., safe for children, clear and simple","8 second video, cartoon style: 0-2s introduce scene, 2-6s show action from 'The neighbor is important.', 6-8s conclusion, safe for children, smooth animation",False,pending,success,0,,False
ignore,뜻을 확인해야 함,명사,뜻을 확인해야 함,a 명사 related to 뜻을 확인해야 함,The ignore is important.,ignore(은) 는 중요하다.,관심사,인공지능,,,"cartoon style, robot, futuristic, illustrate: The ignore is important., safe for children, clear and simple","8 second video, cartoon style: 0-2s introduce scene, 2-6s show action from 'The ignore is important.', 6-8s conclusion, safe for children, smooth animation",False,pending,success,0,,False
donate,뜻을 확인해야 함,명사,뜻을 확인해야 함,a 명사 related to 뜻을 확인해야 함,The donate is important.,donate(은) 는 중요하다.,학습,초등학교 6 학년 사회,,,"cartoon style, classroom, social studies, illustrate: The donate is important., safe for children, clear and simple","8 second video, cartoon style: 0-2s introduce scene, 2-6s show action from 'The donate is important.', 6-8s conclusion, safe for children, smooth animation",False,pending,success,0,,False
serious,뜻을 확인해야 함,명사,뜻을 확인해야 함,a 명사 related to 뜻을 확인해야 함,The serious is important.,serious(은) 는 중요하다.,관심사,소설 쓰기,,,"cartoon style, writing desk, notebook, illustrate: The serious is important., safe for children, clear and simple","8 second video, cartoon style: 0-2s introduce scene, 2-6s show action from 'The serious is important.', 6-8s conclusion, safe for children, smooth animation",False,pending,success,0,,False
fund,뜻을 확인해야 함,명사,뜻을 확인해야 함,a 명사 related to 뜻을 확인해야 함,The fund is important.,fund(은) 는 중요하다.,학습,초등학교 6 학년 과학,,,"cartoon style, laboratory, science experiment, illustrate: The fund is important., safe for children, clear and simple","8 second video, cartoon style: 0-2s introduce scene, 2-6s show action from 'The fund is important.', 6-8s conclusion, safe for children, smooth animation",False,pending,success,0,,False
personal,뜻을 확인해야 함,명사,뜻을 확인해야 함,a 명사 related to 뜻을 확인해야 함,The personal is important.,personal(은) 는 중요하다.,관심사,음악,,,"cartoon style, musical instruments, stage, illustrate: The personal is important., safe for children, clear and simple","8 second video, cartoon style: 0-2s introduce scene, 2-6s show action from 'The personal is important.', 6-8s conclusion, safe for children, smooth animation",False,pending,success,0,,False
personnel,뜻을 확인해야 함,명사,뜻을 확인해야 함,a 명사 related to 뜻을 확인해야 함,The personnel is important.,personnel(은) 는 중요하다.,학습,초등학교 6 학년 사회,,,"cartoon style, classroom, social studies, illustrate: The personnel is important., safe for children, clear and simple","8 second video, cartoon style: 0-2s introduce scene, 2-6s show action from 'The personnel is important.', 6-8s conclusion, safe for children, smooth animation",False,pending,success,0,,False
half,뜻을 확인해야 함,명사,뜻을 확인해야 함,a 명사 related to 뜻을 확인해야 함,The half is important.,half(은) 는 중요하다.,관심사,스포츠,,,"cartoon style, sports field, active pose, illustrate: The half is important., safe for children, clear and simple","8 second video, cartoon style: 0-2s introduce scene, 2-6s show action from 'The half is important.', 6-8s conclusion, safe for children, smooth animation",False,pending,success,0,,False
concern,뜻을 확인해야 함,명사,뜻을 확인해야 함,a 명사 related to 뜻을 확인해야 함,The concern is important.,concern(은) 는 중요하다.,학습,초등학교 6 학년 과학,,,"cartoon style, laboratory, science experiment, illustrate: The concern is important., safe for children, clear and simple","8 second video, cartoon style: 0-2s introduce scene, 2-6s show action from 'The concern is important.', 6-8s conclusion, safe for children, smooth animation",False,pending,success,0,,False
rescue,뜻을 확인해야 함,명사,뜻을 확인해야 함,a 명사 related to 뜻을 확인해야 함,The rescue is important.,rescue(은) 는 중요하다.,관심사,게임,,,"cartoon style, bright colors, game scene, illustrate: The rescue is important., safe for children, clear and simple","8 second video, cartoon style: 0-2s introduce scene, 2-6s show action from 'The rescue is important.', 6-8s conclusion, safe for children, smooth animation",False,pending,success,0,,False
critic,뜻을 확인해야 함,명사,뜻을 확인해야 함,a 명사 related to 뜻을 확인해야 함,The critic is important.,critic(은) 는 중요하다.,학습,초등학교 6 학년 사회,,,"cartoon style, classroom, social studies, illustrate: The critic is important., safe for children, clear and simple","8 second video, cartoon style: 0-2s introduce scene, 2-6s show action from 'The critic is important.', 6-8s conclusion, safe for children, smooth animation",False,pending,success,0,,False
charity,뜻을 확인해야 함,명사,뜻을 확인해야 함,a 명사 related to 뜻을 확인해야 함,The charity is important.,charity(은) 는 중요하다.,관심사,코딩,,,"cartoon style, computer screen, coding interface, illustrate: The charity is important., safe for children, clear and simple","8 second video, cartoon style: 0-2s introduce scene, 2-6s show action from 'The charity is important.', 6-8s conclusion, safe for children, smooth animation",False,pending,success,0,,False
rage,뜻을 확인해야 함,명사,뜻을 확인해야 함,a 명사 related to 뜻을 확인해야 함,The rage is important.,rage(은) 는 중요하다.,학습,초등학교 6 학년 과학,,,"cartoon style, laboratory, science experiment, illustrate: The rage is important., safe for children, clear and simple","8 second video, cartoon style: 0-2s introduce scene, 2-6s show action from 'The rage is important.', 6-8s conclusion, safe for children, smooth animation",False,pending,success,0,,False
afford,뜻을 확인해야 함,명사,뜻을 확인해야 함,a 명사 related to 뜻을 확인해야 함,The afford is important.,afford(은) 는 중요하다.,관심사,인공지능,,,"cartoon style, robot, futuristic, illustrate: The afford is important., safe for children, clear and simple","8 second video, cartoon style: 0-2s introduce scene, 2-6s show action from 'The afford is important.', 6-8s conclusion, safe for children, smooth animation",False,pending,success,0,,False
unite,뜻을 확인해야 함,명사,뜻을 확인해야 함,a 명사 related to 뜻을 확인해야 함,The unite is important.,unite(은) 는 중요하다.,학습,초등학교 6 학년 사회,,,"cartoon style, classroom, social studies, illustrate: The unite is important., safe for children, clear and simple","8 second video, cartoon style: 0-2s introduce scene, 2-6s show action from 'The unite is important.', 6-8s conclusion, safe for children, smooth animation",False,pending,success,0,,False
orphan,뜻을 확인해야 함,명사,뜻을 확인해야 함,a 명사 related to 뜻을 확인해야 함,The orphan is important.,orphan(은) 는 중요하다.,관심사,소설 쓰기,,,"cartoon style, writing desk, notebook, illustrate: The orphan is important., safe for children, clear and simple","8 second video, cartoon style: 0-2s introduce scene, 2-6s show action from 'The orphan is important.', 6-8s conclusion, safe for children, smooth animation",False,pending,success,0,,False
bear,뜻을 확인해야 함,명사,뜻을 확인해야 함,a 명사 related to 뜻을 확인해야 함,The bear is important.,bear(은) 는 중요하다.,학습,초등학교 6 학년 과학,,,"cartoon style, laboratory, science experiment, illustrate: The bear is important., safe for children, clear and simple","8 second video, cartoon style: 0-2s introduce scene, 2-6s show action from 'The bear is important.', 6-8s conclusion, safe for children, smooth animation",False,pending,success,0,,False
abandon,뜻을 확인해야 함,명사,뜻을 확인해야 함,a 명사 related to 뜻을 확인해야 함,The abandon is important.,abandon(은) 는 중요하다.,관심사,음악,,,"cartoon style, musical instruments, stage, illustrate: The abandon is important., safe for children, clear and simple","8 second video, cartoon style: 0-2s introduce scene, 2-6s show action from 'The abandon is important.', 6-8s conclusion, safe for children, smooth animation",False,pending,success,0,,False
crash,뜻을 확인해야 함,명사,뜻을 확인해야 함,a 명사 related to 뜻을 확인해야 함,The crash is important.,crash(은) 는 중요하다.,학습,초등학교 6 학년 사회,,,"cartoon style, classroom, social studies, illustrate: The crash is important., safe for children, clear and simple","8 second video, cartoon style: 0-2s introduce scene, 2-6s show action from 'The crash is important.', 6-8s conclusion, safe for children, smooth animation",False,pending,success,0,,False
promote,뜻을 확인해야 함,명사,뜻을 확인해야 함,a 명사 related to 뜻을 확인해야 함,The promote is important.,promote(은) 는 중요하다.,관심사,스포츠,,,"cartoon style, sports field, active pose, illustrate: The promote is important., safe for children, clear and simple","8 second video, cartoon style: 0-2s introduce scene, 2-6s show action from 'The promote is important.', 6-8s conclusion, safe for children, smooth animation",False,pending,success,0,,False
decade,뜻을 확인해야 함,명사,뜻을 확인해야 함,a 명사 related to 뜻을 확인해야 함,The decade is important.,decade(은) 는 중요하다.,학습,초등학교 6 학년 과학,,,"cartoon style, laboratory, science experiment, illustrate: The decade is important., safe for children, clear and simple","8 second video, cartoon style: 0-2s introduce scene, 2-6s show action from 'The decade is important.', 6-8s conclusion, safe for children, smooth animation",False,pending,success,0,,False
establish,뜻을 확인해야 함,명사,뜻을 확인해야 함,a 명사 related to 뜻을 확인해야 함,The establish is important.,establish(은) 는 중요하다.,관심사,게임,,,"cartoon style, bright colors, game scene, illustrate: The establish is important., safe for children, clear and simple","8 second video, cartoon style: 0-2s introduce scene, 2-6s show action from 'The establish is important.', 6-8s conclusion, safe for children, smooth animation",False,pending,success,0,,False
burden,뜻을 확인해야 함,명사,뜻을 확인해야 함,a 명사 related to 뜻을 확인해야 함,The burden is important.,burden(은) 는 중요하다.,학습,초등학교 6 학년 사회,,,"cartoon style, classroom, social studies, illustrate: The burden is important., safe for children, clear and simple","8 second video, cartoon style: 0-2s introduce scene, 2-6s show action from 'The burden is important.', 6-8s conclusion, safe for children, smooth animation",False,pending,success,0,,False
assist,뜻을 확인해야 함,명사,뜻을 확인해야 함,a 명사 related to 뜻을 확인해야 함,The assist is important.,assist(은) 는 중요하다.,관심사,코딩,,,"cartoon style, computer screen, coding interface, illustrate: The assist is important., safe for children, clear and simple","8 second video, cartoon style: 0-2s introduce scene, 2-6s show action from 'The assist is important.', 6-8s conclusion, safe for children, smooth animation",False,pending,success,0,,False
resolve,뜻을 확인해야 함,명사,뜻을 확인해야 함,a 명사 related to 뜻을 확인해야 함,The resolve is important.,resolve(은) 는 중요하다.,학습,초등학교 6 학년 과학,,,"cartoon style, laboratory, science experiment, illustrate: The resolve is important., safe for children, clear and simple","8 second video, cartoon style: 0-2s introduce scene, 2-6s show action from 'The resolve is important.', 6-8s conclusion, safe for children, smooth animation",False,pending,success,0,,False
detect,뜻을 확인해야 함,명사,뜻을 확인해야 함,a 명사 related to 뜻을 확인해야 함,The detect is important.,detect(은) 는 중요하다.,관심사,인공지능,,,"cartoon style, robot, futuristic, illustrate: The detect is important., safe for children, clear and simple","8 second video, cartoon style: 0-2s introduce scene, 2-6s show action from 'The detect is important.', 6-8s conclusion, safe for children, smooth animation",False,pending,success,0,,False
defeat,뜻을 확인해야 함,명사,뜻을 확인해야 함,a 명사 related to 뜻을 확인해야 함,The defeat is important.,defeat(은) 는 중요하다.,학습,초등학교 6 학년 사회,,,"cartoon style, classroom, social studies, illustrate: The defeat is important., safe for children, clear and simple","8 second video, cartoon style: 0-2s introduce scene, 2-6s show action from 'The defeat is important.', 6-8s conclusion, safe for children, smooth animation",False,pending,success,0,,False
capture,뜻을 확인해야 함,명사,뜻을 확인해야 함,a 명사 related to 뜻을 확인해야 함,The capture is important.,capture(은) 는 중요하다.,관심사,소설 쓰기,,,"cartoon style, writing desk, notebook, illustrate: The capture is important., safe for children, clear and simple","8 second video, cartoon style: 0-2s introduce scene, 2-6s show action from 'The capture is important.', 6-8s conclusion, safe for children, smooth animation",False,pending,success,0,,False
perspective,뜻을 확인해야 함,명사,뜻을 확인해야 함,a 명사 related to 뜻을 확인해야 함,The perspective is important.,perspective(은) 는 중요하다.,학습,초등학교 6 학년 과학,,,"cartoon style, laboratory, science experiment, illustrate: The perspective is important., safe for children, clear and simple","8 second video, cartoon style: 0-2s introduce scene, 2-6s show action from 'The perspective is important.', 6-8s conclusion, safe for children, smooth animation",False,pending,success,0,,False
desperate,뜻을 확인해야 함,명사,뜻을 확인해야 함,a 명사 related to 뜻을 확인해야 함,The desperate is important.,desperate(은) 는 중요하다.,관심사,음악,,,"cartoon style, musical instruments, stage, illustrate: The desperate is important., safe for children, clear and simple","8 second video, cartoon style: 0-2s introduce scene, 2-6s show action from 'The desperate is important.', 6-8s conclusion, safe for children, smooth animation",False,pending,success,0,,False
apparent,뜻을 확인해야 함,명사,뜻을 확인해야 함,a 명사 related to 뜻을 확인해야 함,The apparent is important.,apparent(은) 는 중요하다.,학습,초등학교 6 학년 사회,,,"cartoon style, classroom, social studies, illustrate: The apparent is important., safe for children, clear and simple","8 second video, cartoon style: 0-2s introduce scene, 2-6s show action from 'The apparent is important.', 6-8s conclusion, safe for children, smooth animation",False,pending,success,0,,False
contradict,뜻을 확인해야 함,명사,뜻을 확인해야 함,a 명사 related to 뜻을 확인해야 함,The contradict is important.,contradict(은) 는 중요하다.,관심사,스포츠,,,"cartoon style, sports field, active pose, illustrate: The contradict is important., safe for children, clear and simple","8 second video, cartoon style: 0-2s introduce scene, 2-6s show action from 'The contradict is important.', 6-8s conclusion, safe for children, smooth animation",False,pending,success,0,,False
aggressive,뜻을 확인해야 함,명사,뜻을 확인해야 함,a 명사 related to 뜻을 확인해야 함,The aggressive is important.,aggressive(은) 는 중요하다.,학습,초등학교 6 학년 과학,,,"cartoon style, laboratory, science experiment, illustrate: The aggressive is important., safe for children, clear and simple","8 second video, cartoon style: 0-2s introduce scene, 2-6s show action from 'The aggressive is important.', 6-8s conclusion, safe for children, smooth animation",False,pending,success,0,,False
companion,뜻을 확인해야 함,명사,뜻을 확인해야 함,a 명사 related to 뜻을 확인해야 함,The companion is important.,companion(은) 는 중요하다.,관심사,게임,,,"cartoon style, bright colors, game scene, illustrate: The companion is important., safe for children, clear and simple","8 second video, cartoon style: 0-2s introduce scene, 2-6s show action from 'The companion is important.', 6-8s conclusion, safe for children, smooth animation",False,pending,success,0,,False
compromise,뜻을 확인해야 함,명사,뜻을 확인해야 함,a 명사 related to 뜻을 확인해야 함,The compromise is important.,compromise(은) 는 중요하다.,학습,초등학교 6 학년 사회,,,"cartoon style, classroom, social studies, illustrate: The compromise is important., safe for children, clear and simple","8 second video, cartoon style: 0-2s introduce scene, 2-6s show action from 'The compromise is important.', 6-8s conclusion, safe for children, smooth animation",False,pending,success,0,,False
commitment,뜻을 확인해야 함,명사,뜻을 확인해야 함,a 명사 related to 뜻을 확인해야 함,The commitment is important.,commitment(은) 는 중요하다.,관심사,코딩,,,"cartoon style, computer screen, coding interface, illustrate: The commitment is important., safe for children, clear and simple","8 second video, cartoon style: 0-2s introduce scene, 2-6s show action from 'The commitment is important.', 6-8s conclusion, safe for children, smooth animation",False,pending,success,0,,False
stock,뜻을 확인해야 함,명사,뜻을 확인해야 함,a 명사 related to 뜻을 확인해야 함,The stock is important.,stock(은) 는 중요하다.,학습,초등학교 6 학년 과학,,,"cartoon style, laboratory, science experiment, illustrate: The stock is important., safe for children, clear and simple","8 second video, cartoon style: 0-2s introduce scene, 2-6s show action from 'The stock is important.', 6-8s conclusion, safe for children, smooth animation",False,pending,success,0,,False
publish,뜻을 확인해야 함,명사,뜻을 확인해야 함,a 명사 related to 뜻을 확인해야 함,The publish is important.,publish(은) 는 중요하다.,관심사,인공지능,,,"cartoon style, robot, futuristic, illustrate: The publish is important., safe for children, clear and simple","8 second video, cartoon style: 0-2s introduce scene, 2-6s show action from 'The publish is important.', 6-8s conclusion, safe for children, smooth animation",False,pending,success,0,,False
literature,뜻을 확인해야 함,명사,뜻을 확인해야 함,a 명사 related to 뜻을 확인해야 함,The literature is important.,literature(은) 는 중요하다.,학습,초등학교 6 학년 사회,,,"cartoon style, classroom, social studies, illustrate: The literature is important., safe for children, clear and simple","8 second video, cartoon style: 0-2s introduce scene, 2-6s show action from 'The literature is important.', 6-8s conclusion, safe for children, smooth animation",False,pending,success,0,,False
fiction,뜻을 확인해야 함,명사,뜻을 확인해야 함,a 명사 related to 뜻을 확인해야 함,The fiction is important.,fiction(은) 는 중요하다.,관심사,소설 쓰기,,,"cartoon style, writing desk, notebook, illustrate: The fiction is important., safe for children, clear and simple","8 second video, cartoon style: 0-2s introduce scene, 2-6s show action from 'The fiction is important.', 6-8s conclusion, safe for children, smooth animation",False,pending,success,0,,False
author,뜻을 확인해야 함,명사,뜻을 확인해야 함,a 명사 related to 뜻을 확인해야 함,The author is important.,author(은) 는 중요하다.,학습,초등학교 6 학년 과학,,,"cartoon style, laboratory, science experiment, illustrate: The author is important., safe for children, clear and simple","8 second video, cartoon style: 0-2s introduce scene, 2-6s show action from 'The author is important.', 6-8s conclusion, safe for children, smooth animation",False,pending,success,0,,False
symbol,뜻을 확인해야 함,명사,뜻을 확인해야 함,a 명사 related to 뜻을 확인해야 함,The symbol is important.,symbol(은) 는 중요하다.,관심사,음악,,,"cartoon style, musical instruments, stage, illustrate: The symbol is important., safe for children, clear and simple","8 second video, cartoon style: 0-2s introduce scene, 2-6s show action from 'The symbol is important.', 6-8s conclusion, safe for children, smooth animation",False,pending,success,0,,False
plot,뜻을 확인해야 함,명사,뜻을 확인해야 함,a 명사 related to 뜻을 확인해야 함,The plot is important.,plot(은) 는 중요하다.,학습,초등학교 6 학년 사회,,,"cartoon style, classroom, social studies, illustrate: The plot is important., safe for children, clear and simple","8 second video, cartoon style: 0-2s introduce scene, 2-6s show action from 'The plot is important.', 6-8s conclusion, safe for children, smooth animation",False,pending,success,0,,False
collaborate,뜻을 확인해야 함,명사,뜻을 확인해야 함,a 명사 related to 뜻을 확인해야 함,The collaborate is important.,collaborate(은) 는 중요하다.,관심사,스포츠,,,"cartoon style, sports field, active pose, illustrate: The collaborate is important., safe for children, clear and simple","8 second video, cartoon style: 0-2s introduce scene, 2-6s show action from 'The collaborate is important.', 6-8s conclusion, safe for children, smooth animation",False,pending,success,0,,False
statue,뜻을 확인해야 함,명사,뜻을 확인해야 함,a 명사 related to 뜻을 확인해야 함,The statue is important.,statue(은) 는 중요하다.,학습,초등학교 6 학년 과학,,,"cartoon style, laboratory, science experiment, illustrate: The statue is important., safe for children, clear and simple","8 second video, cartoon style: 0-2s introduce scene, 2-6s show action from 'The statue is important.', 6-8s conclusion, safe for children, smooth animation",False,pending,success,0,,False
state,뜻을 확인해야 함,명사,뜻을 확인해야 함,a 명사 related to 뜻을 확인해야 함,The state is important.,state(은) 는 중요하다.,관심사,게임,,,"cartoon style, bright colors, game scene, illustrate: The state is important., safe for children, clear and simple","8 second video, cartoon style: 0-2s introduce scene, 2-6s show action from 'The state is important.', 6-8s conclusion, safe for children, smooth animation",False,pending,success,0,,False
status,뜻을 확인해야 함,명사,뜻을 확인해야 함,a 명사 related to 뜻을 확인해야 함,The status is important.,status(은) 는 중요하다.,학습,초등학교 6 학년 사회,,,"cartoon style, classroom, social studies, illustrate: The status is important., safe for children, clear and simple","8 second video, cartoon style: 0-2s introduce scene, 2-6s show action from 'The status is important.', 6-8s conclusion, safe for children, smooth animation",False,pending,success,0,,False
fit,뜻을 확인해야 함,명사,뜻을 확인해야 함,a 명사 related to 뜻을 확인해야 함,The fit is important.,fit(은) 는 중요하다.,관심사,코딩,,,"cartoon style, computer screen, coding interface, illustrate: The fit is important., safe for children, clear and simple","8 second video, cartoon style: 0-2s introduce scene, 2-6s show action from 'The fit is important.', 6-8s conclusion, safe for children, smooth animation",False,pending,success,0,,False
movement,뜻을 확인해야 함,명사,뜻을 확인해야 함,a 명사 related to 뜻을 확인해야 함,The movement is important.,movement(은) 는 중요하다.,학습,초등학교 6 학년 과학,,,"cartoon style, laboratory, science experiment, illustrate: The movement is important., safe for children, clear and simple","8 second video, cartoon style: 0-2s introduce scene, 2-6s show action from 'The movement is important.', 6-8s conclusion, safe for children, smooth animation",False,pending,success,0,,False
brilliant,뜻을 확인해야 함,명사,뜻을 확인해야 함,a 명사 related to 뜻을 확인해야 함,The brilliant is important.,brilliant(은) 는 중요하다.,관심사,인공지능,,,"cartoon style, robot, futuristic, illustrate: The brilliant is important., safe for children, clear and simple","8 second video, cartoon style: 0-2s introduce scene, 2-6s show action from 'The brilliant is important.', 6-8s conclusion, safe for children, smooth animation",False,pending,success,0,,False
prior,뜻을 확인해야 함,명사,뜻을 확인해야 함,a 명사 related to 뜻을 확인해야 함,The prior is important.,prior(은) 는 중요하다.,학습,초등학교 6 학년 사회,,,"cartoon style, classroom, social studies, illustrate: The prior is important., safe for children, clear and simple","8 second video, cartoon style: 0-2s introduce scene, 2-6s show action from 'The prior is important.', 6-8s conclusion, safe for children, smooth animation",False,pending,success,0,,False
outline,뜻을 확인해야 함,명사,뜻을 확인해야 함,a 명사 related to 뜻을 확인해야 함,The outline is important.,outline(은) 는 중요하다.,관심사,소설 쓰기,,,"cartoon style, writing desk, notebook, illustrate: The outline is important., safe for children, clear and simple","8 second video, cartoon style: 0-2s introduce scene, 2-6s show action from 'The outline is important.', 6-8s conclusion, safe for children, smooth animation",False,pending,success,0,,False
sort,뜻을 확인해야 함,명사,뜻을 확인해야 함,a 명사 related to 뜻을 확인해야 함,The sort is important.,sort(은) 는 중요하다.,학습,초등학교 6 학년 과학,,,"cartoon style, laboratory, science experiment, illustrate: The sort is important., safe for children, clear and simple","8 second video, cartoon style: 0-2s introduce scene, 2-6s show action from 'The sort is important.', 6-8s conclusion, safe for children, smooth animation",False,pending,success,0,,False
portrait,뜻을 확인해야 함,명사,뜻을 확인해야 함,a 명사 related to 뜻을 확인해야 함,The portrait is important.,portrait(은) 는 중요하다.,관심사,음악,,,"cartoon style, musical instruments, stage, illustrate: The portrait is important., safe for children, clear and simple","8 second video, cartoon style: 0-2s introduce scene, 2-6s show action from 'The portrait is important.', 6-8s conclusion, safe for children, smooth animation",False,pending,success,0,,False
tale,뜻을 확인해야 함,명사,뜻을 확인해야 함,a 명사 related to 뜻을 확인해야 함,The tale is important.,tale(은) 는 중요하다.,학습,초등학교 6 학년 사회,,,"cartoon style, classroom, social studies, illustrate: The tale is important., safe for children, clear and simple","8 second video, cartoon style: 0-2s introduce scene, 2-6s show action from 'The tale is important.', 6-8s conclusion, safe for children, smooth animation",False,pending,success,0,,False
add,뜻을 확인해야 함,명사,뜻을 확인해야 함,a 명사 related to 뜻을 확인해야 함,The add is important.,add(은) 는 중요하다.,관심사,스포츠,,,"cartoon style, sports field, active pose, illustrate: The add is important., safe for children, clear and simple","8 second video, cartoon style: 0-2s introduce scene, 2-6s show action from 'The add is important.', 6-8s conclusion, safe for children, smooth animation",False,pending,success,0,,False
volume,뜻을 확인해야 함,명사,뜻을 확인해야 함,a 명사 related to 뜻을 확인해야 함,The volume is important.,volume(은) 는 중요하다.,학습,초등학교 6 학년 과학,,,"cartoon style, laboratory, science experiment, illustrate: The volume is important., safe for children, clear and simple","8 second video, cartoon style: 0-2s introduce scene, 2-6s show action from 'The volume is important.', 6-8s conclusion, safe for children, smooth animation",False,pending,success,0,,False
wisdom,뜻을 확인해야 함,명사,뜻을 확인해야 함,a 명사 related to 뜻을 확인해야 함,The wisdom is important.,wisdom(은) 는 중요하다.,관심사,게임,,,"cartoon style, bright colors, game scene, illustrate: The wisdom is important., safe for children, clear and simple","8 second video, cartoon style: 0-2s introduce scene, 2-6s show action from 'The wisdom is important.', 6-8s conclusion, safe for children, smooth animation",False,pending,success,0,,False
impressed,뜻을 확인해야 함,명사,뜻을 확인해야 함,a 명사 related to 뜻을 확인해야 함,The impressed is important.,impressed(은) 는 중요하다.,학습,초등학교 6 학년 사회,,,"cartoon style, classroom, social studies, illustrate: The impressed is important., safe for children, clear and simple","8 second video, cartoon style: 0-2s introduce scene, 2-6s show action from 'The impressed is important.', 6-8s conclusion, safe for children, smooth animation",False,pending,success,0,,False
emphasize,뜻을 확인해야 함,명사,뜻을 확인해야 함,a 명사 related to 뜻을 확인해야 함,The emphasize is important.,emphasize(은) 는 중요하다.,관심사,코딩,,,"cartoon style, computer screen, coding interface, illustrate: The emphasize is important., safe for children, clear and simple","8 second video, cartoon style: 0-2s introduce scene, 2-6s show action from 'The emphasize is important.', 6-8s conclusion, safe for children, smooth animation",False,pending,success,0,,False
bold,뜻을 확인해야 함,명사,뜻을 확인해야 함,a 명사 related to 뜻을 확인해야 함,The bold is important.,bold(은) 는 중요하다.,학습,초등학교 6 학년 과학,,,"cartoon style, laboratory, science experiment, illustrate: The bold is important., safe for children, clear and simple","8 second video, cartoon style: 0-2s introduce scene, 2-6s show action from 'The bold is important.', 6-8s conclusion, safe for children, smooth animation",False,pending,success,0,,False
admire,뜻을 확인해야 함,명사,뜻을 확인해야 함,a 명사 related to 뜻을 확인해야 함,The admire is important.,admire(은) 는 중요하다.,관심사,인공지능,,,"cartoon style, robot, futuristic, illustrate: The admire is important., safe for children, clear and simple","8 second video, cartoon style: 0-2s introduce scene, 2-6s show action from 'The admire is important.', 6-8s conclusion, safe for children, smooth animation",False,pending,success,0,,False
vivid,뜻을 확인해야 함,명사,뜻을 확인해야 함,a 명사 related to 뜻을 확인해야 함,The vivid is important.,vivid(은) 는 중요하다.,학습,초등학교 6 학년 사회,,,"cartoon style, classroom, social studies, illustrate: The vivid is important., safe for children, clear and simple","8 second video, cartoon style: 0-2s introduce scene, 2-6s show action from 'The vivid is important.', 6-8s conclusion, safe for children, smooth animation",False,pending,success,0,,False
multiple,뜻을 확인해야 함,명사,뜻을 확인해야 함,a 명사 related to 뜻을 확인해야 함,The multiple is important.,multiple(은) 는 중요하다.,관심사,소설 쓰기,,,"cartoon style, writing desk, notebook, illustrate: The multiple is important., safe for children, clear and simple","8 second video, cartoon style: 0-2s introduce scene, 2-6s show action from 'The multiple is important.', 6-8s conclusion, safe for children, smooth animation",False,pending,success,0,,False
profound,뜻을 확인해야 함,명사,뜻을 확인해야 함,a 명사 related to 뜻을 확인해야 함,The profound is important.,profound(은) 는 중요하다.,학습,초등학교 6 학년 과학,,,"cartoon style, laboratory, science experiment, illustrate: The profound is important., safe for children, clear and simple","8 second video, cartoon style: 0-2s introduce scene, 2-6s show action from 'The profound is important.', 6-8s conclusion, safe for children, smooth animation",False,pending,success,0,,False
terrible,뜻을 확인해야 함,명사,뜻을 확인해야 함,a 명사 related to 뜻을 확인해야 함,The terrible is important.,terrible(은) 는 중요하다.,관심사,음악,,,"cartoon style, musical instruments, stage, illustrate: The terrible is important., safe for children, clear and simple","8 second video, cartoon style: 0-2s introduce scene, 2-6s show action from 'The terrible is important.', 6-8s conclusion, safe for children, smooth animation",False,pending,success,0,,False
terrific,뜻을 확인해야 함,명사,뜻을 확인해야 함,a 명사 related to 뜻을 확인해야 함,The terrific is important.,terrific(은) 는 중요하다.,학습,초등학교 6 학년 사회,,,"cartoon style, classroom, social studies, illustrate: The terrific is important., safe for children, clear and simple","8 second video, cartoon style: 0-2s introduce scene, 2-6s show action from 'The terrific is important.', 6-8s conclusion, safe for children, smooth animation",False,pending,success,0,,False
calculate,뜻을 확인해야 함,명사,뜻을 확인해야 함,a 명사 related to 뜻을 확인해야 함,The calculate is important.,calculate(은) 는 중요하다.,관심사,스포츠,,,"cartoon style, sports field, active pose, illustrate: The calculate is important., safe for children, clear and simple","8 second video, cartoon style: 0-2s introduce scene, 2-6s show action from 'The calculate is important.', 6-8s conclusion, safe for children, smooth animation",False,pending,success,0,,False
opportunity,뜻을 확인해야 함,명사,뜻을 확인해야 함,a 명사 related to 뜻을 확인해야 함,The opportunity is important.,opportunity(은) 는 중요하다.,학습,초등학교 6 학년 과학,,,"cartoon style, laboratory, science experiment, illustrate: The opportunity is important., safe for children, clear and simple","8 second video, cartoon style: 0-2s introduce scene, 2-6s show action from 'The opportunity is important.', 6-8s conclusion, safe for children, smooth animation",False,pending,success,0,,False
poetry,뜻을 확인해야 함,명사,뜻을 확인해야 함,a 명사 related to 뜻을 확인해야 함,The poetry is important.,poetry(은) 는 중요하다.,관심사,게임,,,"cartoon style, bright colors, game scene, illustrate: The poetry is important., safe for children, clear and simple","8 second video, cartoon style: 0-2s introduce scene, 2-6s show action from 'The poetry is important.', 6-8s conclusion, safe for children, smooth animation",False,pending,success,0,,False
recall,뜻을 확인해야 함,명사,뜻을 확인해야 함,a 명사 related to 뜻을 확인해야 함,The recall is important.,recall(은) 는 중요하다.,학습,초등학교 6 학년 사회,,,"cartoon style, classroom, social studies, illustrate: The recall is important., safe for children, clear and simple","8 second video, cartoon style: 0-2s introduce scene, 2-6s show action from 'The recall is important.', 6-8s conclusion, safe for children, smooth animation",False,pending,success,0,,False
inferior,뜻을 확인해야 함,명사,뜻을 확인해야 함,a 명사 related to 뜻을 확인해야 함,The inferior is important.,inferior(은) 는 중요하다.,관심사,코딩,,,"cartoon style, computer screen, coding interface, illustrate: The inferior is important., safe for children, clear and simple","8 second video, cartoon style: 0-2s introduce scene, 2-6s show action from 'The inferior is important.', 6-8s conclusion, safe for children, smooth animation",False,pending,success,0,,False
spirit,뜻을 확인해야 함,명사,뜻을 확인해야 함,a 명사 related to 뜻을 확인해야 함,The spirit is important.,spirit(은) 는 중요하다.,학습,초등학교 6 학년 과학,,,"cartoon style, laboratory, science experiment, illustrate: The spirit is important., safe for children, clear and simple","8 second video, cartoon style: 0-2s introduce scene, 2-6s show action from 'The spirit is important.', 6-8s conclusion, safe for children, smooth animation",False,pending,success,0,,False
fade,뜻을 확인해야 함,명사,뜻을 확인해야 함,a 명사 related to 뜻을 확인해야 함,The fade is important.,fade(은) 는 중요하다.,관심사,인공지능,,,"cartoon style, robot, futuristic, illustrate: The fade is important., safe for children, clear and simple","8 second video, cartoon style: 0-2s introduce scene, 2-6s show action from 'The fade is important.', 6-8s conclusion, safe for children, smooth animation",False,pending,success,0,,False
generation,뜻을 확인해야 함,명사,뜻을 확인해야 함,a 명사 related to 뜻을 확인해야 함,The generation is important.,generation(은) 는 중요하다.,학습,초등학교 6 학년 사회,,,"cartoon style, classroom, social studies, illustrate: The generation is important., safe for children, clear and simple","8 second video, cartoon style: 0-2s introduce scene, 2-6s show action from 'The generation is important.', 6-8s conclusion, safe for children, smooth animation",False,pending,success,0,,False
masterpiece,뜻을 확인해야 함,명사,뜻을 확인해야 함,a 명사 related to 뜻을 확인해야 함,The masterpiece is important.,masterpiece(은) 는 중요하다.,관심사,소설 쓰기,,,"cartoon style, writing desk, notebook, illustrate: The masterpiece is important., safe for children, clear and simple","8 second video, cartoon style: 0-2s introduce scene, 2-6s show action from 'The masterpiece is important.', 6-8s conclusion, safe for children, smooth animation",False,pending,success,0,,False
figure,뜻을 확인해야 함,명사,뜻을 확인해야 함,a 명사 related to 뜻을 확인해야 함,The figure is important.,figure(은) 는 중요하다.,학습,초등학교 6 학년 과학,,,"cartoon style, laboratory, science experiment, illustrate: The figure is important., safe for children, clear and simple","8 second video, cartoon style: 0-2s introduce scene, 2-6s show action from 'The figure is important.', 6-8s conclusion, safe for children, smooth animation",False,pending,success,0,,False
perform,뜻을 확인해야 함,명사,뜻을 확인해야 함,a 명사 related to 뜻을 확인해야 함,The perform is important.,perform(은) 는 중요하다.,관심사,음악,,,"cartoon style, musical instruments, stage, illustrate: The perform is important., safe for children, clear and simple","8 second video, cartoon style: 0-2s introduce scene, 2-6s show action from 'The perform is important.', 6-8s conclusion, safe for children, smooth animation",False,pending,success,0,,False
feature,뜻을 확인해야 함,명사,뜻을 확인해야 함,a 명사 related to 뜻을 확인해야 함,The feature is important.,feature(은) 는 중요하다.,학습,초등학교 6 학년 사회,,,"cartoon style, classroom, social studies, illustrate: The feature is important., safe for children, clear and simple","8 second video, cartoon style: 0-2s introduce scene, 2-6s show action from 'The feature is important.', 6-8s conclusion, safe for children, smooth animation",False,pending,success,0,,False
genre,뜻을 확인해야 함,명사,뜻을 확인해야 함,a 명사 related to 뜻을 확인해야 함,The genre is important.,genre(은) 는 중요하다.,관심사,스포츠,,,"cartoon style, sports field, active pose, illustrate: The genre is important., safe for children, clear and simple","8 second video, cartoon style: 0-2s introduce scene, 2-6s show action from 'The genre is important.', 6-8s conclusion, safe for children, smooth animation",False,pending,success,0,,False
instrument,뜻을 확인해야 함,명사,뜻을 확인해야 함,a 명사 related to 뜻을 확인해야 함,The instrument is important.,instrument(은) 는 중요하다.,학습,초등학교 6 학년 과학,,,"cartoon style, laboratory, science experiment, illustrate: The instrument is important., safe for children, clear and simple","8 second video, cartoon style: 0-2s introduce scene, 2-6s show action from 'The instrument is important.', 6-8s conclusion, safe for children, smooth animation",False,pending,success,0,,False
broadcast,뜻을 확인해야 함,명사,뜻을 확인해야 함,a 명사 related to 뜻을 확인해야 함,The broadcast is important.,broadcast(은) 는 중요하다.,관심사,게임,,,"cartoon style, bright colors, game scene, illustrate: The broadcast is important., safe for children, clear and simple","8 second video, cartoon style: 0-2s introduce scene, 2-6s show action from 'The broadcast is important.', 6-8s conclusion, safe for children, smooth animation",False,pending,success,0,,False
artwork,뜻을 확인해야 함,명사,뜻을 확인해야 함,a 명사 related to 뜻을 확인해야 함,The artwork is important.,artwork(은) 는 중요하다.,학습,초등학교 6 학년 사회,,,"cartoon style, classroom, social studies, illustrate: The artwork is important., safe for children, clear and simple","8 second video, cartoon style: 0-2s introduce scene, 2-6s show action from 'The artwork is important.', 6-8s conclusion, safe for children, smooth animation",False,pending,success,0,,False
suit,뜻을 확인해야 함,명사,뜻을 확인해야 함,a 명사 related to 뜻을 확인해야 함,The suit is important.,suit(은) 는 중요하다.,관심사,코딩,,,"cartoon style, computer screen, coding interface, illustrate: The suit is important., safe for children, clear and simple","8 second video, cartoon style: 0-2s introduce scene, 2-6s show action from 'The suit is important.', 6-8s conclusion, safe for children, smooth animation",False,pending,success,0,,False
inspire,뜻을 확인해야 함,명사,뜻을 확인해야 함,a 명사 related to 뜻을 확인해야 함,The inspire is important.,inspire(은) 는 중요하다.,학습,초등학교 6 학년 과학,,,"cartoon style, laboratory, science experiment, illustrate: The inspire is important., safe for children, clear and simple","8 second video, cartoon style: 0-2s introduce scene, 2-6s show action from 'The inspire is important.', 6-8s conclusion, safe for children, smooth animation",False,pending,success,0,,False
belief,뜻을 확인해야 함,명사,뜻을 확인해야 함,a 명사 related to 뜻을 확인해야 함,The belief is important.,belief(은) 는 중요하다.,관심사,인공지능,,,"cartoon style, robot, futuristic, illustrate: The belief is important., safe for children, clear and simple","8 second video, cartoon style: 0-2s introduce scene, 2-6s show action from 'The belief is important.', 6-8s conclusion, safe for children, smooth animation",False,pending,success,0,,False
brief,뜻을 확인해야 함,명사,뜻을 확인해야 함,a 명사 related to 뜻을 확인해야 함,The brief is important.,brief(은) 는 중요하다.,학습,초등학교 6 학년 사회,,,"cartoon style, classroom, social studies, illustrate: The brief is important., safe for children, clear and simple","8 second video, cartoon style: 0-2s introduce scene, 2-6s show action from 'The brief is important.', 6-8s conclusion, safe for children, smooth animation",False,pending,success,0,,False
upset,뜻을 확인해야 함,명사,뜻을 확인해야 함,a 명사 related to 뜻을 확인해야 함,The upset is important.,upset(은) 는 중요하다.,관심사,소설 쓰기,,,"cartoon style, writing desk, notebook, illustrate: The upset is important., safe for children, clear and simple","8 second video, cartoon style: 0-2s introduce scene, 2-6s show action from 'The upset is important.', 6-8s conclusion, safe for children, smooth animation",False,pending,success,0,,False
respond,뜻을 확인해야 함,명사,뜻을 확인해야 함,a 명사 related to 뜻을 확인해야 함,The respond is important.,respond(은) 는 중요하다.,학습,초등학교 6 학년 과학,,,"cartoon style, laboratory, science experiment, illustrate: The respond is important., safe for children, clear and simple","8 second video, cartoon style: 0-2s introduce scene, 2-6s show action from 'The respond is important.', 6-8s conclusion, safe for children, smooth animation",False,pending,success,0,,False
steady,뜻을 확인해야 함,명사,뜻을 확인해야 함,a 명사 related to 뜻을 확인해야 함,The steady is important.,steady(은) 는 중요하다.,관심사,음악,,,"cartoon style, musical instruments, stage, illustrate: The steady is important., safe for children, clear and simple","8 second video, cartoon style: 0-2s introduce scene, 2-6s show action from 'The steady is important.', 6-8s conclusion, safe for children, smooth animation",False,pending,success,0,,False
dislike,뜻을 확인해야 함,명사,뜻을 확인해야 함,a 명사 related to 뜻을 확인해야 함,The dislike is important.,dislike(은) 는 중요하다.,학습,초등학교 6 학년 사회,,,"cartoon style, classroom, social studies, illustrate: The dislike is important., safe for children, clear and simple","8 second video, cartoon style: 0-2s introduce scene, 2-6s show action from 'The dislike is important.', 6-8s conclusion, safe for children, smooth animation",False,pending,success,0,,False
define,뜻을 확인해야 함,명사,뜻을 확인해야 함,a 명사 related to 뜻을 확인해야 함,The define is important.,define(은) 는 중요하다.,관심사,스포츠,,,"cartoon style, sports field, active pose, illustrate: The define is important., safe for children, clear and simple","8 second video, cartoon style: 0-2s introduce scene, 2-6s show action from 'The define is important.', 6-8s conclusion, safe for children, smooth animation",False,pending,success,0,,False
celebrity,뜻을 확인해야 함,명사,뜻을 확인해야 함,a 명사 related to 뜻을 확인해야 함,The celebrity is important.,celebrity(은) 는 중요하다.,학습,초등학교 6 학년 과학,,,"cartoon style, laboratory, science experiment, illustrate: The celebrity is important., safe for children, clear and simple","8 second video, cartoon style: 0-2s introduce scene, 2-6s show action from 'The celebrity is important.', 6-8s conclusion, safe for children, smooth animation",False,pending,success,0,,False
genius,뜻을 확인해야 함,명사,뜻을 확인해야 함,a 명사 related to 뜻을 확인해야 함,The genius is important.,genius(은) 는 중요하다.,관심사,게임,,,"cartoon style, bright colors, game scene, illustrate: The genius is important., safe for children, clear and simple","8 second video, cartoon style: 0-2s introduce scene, 2-6s show action from 'The genius is important.', 6-8s conclusion, safe for children, smooth animation",False,pending,success,0,,False
visual,뜻을 확인해야 함,명사,뜻을 확인해야 함,a 명사 related to 뜻을 확인해야 함,The visual is important.,visual(은) 는 중요하다.,학습,초등학교 6 학년 사회,,,"cartoon style, classroom, social studies, illustrate: The visual is important., safe for children, clear and simple","8 second video, cartoon style: 0-2s introduce scene, 2-6s show action from 'The visual is important.', 6-8s conclusion, safe for children, smooth animation",False,pending,success,0,,False
compose,뜻을 확인해야 함,명사,뜻을 확인해야 함,a 명사 related to 뜻을 확인해야 함,The compose is important.,compose(은) 는 중요하다.,관심사,코딩,,,"cartoon style, computer screen, coding interface, illustrate: The compose is important., safe for children, clear and simple","8 second video, cartoon style: 0-2s introduce scene, 2-6s show action from 'The compose is important.', 6-8s conclusion, safe for children, smooth animation",False,pending,success,0,,False
deal,뜻을 확인해야 함,명사,뜻을 확인해야 함,a 명사 related to 뜻을 확인해야 함,The deal is important.,deal(은) 는 중요하다.,학습,초등학교 6 학년 과학,,,"cartoon style, laboratory, science experiment, illustrate: The deal is important., safe for children, clear and simple","8 second video, cartoon style: 0-2s introduce scene, 2-6s show action from 'The deal is important.', 6-8s conclusion, safe for children, smooth animation",False,pending,success,0,,False
poll,뜻을 확인해야 함,명사,뜻을 확인해야 함,a 명사 related to 뜻을 확인해야 함,The poll is important.,poll(은) 는 중요하다.,관심사,인공지능,,,"cartoon style, robot, futuristic, illustrate: The poll is important., safe for children, clear and simple","8 second video, cartoon style: 0-2s introduce scene, 2-6s show action from 'The poll is important.', 6-8s conclusion, safe for children, smooth animation",False,pending,success,0,,False
pitch,뜻을 확인해야 함,명사,뜻을 확인해야 함,a 명사 related to 뜻을 확인해야 함,The pitch is important.,pitch(은) 는 중요하다.,학습,초등학교 6 학년 사회,,,"cartoon style, classroom, social studies, illustrate: The pitch is important., safe for children, clear and simple","8 second video, cartoon style: 0-2s introduce scene, 2-6s show action from 'The pitch is important.', 6-8s conclusion, safe for children, smooth animation",False,pending,success,0,,False
eager,뜻을 확인해야 함,명사,뜻을 확인해야 함,a 명사 related to 뜻을 확인해야 함,The eager is important.,eager(은) 는 중요하다.,관심사,소설 쓰기,,,"cartoon style, writing desk, notebook, illustrate: The eager is important., safe for children, clear and simple","8 second video, cartoon style: 0-2s introduce scene, 2-6s show action from 'The eager is important.', 6-8s conclusion, safe for children, smooth animation",False,pending,success,0,,False
silly,뜻을 확인해야 함,명사,뜻을 확인해야 함,a 명사 related to 뜻을 확인해야 함,The silly is important.,silly(은) 는 중요하다.,학습,초등학교 6 학년 과학,,,"cartoon style, laboratory, science experiment, illustrate: The silly is important., safe for children, clear and simple","8 second video, cartoon style: 0-2s introduce scene, 2-6s show action from 'The silly is important.', 6-8s conclusion, safe for children, smooth animation",False,pending,success,0,,False
furious,뜻을 확인해야 함,명사,뜻을 확인해야 함,a 명사 related to 뜻을 확인해야 함,The furious is important.,furious(은) 는 중요하다.,관심사,음악,,,"cartoon style, musical instruments, stage, illustrate: The furious is important., safe for children, clear and simple","8 second video, cartoon style: 0-2s introduce scene, 2-6s show action from 'The furious is important.', 6-8s conclusion, safe for children, smooth animation",False,pending,success,0,,False
barely,뜻을 확인해야 함,명사,뜻을 확인해야 함,a 명사 related to 뜻을 확인해야 함,The barely is important.,barely(은) 는 중요하다.,학습,초등학교 6 학년 사회,,,"cartoon style, classroom, social studies, illustrate: The barely is important., safe for children, clear and simple","8 second video, cartoon style: 0-2s introduce scene, 2-6s show action from 'The barely is important.', 6-8s conclusion, safe for children, smooth animation",False,pending,success,0,,False
thrill,뜻을 확인해야 함,명사,뜻을 확인해야 함,a 명사 related to 뜻을 확인해야 함,The thrill is important.,thrill(은) 는 중요하다.,관심사,스포츠,,,"cartoon style, sports field, active pose, illustrate: The thrill is important., safe for children, clear and simple","8 second video, cartoon style: 0-2s introduce scene, 2-6s show action from 'The thrill is important.', 6-8s conclusion, safe for children, smooth animation",False,pending,success,0,,False
particular,뜻을 확인해야 함,명사,뜻을 확인해야 함,a 명사 related to 뜻을 확인해야 함,The particular is important.,particular(은) 는 중요하다.,학습,초등학교 6 학년 과학,,,"cartoon style, laboratory, science experiment, illustrate: The particular is important., safe for children, clear and simple","8 second video, cartoon style: 0-2s introduce scene, 2-6s show action from 'The particular is important.', 6-8s conclusion, safe for children, smooth animation",False,pending,success,0,,False
constant,뜻을 확인해야 함,명사,뜻을 확인해야 함,a 명사 related to 뜻을 확인해야 함,The constant is important.,constant(은) 는 중요하다.,관심사,게임,,,"cartoon style, bright colors, game scene, illustrate: The constant is important., safe for children, clear and simple","8 second video, cartoon style: 0-2s introduce scene, 2-6s show action from 'The constant is important.', 6-8s conclusion, safe for children, smooth animation",False,pending,success,0,,False
consistent,뜻을 확인해야 함,명사,뜻을 확인해야 함,a 명사 related to 뜻을 확인해야 함,The consistent is important.,consistent(은) 는 중요하다.,학습,초등학교 6 학년 사회,,,"cartoon style, classroom, social studies, illustrate: The consistent is important., safe for children, clear and simple","8 second video, cartoon style: 0-2s introduce scene, 2-6s show action from 'The consistent is important.', 6-8s conclusion, safe for children, smooth animation",False,pending,success,0,,False
employ,뜻을 확인해야 함,명사,뜻을 확인해야 함,a 명사 related to 뜻을 확인해야 함,The employ is important.,employ(은) 는 중요하다.,관심사,코딩,,,"cartoon style, computer screen, coding interface, illustrate: The employ is important., safe for children, clear and simple","8 second video, cartoon style: 0-2s introduce scene, 2-6s show action from 'The employ is important.', 6-8s conclusion, safe for children, smooth animation",False,pending,success,0,,False
illusion,뜻을 확인해야 함,명사,뜻을 확인해야 함,a 명사 related to 뜻을 확인해야 함,The illusion is important.,illusion(은) 는 중요하다.,학습,초등학교 6 학년 과학,,,"cartoon style, laboratory, science experiment, illustrate: The illusion is important., safe for children, clear and simple","8 second video, cartoon style: 0-2s introduce scene, 2-6s show action from 'The illusion is important.', 6-8s conclusion, safe for children, smooth animation",False,pending,success,0,,False
funeral,뜻을 확인해야 함,명사,뜻을 확인해야 함,a 명사 related to 뜻을 확인해야 함,The funeral is important.,funeral(은) 는 중요하다.,관심사,인공지능,,,"cartoon style, robot, futuristic, illustrate: The funeral is important., safe for children, clear and simple","8 second video, cartoon style: 0-2s introduce scene, 2-6s show action from 'The funeral is important.', 6-8s conclusion, safe for children, smooth animation",False,pending,success,0,,False
whisper,뜻을 확인해야 함,명사,뜻을 확인해야 함,a 명사 related to 뜻을 확인해야 함,The whisper is important.,whisper(은) 는 중요하다.,학습,초등학교 6 학년 사회,,,"cartoon style, classroom, social studies, illustrate: The whisper is important., safe for children, clear and simple","8 second video, cartoon style: 0-2s introduce scene, 2-6s show action from 'The whisper is important.', 6-8s conclusion, safe for children, smooth animation",False,pending,success,0,,False
elaborate,뜻을 확인해야 함,명사,뜻을 확인해야 함,a 명사 related to 뜻을 확인해야 함,The elaborate is important.,elaborate(은) 는 중요하다.,관심사,소설 쓰기,,,"cartoon style, writing desk, notebook, illustrate: The elaborate is important., safe for children, clear and simple","8 second video, cartoon style: 0-2s introduce scene, 2-6s show action from 'The elaborate is important.', 6-8s conclusion, safe for children, smooth animation",False,pending,success,0,,False
bunch,뜻을 확인해야 함,명사,뜻을 확인해야 함,a 명사 related to 뜻을 확인해야 함,The bunch is important.,bunch(은) 는 중요하다.,학습,초등학교 6 학년 과학,,,"cartoon style, laboratory, science experiment, illustrate: The bunch is important., safe for children, clear and simple","8 second video, cartoon style: 0-2s introduce scene, 2-6s show action from 'The bunch is important.', 6-8s conclusion, safe for children, smooth animation",False,pending,success,0,,False
atmosphere,뜻을 확인해야 함,명사,뜻을 확인해야 함,a 명사 related to 뜻을 확인해야 함,The atmosphere is important.,atmosphere(은) 는 중요하다.,관심사,음악,,,"cartoon style, musical instruments, stage, illustrate: The atmosphere is important., safe for children, clear and simple","8 second video, cartoon style: 0-2s introduce scene, 2-6s show action from 'The atmosphere is important.', 6-8s conclusion, safe for children, smooth animation",False,pending,success,0,,False
escape,뜻을 확인해야 함,명사,뜻을 확인해야 함,a 명사 related to 뜻을 확인해야 함,The escape is important.,escape(은) 는 중요하다.,학습,초등학교 6 학년 사회,,,"cartoon style, classroom, social studies, illustrate: The escape is important., safe for children, clear and simple","8 second video, cartoon style: 0-2s introduce scene, 2-6s show action from 'The escape is important.', 6-8s conclusion, safe for children, smooth animation",False,pending,success,0,,False
cultivate,뜻을 확인해야 함,명사,뜻을 확인해야 함,a 명사 related to 뜻을 확인해야 함,The cultivate is important.,cultivate(은) 는 중요하다.,관심사,스포츠,,,"cartoon style, sports field, active pose, illustrate: The cultivate is important., safe for children, clear and simple","8 second video, cartoon style: 0-2s introduce scene, 2-6s show action from 'The cultivate is important.', 6-8s conclusion, safe for children, smooth animation",False,pending,success,0,,False
cast,뜻을 확인해야 함,명사,뜻을 확인해야 함,a 명사 related to 뜻을 확인해야 함,The cast is important.,cast(은) 는 중요하다.,학습,초등학교 6 학년 과학,,,"cartoon style, laboratory, science experiment, illustrate: The cast is important., safe for children, clear and simple","8 second video, cartoon style: 0-2s introduce scene, 2-6s show action from 'The cast is important.', 6-8s conclusion, safe for children, smooth animation",False,pending,success,0,,False
represent,뜻을 확인해야 함,명사,뜻을 확인해야 함,a 명사 related to 뜻을 확인해야 함,The represent is important.,represent(은) 는 중요하다.,관심사,게임,,,"cartoon style, bright colors, game scene, illustrate: The represent is important., safe for children, clear and simple","8 second video, cartoon style: 0-2s introduce scene, 2-6s show action from 'The represent is important.', 6-8s conclusion, safe for children, smooth animation",False,pending,success,0,,False
exhibit,뜻을 확인해야 함,명사,뜻을 확인해야 함,a 명사 related to 뜻을 확인해야 함,The exhibit is important.,exhibit(은) 는 중요하다.,학습,초등학교 6 학년 사회,,,"cartoon style, classroom, social studies, illustrate: The exhibit is important., safe for children, clear and simple","8 second video, cartoon style: 0-2s introduce scene, 2-6s show action from 'The exhibit is important.', 6-8s conclusion, safe for children, smooth animation",False,pending,success,0,,False
minister,뜻을 확인해야 함,명사,뜻을 확인해야 함,a 명사 related to 뜻을 확인해야 함,The minister is important.,minister(은) 는 중요하다.,관심사,코딩,,,"cartoon style, computer screen, coding interface, illustrate: The minister is important., safe for children, clear and simple","8 second video, cartoon style: 0-2s introduce scene, 2-6s show action from 'The minister is important.', 6-8s conclusion, safe for children, smooth animation",False,pending,success,0,,False
vary,뜻을 확인해야 함,명사,뜻을 확인해야 함,a 명사 related to 뜻을 확인해야 함,The vary is important.,vary(은) 는 중요하다.,학습,초등학교 6 학년 과학,,,"cartoon style, laboratory, science experiment, illustrate: The vary is important., safe for children, clear and simple","8 second video, cartoon style: 0-2s introduce scene, 2-6s show action from 'The vary is important.', 6-8s conclusion, safe for children, smooth animation",False,pending,success,0,,False
tribe,뜻을 확인해야 함,명사,뜻을 확인해야 함,a 명사 related to 뜻을 확인해야 함,The tribe is important.,tribe(은) 는 중요하다.,관심사,인공지능,,,"cartoon style, robot, futuristic, illustrate: The tribe is important., safe for children, clear and simple","8 second video, cartoon style: 0-2s introduce scene, 2-6s show action from 'The tribe is important.', 6-8s conclusion, safe for children, smooth animation",False,pending,success,0,,False
community,뜻을 확인해야 함,명사,뜻을 확인해야 함,a 명사 related to 뜻을 확인해야 함,The community is important.,community(은) 는 중요하다.,학습,초등학교 6 학년 사회,,,"cartoon style, classroom, social studies, illustrate: The community is important., safe for children, clear and simple","8 second video, cartoon style: 0-2s introduce scene, 2-6s show action from 'The community is important.', 6-8s conclusion, safe for children, smooth animation",False,pending,success,0,,False
consider,뜻을 확인해야 함,명사,뜻을 확인해야 함,a 명사 related to 뜻을 확인해야 함,The consider is important.,consider(은) 는 중요하다.,관심사,소설 쓰기,,,"cartoon style, writing desk, notebook, illustrate: The consider is important., safe for children, clear and simple","8 second video, cartoon style: 0-2s introduce scene, 2-6s show action from 'The consider is important.', 6-8s conclusion, safe for children, smooth animation",False,pending,success,0,,False
concept,뜻을 확인해야 함,명사,뜻을 확인해야 함,a 명사 related to 뜻을 확인해야 함,The concept is important.,concept(은) 는 중요하다.,학습,초등학교 6 학년 과학,,,"cartoon style, laboratory, science experiment, illustrate: The concept is important., safe for children, clear and simple","8 second video, cartoon style: 0-2s introduce scene, 2-6s show action from 'The concept is important.', 6-8s conclusion, safe for children, smooth animation",False,pending,success,0,,False
pray,뜻을 확인해야 함,명사,뜻을 확인해야 함,a 명사 related to 뜻을 확인해야 함,The pray is important.,pray(은) 는 중요하다.,관심사,음악,,,"cartoon style, musical instruments, stage, illustrate: The pray is important., safe for children, clear and simple","8 second video, cartoon style: 0-2s introduce scene, 2-6s show action from 'The pray is important.', 6-8s conclusion, safe for children, smooth animation",False,pending,success,0,,False
prey,뜻을 확인해야 함,명사,뜻을 확인해야 함,a 명사 related to 뜻을 확인해야 함,The prey is important.,prey(은) 는 중요하다.,학습,초등학교 6 학년 사회,,,"cartoon style, classroom, social studies, illustrate: The prey is important., safe for children, clear and simple","8 second video, cartoon style: 0-2s introduce scene, 2-6s show action from 'The prey is important.', 6-8s conclusion, safe for children, smooth animation",False,pending,success,0,,False
myth,뜻을 확인해야 함,명사,뜻을 확인해야 함,a 명사 related to 뜻을 확인해야 함,The myth is important.,myth(은) 는 중요하다.,관심사,스포츠,,,"cartoon style, sports field, active pose, illustrate: The myth is important., safe for children, clear and simple","8 second video, cartoon style: 0-2s introduce scene, 2-6s show action from 'The myth is important.', 6-8s conclusion, safe for children, smooth animation",False,pending,success,0,,False
attitude,뜻을 확인해야 함,명사,뜻을 확인해야 함,a 명사 related to 뜻을 확인해야 함,The attitude is important.,attitude(은) 는 중요하다.,학습,초등학교 6 학년 과학,,,"cartoon style, laboratory, science experiment, illustrate: The attitude is important., safe for children, clear and simple","8 second video, cartoon style: 0-2s introduce scene, 2-6s show action from 'The attitude is important.', 6-8s conclusion, safe for children, smooth animation",False,pending,success,0,,False
priest,뜻을 확인해야 함,명사,뜻을 확인해야 함,a 명사 related to 뜻을 확인해야 함,The priest is important.,priest(은) 는 중요하다.,관심사,게임,,,"cartoon style, bright colors, game scene, illustrate: The priest is important., safe for children, clear and simple","8 second video, cartoon style: 0-2s introduce scene, 2-6s show action from 'The priest is important.', 6-8s conclusion, safe for children, smooth animation",False,pending,success,0,,False
approve,뜻을 확인해야 함,명사,뜻을 확인해야 함,a 명사 related to 뜻을 확인해야 함,The approve is important.,approve(은) 는 중요하다.,학습,초등학교 6 학년 사회,,,"cartoon style, classroom, social studies, illustrate: The approve is important., safe for children, clear and simple","8 second video, cartoon style: 0-2s introduce scene, 2-6s show action from 'The approve is important.', 6-8s conclusion, safe for children, smooth animation",False,pending,success,0,,False
carve,뜻을 확인해야 함,명사,뜻을 확인해야 함,a 명사 related to 뜻을 확인해야 함,The carve is important.,carve(은) 는 중요하다.,관심사,코딩,,,"cartoon style, computer screen, coding interface, illustrate: The carve is important., safe for children, clear and simple","8 second video, cartoon style: 0-2s introduce scene, 2-6s show action from 'The carve is important.', 6-8s conclusion, safe for children, smooth animation",False,pending,success,0,,False
primitive,뜻을 확인해야 함,명사,뜻을 확인해야 함,a 명사 related to 뜻을 확인해야 함,The primitive is important.,primitive(은) 는 중요하다.,학습,초등학교 6 학년 과학,,,"cartoon style, laboratory, science experiment, illustrate: The primitive is important., safe for children, clear and simple","8 second video, cartoon style: 0-2s introduce scene, 2-6s show action from 'The primitive is important.', 6-8s conclusion, safe for children, smooth animation",False,pending,success,0,,False
invade,뜻을 확인해야 함,명사,뜻을 확인해야 함,a 명사 related to 뜻을 확인해야 함,The invade is important.,invade(은) 는 중요하다.,관심사,인공지능,,,"cartoon style, robot, futuristic, illustrate: The invade is important., safe for children, clear and simple","8 second video, cartoon style: 0-2s introduce scene, 2-6s show action from 'The invade is important.', 6-8s conclusion, safe for children, smooth animation",False,pending,success,0,,False
arise,뜻을 확인해야 함,명사,뜻을 확인해야 함,a 명사 related to 뜻을 확인해야 함,The arise is important.,arise(은) 는 중요하다.,학습,초등학교 6 학년 사회,,,"cartoon style, classroom, social studies, illustrate: The arise is important., safe for children, clear and simple","8 second video, cartoon style: 0-2s introduce scene, 2-6s show action from 'The arise is important.', 6-8s conclusion, safe for children, smooth animation",False,pending,success,0,,False
register,뜻을 확인해야 함,명사,뜻을 확인해야 함,a 명사 related to 뜻을 확인해야 함,The register is important.,register(은) 는 중요하다.,관심사,소설 쓰기,,,"cartoon style, writing desk, notebook, illustrate: The register is important., safe for children, clear and simple","8 second video, cartoon style: 0-2s introduce scene, 2-6s show action from 'The register is important.', 6-8s conclusion, safe for children, smooth animation",False,pending,success,0,,False
custom,뜻을 확인해야 함,명사,뜻을 확인해야 함,a 명사 related to 뜻을 확인해야 함,The custom is important.,custom(은) 는 중요하다.,학습,초등학교 6 학년 과학,,,"cartoon style, laboratory, science experiment, illustrate: The custom is important., safe for children, clear and simple","8 second video, cartoon style: 0-2s introduce scene, 2-6s show action from 'The custom is important.', 6-8s conclusion, safe for children, smooth animation",False,pending,success,0,,False
punish,뜻을 확인해야 함,명사,뜻을 확인해야 함,a 명사 related to 뜻을 확인해야 함,The punish is important.,punish(은) 는 중요하다.,관심사,음악,,,"cartoon style, musical instruments, stage, illustrate: The punish is important., safe for children, clear and simple","8 second video, cartoon style: 0-2s introduce scene, 2-6s show action from 'The punish is important.', 6-8s conclusion, safe for children, smooth animation",False,pending,success,0,,False
tie,뜻을 확인해야 함,명사,뜻을 확인해야 함,a 명사 related to 뜻을 확인해야 함,The tie is important.,tie(은) 는 중요하다.,학습,초등학교 6 학년 사회,,,"cartoon style, classroom, social studies, illustrate: The tie is important., safe for children, clear and simple","8 second video, cartoon style: 0-2s introduce scene, 2-6s show action from 'The tie is important.', 6-8s conclusion, safe for children, smooth animation",False,pending,success,0,,False
indicate,뜻을 확인해야 함,명사,뜻을 확인해야 함,a 명사 related to 뜻을 확인해야 함,The indicate is important.,indicate(은) 는 중요하다.,관심사,스포츠,,,"cartoon style, sports field, active pose, illustrate: The indicate is important., safe for children, clear and simple","8 second video, cartoon style: 0-2s introduce scene, 2-6s show action from 'The indicate is important.', 6-8s conclusion, safe for children, smooth animation",False,pending,success,0,,False
humor,뜻을 확인해야 함,명사,뜻을 확인해야 함,a 명사 related to 뜻을 확인해야 함,The humor is important.,humor(은) 는 중요하다.,학습,초등학교 6 학년 과학,,,"cartoon style, laboratory, science experiment, illustrate: The humor is important., safe for children, clear and simple","8 second video, cartoon style: 0-2s introduce scene, 2-6s show action from 'The humor is important.', 6-8s conclusion, safe for children, smooth animation",False,pending,success,0,,False
stack,뜻을 확인해야 함,명사,뜻을 확인해야 함,a 명사 related to 뜻을 확인해야 함,The stack is important.,stack(은) 는 중요하다.,관심사,게임,,,"cartoon style, bright colors, game scene, illustrate: The stack is important., safe for children, clear and simple","8 second video, cartoon style: 0-2s introduce scene, 2-6s show action from 'The stack is important.', 6-8s conclusion, safe for children, smooth animation",False,pending,success,0,,False
odd,뜻을 확인해야 함,명사,뜻을 확인해야 함,a 명사 related to 뜻을 확인해야 함,The odd is important.,odd(은) 는 중요하다.,학습,초등학교 6 학년 사회,,,"cartoon style, classroom, social studies, illustrate: The odd is important., safe for children, clear and simple","8 second video, cartoon style: 0-2s introduce scene, 2-6s show action from 'The odd is important.', 6-8s conclusion, safe for children, smooth animation",False,pending,success,0,,False
persist,뜻을 확인해야 함,명사,뜻을 확인해야 함,a 명사 related to 뜻을 확인해야 함,The persist is important.,persist(은) 는 중요하다.,관심사,코딩,,,"cartoon style, computer screen, coding interface, illustrate: The persist is important., safe for children, clear and simple","8 second video, cartoon style: 0-2s introduce scene, 2-6s show action from 'The persist is important.', 6-8s conclusion, safe for children, smooth animation",False,pending,success,0,,False
insight,뜻을 확인해야 함,명사,뜻을 확인해야 함,a 명사 related to 뜻을 확인해야 함,The insight is important.,insight(은) 는 중요하다.,학습,초등학교 6 학년 과학,,,"cartoon style, laboratory, science experiment, illustrate: The insight is important., safe for children, clear and simple","8 second video, cartoon style: 0-2s introduce scene, 2-6s show action from 'The insight is important.', 6-8s conclusion, safe for children, smooth animation",False,pending,success,0,,False
novel,뜻을 확인해야 함,명사,뜻을 확인해야 함,a 명사 related to 뜻을 확인해야 함,The novel is important.,novel(은) 는 중요하다.,관심사,인공지능,,,"cartoon style, robot, futuristic, illustrate: The novel is important., safe for children, clear and simple","8 second video, cartoon style: 0-2s introduce scene, 2-6s show action from 'The novel is important.', 6-8s conclusion, safe for children, smooth animation",False,pending,success,0,,False
noble,뜻을 확인해야 함,명사,뜻을 확인해야 함,a 명사 related to 뜻을 확인해야 함,The noble is important.,noble(은) 는 중요하다.,학습,초등학교 6 학년 사회,,,"cartoon style, classroom, social studies, illustrate: The noble is important., safe for children, clear and simple","8 second video, cartoon style: 0-2s introduce scene, 2-6s show action from 'The noble is important.', 6-8s conclusion, safe for children, smooth animation",False,pending,success,0,,False
outstanding,뜻을 확인해야 함,명사,뜻을 확인해야 함,a 명사 related to 뜻을 확인해야 함,The outstanding is important.,outstanding(은) 는 중요하다.,관심사,소설 쓰기,,,"cartoon style, writing desk, notebook, illustrate: The outstanding is important., safe for children, clear and simple","8 second video, cartoon style: 0-2s introduce scene, 2-6s show action from 'The outstanding is important.', 6-8s conclusion, safe for children, smooth animation",False,pending,success,0,,False
resist,뜻을 확인해야 함,명사,뜻을 확인해야 함,a 명사 related to 뜻을 확인해야 함,The resist is important.,resist(은) 는 중요하다.,학습,초등학교 6 학년 과학,,,"cartoon style, laboratory, science experiment, illustrate: The resist is important., safe for children, clear and simple","8 second video, cartoon style: 0-2s introduce scene, 2-6s show action from 'The resist is important.', 6-8s conclusion, safe for children, smooth animation",False,pending,success,0,,False
hesitate,뜻을 확인해야 함,명사,뜻을 확인해야 함,a 명사 related to 뜻을 확인해야 함,The hesitate is important.,hesitate(은) 는 중요하다.,관심사,음악,,,"cartoon style, musical instruments, stage, illustrate: The hesitate is important., safe for children, clear and simple","8 second video, cartoon style: 0-2s introduce scene, 2-6s show action from 'The hesitate is important.', 6-8s conclusion, safe for children, smooth animation",False,pending,success,0,,False
protest,뜻을 확인해야 함,명사,뜻을 확인해야 함,a 명사 related to 뜻을 확인해야 함,The protest is important.,protest(은) 는 중요하다.,학습,초등학교 6 학년 사회,,,"cartoon style, classroom, social studies, illustrate: The protest is important., safe for children, clear and simple","8 second video, cartoon style: 0-2s introduce scene, 2-6s show action from 'The protest is important.', 6-8s conclusion, safe for children, smooth animation",False,pending,success,0,,False
restore,뜻을 확인해야 함,명사,뜻을 확인해야 함,a 명사 related to 뜻을 확인해야 함,The restore is important.,restore(은) 는 중요하다.,관심사,스포츠,,,"cartoon style, sports field, active pose, illustrate: The restore is important., safe for children, clear and simple","8 second video, cartoon style: 0-2s introduce scene, 2-6s show action from 'The restore is important.', 6-8s conclusion, safe for children, smooth animation",False,pending,success,0,,False
associate,뜻을 확인해야 함,명사,뜻을 확인해야 함,a 명사 related to 뜻을 확인해야 함,The associate is important.,associate(은) 는 중요하다.,학습,초등학교 6 학년 과학,,,"cartoon style, laboratory, science experiment, illustrate: The associate is important., safe for children, clear and simple","8 second video, cartoon style: 0-2s introduce scene, 2-6s show action from 'The associate is important.', 6-8s conclusion, safe for children, smooth animation",False,pending,success,0,,False
heritage,뜻을 확인해야 함,명사,뜻을 확인해야 함,a 명사 related to 뜻을 확인해야 함,The heritage is important.,heritage(은) 는 중요하다.,관심사,게임,,,"cartoon style, bright colors, game scene, illustrate: The heritage is important., safe for children, clear and simple","8 second video, cartoon style: 0-2s introduce scene, 2-6s show action from 'The heritage is important.', 6-8s conclusion, safe for children, smooth animation",False,pending,success,0,,False
restriction,뜻을 확인해야 함,명사,뜻을 확인해야 함,a 명사 related to 뜻을 확인해야 함,The restriction is important.,restriction(은) 는 중요하다.,학습,초등학교 6 학년 사회,,,"cartoon style, classroom, social studies, illustrate: The restriction is important., safe for children, clear and simple","8 second video, cartoon style: 0-2s introduce scene, 2-6s show action from 'The restriction is important.', 6-8s conclusion, safe for children, smooth animation",False,pending,success,0,,False
perceive,뜻을 확인해야 함,명사,뜻을 확인해야 함,a 명사 related to 뜻을 확인해야 함,The perceive is important.,perceive(은) 는 중요하다.,관심사,코딩,,,"cartoon style, computer screen, coding interface, illustrate: The perceive is important., safe for children, clear and simple","8 second video, cartoon style: 0-2s introduce scene, 2-6s show action from 'The perceive is important.', 6-8s conclusion, safe for children, smooth animation",False,pending,success,0,,False
scale,뜻을 확인해야 함,명사,뜻을 확인해야 함,a 명사 related to 뜻을 확인해야 함,The scale is important.,scale(은) 는 중요하다.,학습,초등학교 6 학년 과학,,,"cartoon style, laboratory, science experiment, illustrate: The scale is important., safe for children, clear and simple","8 second video, cartoon style: 0-2s introduce scene, 2-6s show action from 'The scale is important.', 6-8s conclusion, safe for children, smooth animation",False,pending,success,0,,False
ancient,뜻을 확인해야 함,명사,뜻을 확인해야 함,a 명사 related to 뜻을 확인해야 함,The ancient is important.,ancient(은) 는 중요하다.,관심사,인공지능,,,"cartoon style, robot, futuristic, illustrate: The ancient is important., safe for children, clear and simple","8 second video, cartoon style: 0-2s introduce scene, 2-6s show action from 'The ancient is important.', 6-8s conclusion, safe for children, smooth animation",False,pending,success,0,,False
tradition,뜻을 확인해야 함,명사,뜻을 확인해야 함,a 명사 related to 뜻을 확인해야 함,The tradition is important.,tradition(은) 는 중요하다.,학습,초등학교 6 학년 사회,,,"cartoon style, classroom, social studies, illustrate: The tradition is important., safe for children, clear and simple","8 second video, cartoon style: 0-2s introduce scene, 2-6s show action from 'The tradition is important.', 6-8s conclusion, safe for children, smooth animation",False,pending,success,0,,False
origin,뜻을 확인해야 함,명사,뜻을 확인해야 함,a 명사 related to 뜻을 확인해야 함,The origin is important.,origin(은) 는 중요하다.,관심사,소설 쓰기,,,"cartoon style, writing desk, notebook, illustrate: The origin is important., safe for children, clear and simple","8 second video, cartoon style: 0-2s introduce scene, 2-6s show action from 'The origin is important.', 6-8s conclusion, safe for children, smooth animation",False,pending,success,0,,False
folk,뜻을 확인해야 함,명사,뜻을 확인해야 함,a 명사 related to 뜻을 확인해야 함,The folk is important.,folk(은) 는 중요하다.,학습,초등학교 6 학년 과학,,,"cartoon style, laboratory, science experiment, illustrate: The folk is important., safe for children, clear and simple","8 second video, cartoon style: 0-2s introduce scene, 2-6s show action from 'The folk is important.', 6-8s conclusion, safe for children, smooth animation",False,pending,success,0,,False
device,뜻을 확인해야 함,명사,뜻을 확인해야 함,a 명사 related to 뜻을 확인해야 함,The device is important.,device(은) 는 중요하다.,관심사,음악,,,"cartoon style, musical instruments, stage, illustrate: The device is important., safe for children, clear and simple","8 second video, cartoon style: 0-2s introduce scene, 2-6s show action from 'The device is important.', 6-8s conclusion, safe for children, smooth animation",False,pending,success,0,,False
usual,뜻을 확인해야 함,명사,뜻을 확인해야 함,a 명사 related to 뜻을 확인해야 함,The usual is important.,usual(은) 는 중요하다.,학습,초등학교 6 학년 사회,,,"cartoon style, classroom, social studies, illustrate: The usual is important., safe for children, clear and simple","8 second video, cartoon style: 0-2s introduce scene, 2-6s show action from 'The usual is important.', 6-8s conclusion, safe for children, smooth animation",False,pending,success,0,,False
ritual,뜻을 확인해야 함,명사,뜻을 확인해야 함,a 명사 related to 뜻을 확인해야 함,The ritual is important.,ritual(은) 는 중요하다.,관심사,스포츠,,,"cartoon style, sports field, active pose, illustrate: The ritual is important., safe for children, clear and simple","8 second video, cartoon style: 0-2s introduce scene, 2-6s show action from 'The ritual is important.', 6-8s conclusion, safe for children, smooth animation",False,pending,success,0,,False
entire,뜻을 확인해야 함,명사,뜻을 확인해야 함,a 명사 related to 뜻을 확인해야 함,The entire is important.,entire(은) 는 중요하다.,학습,초등학교 6 학년 과학,,,"cartoon style, laboratory, science experiment, illustrate: The entire is important., safe for children, clear and simple","8 second video, cartoon style: 0-2s introduce scene, 2-6s show action from 'The entire is important.', 6-8s conclusion, safe for children, smooth animation",False,pending,success,0,,False
region,뜻을 확인해야 함,명사,뜻을 확인해야 함,a 명사 related to 뜻을 확인해야 함,The region is important.,region(은) 는 중요하다.,관심사,게임,,,"cartoon style, bright colors, game scene, illustrate: The region is important., safe for children, clear and simple","8 second video, cartoon style: 0-2s introduce scene, 2-6s show action from 'The region is important.', 6-8s conclusion, safe for children, smooth animation",False,pending,success,0,,False
religion,뜻을 확인해야 함,명사,뜻을 확인해야 함,a 명사 related to 뜻을 확인해야 함,The religion is important.,religion(은) 는 중요하다.,학습,초등학교 6 학년 사회,,,"cartoon style, classroom, social studies, illustrate: The religion is important., safe for children, clear and simple","8 second video, cartoon style: 0-2s introduce scene, 2-6s show action from 'The religion is important.', 6-8s conclusion, safe for children, smooth animation",False,pending,success,0,,False
record,뜻을 확인해야 함,명사,뜻을 확인해야 함,a 명사 related to 뜻을 확인해야 함,The record is important.,record(은) 는 중요하다.,관심사,코딩,,,"cartoon style, computer screen, coding interface, illustrate: The record is important., safe for children, clear and simple","8 second video, cartoon style: 0-2s introduce scene, 2-6s show action from 'The record is important.', 6-8s conclusion, safe for children, smooth animation",False,pending,success,0,,False
settle,뜻을 확인해야 함,명사,뜻을 확인해야 함,a 명사 related to 뜻을 확인해야 함,The settle is important.,settle(은) 는 중요하다.,학습,초등학교 6 학년 과학,,,"cartoon style, laboratory, science experiment, illustrate: The settle is important., safe for children, clear and simple","8 second video, cartoon style: 0-2s introduce scene, 2-6s show action from 'The settle is important.', 6-8s conclusion, safe for children, smooth animation",False,pending,success,0,,False
occupation,뜻을 확인해야 함,명사,뜻을 확인해야 함,a 명사 related to 뜻을 확인해야 함,The occupation is important.,occupation(은) 는 중요하다.,관심사,인공지능,,,"cartoon style, robot, futuristic, illustrate: The occupation is important., safe for children, clear and simple","8 second video, cartoon style: 0-2s introduce scene, 2-6s show action from 'The occupation is important.', 6-8s conclusion, safe for children, smooth animation",False,pending,success,0,,False
mass,뜻을 확인해야 함,명사,뜻을 확인해야 함,a 명사 related to 뜻을 확인해야 함,The mass is important.,mass(은) 는 중요하다.,학습,초등학교 6 학년 사회,,,"cartoon style, classroom, social studies, illustrate: The mass is important., safe for children, clear and simple","8 second video, cartoon style: 0-2s introduce scene, 2-6s show action from 'The mass is important.', 6-8s conclusion, safe for children, smooth animation",False,pending,success,0,,False
tap,뜻을 확인해야 함,명사,뜻을 확인해야 함,a 명사 related to 뜻을 확인해야 함,The tap is important.,tap(은) 는 중요하다.,관심사,소설 쓰기,,,"cartoon style, writing desk, notebook, illustrate: The tap is important., safe for children, clear and simple","8 second video, cartoon style: 0-2s introduce scene, 2-6s show action from 'The tap is important.', 6-8s conclusion, safe for children, smooth animation",False,pending,success,0,,False
grasp,뜻을 확인해야 함,명사,뜻을 확인해야 함,a 명사 related to 뜻을 확인해야 함,The grasp is important.,grasp(은) 는 중요하다.,학습,초등학교 6 학년 과학,,,"cartoon style, laboratory, science experiment, illustrate: The grasp is important., safe for children, clear and simple","8 second video, cartoon style: 0-2s introduce scene, 2-6s show action from 'The grasp is important.', 6-8s conclusion, safe for children, smooth animation",False,pending,success,0,,False
fame,뜻을 확인해야 함,명사,뜻을 확인해야 함,a 명사 related to 뜻을 확인해야 함,The fame is important.,fame(은) 는 중요하다.,관심사,음악,,,"cartoon style, musical instruments, stage, illustrate: The fame is important., safe for children, clear and simple","8 second video, cartoon style: 0-2s introduce scene, 2-6s show action from 'The fame is important.', 6-8s conclusion, safe for children, smooth animation",False,pending,success,0,,False
comfort,뜻을 확인해야 함,명사,뜻을 확인해야 함,a 명사 related to 뜻을 확인해야 함,The comfort is important.,comfort(은) 는 중요하다.,학습,초등학교 6 학년 사회,,,"cartoon style, classroom, social studies, illustrate: The comfort is important., safe for children, clear and simple","8 second video, cartoon style: 0-2s introduce scene, 2-6s show action from 'The comfort is important.', 6-8s conclusion, safe for children, smooth animation",False,pending,success,0,,False
hole,뜻을 확인해야 함,명사,뜻을 확인해야 함,a 명사 related to 뜻을 확인해야 함,The hole is important.,hole(은) 는 중요하다.,관심사,스포츠,,,"cartoon style, sports field, active pose, illustrate: The hole is important., safe for children, clear and simple","8 second video, cartoon style: 0-2s introduce scene, 2-6s show action from 'The hole is important.', 6-8s conclusion, safe for children, smooth animation",False,pending,success,0,,False
succeed,뜻을 확인해야 함,명사,뜻을 확인해야 함,a 명사 related to 뜻을 확인해야 함,The succeed is important.,succeed(은) 는 중요하다.,학습,초등학교 6 학년 과학,,,"cartoon style, laboratory, science experiment, illustrate: The succeed is important., safe for children, clear and simple","8 second video, cartoon style: 0-2s introduce scene, 2-6s show action from 'The succeed is important.', 6-8s conclusion, safe for children, smooth animation",False,pending,success,0,,False
routine,뜻을 확인해야 함,명사,뜻을 확인해야 함,a 명사 related to 뜻을 확인해야 함,The routine is important.,routine(은) 는 중요하다.,관심사,게임,,,"cartoon style, bright colors, game scene, illustrate: The routine is important., safe for children, clear and simple","8 second video, cartoon style: 0-2s introduce scene, 2-6s show action from 'The routine is important.', 6-8s conclusion, safe for children, smooth animation",False,pending,success,0,,False
numerous,뜻을 확인해야 함,명사,뜻을 확인해야 함,a 명사 related to 뜻을 확인해야 함,The numerous is important.,numerous(은) 는 중요하다.,학습,초등학교 6 학년 사회,,,"cartoon style, classroom, social studies, illustrate: The numerous is important., safe for children, clear and simple","8 second video, cartoon style: 0-2s introduce scene, 2-6s show action from 'The numerous is important.', 6-8s conclusion, safe for children, smooth animation",False,pending,success,0,,False
legend,뜻을 확인해야 함,명사,뜻을 확인해야 함,a 명사 related to 뜻을 확인해야 함,The legend is important.,legend(은) 는 중요하다.,관심사,코딩,,,"cartoon style, computer screen, coding interface, illustrate: The legend is important., safe for children, clear and simple","8 second video, cartoon style: 0-2s introduce scene, 2-6s show action from 'The legend is important.', 6-8s conclusion, safe for children, smooth animation",False,pending,success,0,,False
military,뜻을 확인해야 함,명사,뜻을 확인해야 함,a 명사 related to 뜻을 확인해야 함,The military is important.,military(은) 는 중요하다.,학습,초등학교 6 학년 과학,,,"cartoon style, laboratory, science experiment, illustrate: The military is important., safe for children, clear and simple","8 second video, cartoon style: 0-2s introduce scene, 2-6s show action from 'The military is important.', 6-8s conclusion, safe for children, smooth animation",False,pending,success,0,,False
weapon,뜻을 확인해야 함,명사,뜻을 확인해야 함,a 명사 related to 뜻을 확인해야 함,The weapon is important.,weapon(은) 는 중요하다.,관심사,인공지능,,,"cartoon style, robot, futuristic, illustrate: The weapon is important., safe for children, clear and simple","8 second video, cartoon style: 0-2s introduce scene, 2-6s show action from 'The weapon is important.', 6-8s conclusion, safe for children, smooth animation",False,pending,success,0,,False
celebrate,뜻을 확인해야 함,명사,뜻을 확인해야 함,a 명사 related to 뜻을 확인해야 함,The celebrate is important.,celebrate(은) 는 중요하다.,학습,초등학교 6 학년 사회,,,"cartoon style, classroom, social studies, illustrate: The celebrate is important., safe for children, clear and simple","8 second video, cartoon style: 0-2s introduce scene, 2-6s show action from 'The celebrate is important.', 6-8s conclusion, safe for children, smooth animation",False,pending,success,0,,False
combat,뜻을 확인해야 함,명사,뜻을 확인해야 함,a 명사 related to 뜻을 확인해야 함,The combat is important.,combat(은) 는 중요하다.,관심사,소설 쓰기,,,"cartoon style, writing desk, notebook, illustrate: The combat is important., safe for children, clear and simple","8 second video, cartoon style: 0-2s introduce scene, 2-6s show action from 'The combat is important.', 6-8s conclusion, safe for children, smooth animation",False,pending,success,0,,False
historical,뜻을 확인해야 함,명사,뜻을 확인해야 함,a 명사 related to 뜻을 확인해야 함,The historical is important.,historical(은) 는 중요하다.,학습,초등학교 6 학년 과학,,,"cartoon style, laboratory, science experiment, illustrate: The historical is important., safe for children, clear and simple","8 second video, cartoon style: 0-2s introduce scene, 2-6s show action from 'The historical is important.', 6-8s conclusion, safe for children, smooth animation",False,pending,success,0,,False
royal,뜻을 확인해야 함,명사,뜻을 확인해야 함,a 명사 related to 뜻을 확인해야 함,The royal is important.,royal(은) 는 중요하다.,관심사,음악,,,"cartoon style, musical instruments, stage, illustrate: The royal is important., safe for children, clear and simple","8 second video, cartoon style: 0-2s introduce scene, 2-6s show action from 'The royal is important.', 6-8s conclusion, safe for children, smooth animation",False,pending,success,0,,False
loyal,뜻을 확인해야 함,명사,뜻을 확인해야 함,a 명사 related to 뜻을 확인해야 함,The loyal is important.,loyal(은) 는 중요하다.,학습,초등학교 6 학년 사회,,,"cartoon style, classroom, social studies, illustrate: The loyal is important., safe for children, clear and simple","8 second video, cartoon style: 0-2s introduce scene, 2-6s show action from 'The loyal is important.', 6-8s conclusion, safe for children, smooth animation",False,pending,success,0,,False
harvest,뜻을 확인해야 함,명사,뜻을 확인해야 함,a 명사 related to 뜻을 확인해야 함,The harvest is important.,harvest(은) 는 중요하다.,관심사,스포츠,,,"cartoon style, sports field, active pose, illustrate: The harvest is important., safe for children, clear and simple","8 second video, cartoon style: 0-2s introduce scene, 2-6s show action from 'The harvest is important.', 6-8s conclusion, safe for children, smooth animation",False,pending,success,0,,False
illustrate,뜻을 확인해야 함,명사,뜻을 확인해야 함,a 명사 related to 뜻을 확인해야 함,The illustrate is important.,illustrate(은) 는 중요하다.,학습,초등학교 6 학년 과학,,,"cartoon style, laboratory, science experiment, illustrate: The illustrate is important., safe for children, clear and simple","8 second video, cartoon style: 0-2s introduce scene, 2-6s show action from 'The illustrate is important.', 6-8s conclusion, safe for children, smooth animation",False,pending,success,0,,False
dare,뜻을 확인해야 함,명사,뜻을 확인해야 함,a 명사 related to 뜻을 확인해야 함,The dare is important.,dare(은) 는 중요하다.,관심사,게임,,,"cartoon style, bright colors, game scene, illustrate: The dare is important., safe for children, clear and simple","8 second video, cartoon style: 0-2s introduce scene, 2-6s show action from 'The dare is important.', 6-8s conclusion, safe for children, smooth animation",False,pending,success,0,,False
voyage,뜻을 확인해야 함,명사,뜻을 확인해야 함,a 명사 related to 뜻을 확인해야 함,The voyage is important.,voyage(은) 는 중요하다.,학습,초등학교 6 학년 사회,,,"cartoon style, classroom, social studies, illustrate: The voyage is important., safe for children, clear and simple","8 second video, cartoon style: 0-2s introduce scene, 2-6s show action from 'The voyage is important.', 6-8s conclusion, safe for children, smooth animation",False,pending,success,0,,False
conventional,뜻을 확인해야 함,명사,뜻을 확인해야 함,a 명사 related to 뜻을 확인해야 함,The conventional is important.,conventional(은) 는 중요하다.,관심사,코딩,,,"cartoon style, computer screen, coding interface, illustrate: The conventional is important., safe for children, clear and simple","8 second video, cartoon style: 0-2s introduce scene, 2-6s show action from 'The conventional is important.', 6-8s conclusion, safe for children, smooth animation",False,pending,success,0,,False
contemporary,뜻을 확인해야 함,명사,뜻을 확인해야 함,a 명사 related to 뜻을 확인해야 함,The contemporary is important.,contemporary(은) 는 중요하다.,학습,초등학교 6 학년 과학,,,"cartoon style, laboratory, science experiment, illustrate: The contemporary is important., safe for children, clear and simple","8 second video, cartoon style: 0-2s introduce scene, 2-6s show action from 'The contemporary is important.', 6-8s conclusion, safe for children, smooth animation",False,pending,success,0,,False
revolution,뜻을 확인해야 함,명사,뜻을 확인해야 함,a 명사 related to 뜻을 확인해야 함,The revolution is important.,revolution(은) 는 중요하다.,관심사,인공지능,,,"cartoon style, robot, futuristic, illustrate: The revolution is important., safe for children, clear and simple","8 second video, cartoon style: 0-2s introduce scene, 2-6s show action from 'The revolution is important.', 6-8s conclusion, safe for children, smooth animation",False,pending,success,0,,False
cooperation,뜻을 확인해야 함,명사,뜻을 확인해야 함,a 명사 related to 뜻을 확인해야 함,The cooperation is important.,cooperation(은) 는 중요하다.,학습,초등학교 6 학년 사회,,,"cartoon style, classroom, social studies, illustrate: The cooperation is important., safe for children, clear and simple","8 second video, cartoon style: 0-2s introduce scene, 2-6s show action from 'The cooperation is important.', 6-8s conclusion, safe for children, smooth animation",False,pending,success,0,,False
conquer,뜻을 확인해야 함,명사,뜻을 확인해야 함,a 명사 related to 뜻을 확인해야 함,The conquer is important.,conquer(은) 는 중요하다.,관심사,소설 쓰기,,,"cartoon style, writing desk, notebook, illustrate: The conquer is important., safe for children, clear and simple","8 second video, cartoon style: 0-2s introduce scene, 2-6s show action from 'The conquer is important.', 6-8s conclusion, safe for children, smooth animation",False,pending,success,0,,False
stable,뜻을 확인해야 함,명사,뜻을 확인해야 함,a 명사 related to 뜻을 확인해야 함,The stable is important.,stable(은) 는 중요하다.,학습,초등학교 6 학년 과학,,,"cartoon style, laboratory, science experiment, illustrate: The stable is important., safe for children, clear and simple","8 second video, cartoon style: 0-2s introduce scene, 2-6s show action from 'The stable is important.', 6-8s conclusion, safe for children, smooth animation",False,pending,success,0,,False
university,뜻을 확인해야 함,명사,뜻을 확인해야 함,a 명사 related to 뜻을 확인해야 함,The university is important.,university(은) 는 중요하다.,관심사,음악,,,"cartoon style, musical instruments, stage, illustrate: The university is important., safe for children, clear and simple","8 second video, cartoon style: 0-2s introduce scene, 2-6s show action from 'The university is important.', 6-8s conclusion, safe for children, smooth animation",False,pending,success,0,,False
education,뜻을 확인해야 함,명사,뜻을 확인해야 함,a 명사 related to 뜻을 확인해야 함,The education is important.,education(은) 는 중요하다.,학습,초등학교 6 학년 사회,,,"cartoon style, classroom, social studies, illustrate: The education is important., safe for children, clear and simple","8 second video, cartoon style: 0-2s introduce scene, 2-6s show action from 'The education is important.', 6-8s conclusion, safe for children, smooth animation",False,pending,success,0,,False
focus,뜻을 확인해야 함,명사,뜻을 확인해야 함,a 명사 related to 뜻을 확인해야 함,The focus is important.,focus(은) 는 중요하다.,관심사,스포츠,,,"cartoon style, sports field, active pose, illustrate: The focus is important., safe for children, clear and simple","8 second video, cartoon style: 0-2s introduce scene, 2-6s show action from 'The focus is important.', 6-8s conclusion, safe for children, smooth animation",False,pending,success,0,,False
entry,뜻을 확인해야 함,명사,뜻을 확인해야 함,a 명사 related to 뜻을 확인해야 함,The entry is important.,entry(은) 는 중요하다.,학습,초등학교 6 학년 과학,,,"cartoon style, laboratory, science experiment, illustrate: The entry is important., safe for children, clear and simple","8 second video, cartoon style: 0-2s introduce scene, 2-6s show action from 'The entry is important.', 6-8s conclusion, safe for children, smooth animation",False,pending,success,0,,False
medical,뜻을 확인해야 함,명사,뜻을 확인해야 함,a 명사 related to 뜻을 확인해야 함,The medical is important.,medical(은) 는 중요하다.,관심사,게임,,,"cartoon style, bright colors, game scene, illustrate: The medical is important., safe for children, clear and simple","8 second video, cartoon style: 0-2s introduce scene, 2-6s show action from 'The medical is important.', 6-8s conclusion, safe for children, smooth animation",False,pending,success,0,,False
accept,뜻을 확인해야 함,명사,뜻을 확인해야 함,a 명사 related to 뜻을 확인해야 함,The accept is important.,accept(은) 는 중요하다.,학습,초등학교 6 학년 사회,,,"cartoon style, classroom, social studies, illustrate: The accept is important., safe for children, clear and simple","8 second video, cartoon style: 0-2s introduce scene, 2-6s show action from 'The accept is important.', 6-8s conclusion, safe for children, smooth animation",False,pending,success,0,,False
pioneer,뜻을 확인해야 함,명사,뜻을 확인해야 함,a 명사 related to 뜻을 확인해야 함,The pioneer is important.,pioneer(은) 는 중요하다.,관심사,코딩,,,"cartoon style, computer screen, coding interface, illustrate: The pioneer is important., safe for children, clear and simple","8 second video, cartoon style: 0-2s introduce scene, 2-6s show action from 'The pioneer is important.', 6-8s conclusion, safe for children, smooth animation",False,pending,success,0,,False
mathematics,뜻을 확인해야 함,명사,뜻을 확인해야 함,a 명사 related to 뜻을 확인해야 함,The mathematics is important.,mathematics(은) 는 중요하다.,학습,초등학교 6 학년 과학,,,"cartoon style, laboratory, science experiment, illustrate: The mathematics is important., safe for children, clear and simple","8 second video, cartoon style: 0-2s introduce scene, 2-6s show action from 'The mathematics is important.', 6-8s conclusion, safe for children, smooth animation",False,pending,success,0,,False
professor,뜻을 확인해야 함,명사,뜻을 확인해야 함,a 명사 related to 뜻을 확인해야 함,The professor is important.,professor(은) 는 중요하다.,관심사,인공지능,,,"cartoon style, robot, futuristic, illustrate: The professor is important., safe for children, clear and simple","8 second video, cartoon style: 0-2s introduce scene, 2-6s show action from 'The professor is important.', 6-8s conclusion, safe for children, smooth animation",False,pending,success,0,,False
profession,뜻을 확인해야 함,명사,뜻을 확인해야 함,a 명사 related to 뜻을 확인해야 함,The profession is important.,profession(은) 는 중요하다.,학습,초등학교 6 학년 사회,,,"cartoon style, classroom, social studies, illustrate: The profession is important., safe for children, clear and simple","8 second video, cartoon style: 0-2s introduce scene, 2-6s show action from 'The profession is important.', 6-8s conclusion, safe for children, smooth animation",False,pending,success,0,,False
theory,뜻을 확인해야 함,명사,뜻을 확인해야 함,a 명사 related to 뜻을 확인해야 함,The theory is important.,theory(은) 는 중요하다.,관심사,소설 쓰기,,,"cartoon style, writing desk, notebook, illustrate: The theory is important., safe for children, clear and simple","8 second video, cartoon style: 0-2s introduce scene, 2-6s show action from 'The theory is important.', 6-8s conclusion, safe for children, smooth animation",False,pending,success,0,,False
philosophy,뜻을 확인해야 함,명사,뜻을 확인해야 함,a 명사 related to 뜻을 확인해야 함,The philosophy is important.,philosophy(은) 는 중요하다.,학습,초등학교 6 학년 과학,,,"cartoon style, laboratory, science experiment, illustrate: The philosophy is important., safe for children, clear and simple","8 second video, cartoon style: 0-2s introduce scene, 2-6s show action from 'The philosophy is important.', 6-8s conclusion, safe for children, smooth animation",False,pending,success,0,,False
method,뜻을 확인해야 함,명사,뜻을 확인해야 함,a 명사 related to 뜻을 확인해야 함,The method is important.,method(은) 는 중요하다.,관심사,음악,,,"cartoon style, musical instruments, stage, illustrate: The method is important., safe for children, clear and simple","8 second video, cartoon style: 0-2s introduce scene, 2-6s show action from 'The method is important.', 6-8s conclusion, safe for children, smooth animation",False,pending,success,0,,False
praise,뜻을 확인해야 함,명사,뜻을 확인해야 함,a 명사 related to 뜻을 확인해야 함,The praise is important.,praise(은) 는 중요하다.,학습,초등학교 6 학년 사회,,,"cartoon style, classroom, social studies, illustrate: The praise is important., safe for children, clear and simple","8 second video, cartoon style: 0-2s introduce scene, 2-6s show action from 'The praise is important.', 6-8s conclusion, safe for children, smooth animation",False,pending,success,0,,False
standard,뜻을 확인해야 함,명사,뜻을 확인해야 함,a 명사 related to 뜻을 확인해야 함,The standard is important.,standard(은) 는 중요하다.,관심사,스포츠,,,"cartoon style, sports field, active pose, illustrate: The standard is important., safe for children, clear and simple","8 second video, cartoon style: 0-2s introduce scene, 2-6s show action from 'The standard is important.', 6-8s conclusion, safe for children, smooth animation",False,pending,success,0,,False
character,뜻을 확인해야 함,명사,뜻을 확인해야 함,a 명사 related to 뜻을 확인해야 함,The character is important.,character(은) 는 중요하다.,학습,초등학교 6 학년 과학,,,"cartoon style, laboratory, science experiment, illustrate: The character is important., safe for children, clear and simple","8 second video, cartoon style: 0-2s introduce scene, 2-6s show action from 'The character is important.', 6-8s conclusion, safe for children, smooth animation",False,pending,success,0,,False
throw,뜻을 확인해야 함,명사,뜻을 확인해야 함,a 명사 related to 뜻을 확인해야 함,The throw is important.,throw(은) 는 중요하다.,관심사,게임,,,"cartoon style, bright colors, game scene, illustrate: The throw is important., safe for children, clear and simple","8 second video, cartoon style: 0-2s introduce scene, 2-6s show action from 'The throw is important.', 6-8s conclusion, safe for children, smooth animation",False,pending,success,0,,False
psychology,뜻을 확인해야 함,명사,뜻을 확인해야 함,a 명사 related to 뜻을 확인해야 함,The psychology is important.,psychology(은) 는 중요하다.,학습,초등학교 6 학년 사회,,,"cartoon style, classroom, social studies, illustrate: The psychology is important., safe for children, clear and simple","8 second video, cartoon style: 0-2s introduce scene, 2-6s show action from 'The psychology is important.', 6-8s conclusion, safe for children, smooth animation",False,pending,success,0,,False
intention,뜻을 확인해야 함,명사,뜻을 확인해야 함,a 명사 related to 뜻을 확인해야 함,The intention is important.,intention(은) 는 중요하다.,관심사,코딩,,,"cartoon style, computer screen, coding interface, illustrate: The intention is important., safe for children, clear and simple","8 second video, cartoon style: 0-2s introduce scene, 2-6s show action from 'The intention is important.', 6-8s conclusion, safe for children, smooth animation",False,pending,success,0,,False
apply,뜻을 확인해야 함,명사,뜻을 확인해야 함,a 명사 related to 뜻을 확인해야 함,The apply is important.,apply(은) 는 중요하다.,학습,초등학교 6 학년 과학,,,"cartoon style, laboratory, science experiment, illustrate: The apply is important., safe for children, clear and simple","8 second video, cartoon style: 0-2s introduce scene, 2-6s show action from 'The apply is important.', 6-8s conclusion, safe for children, smooth animation",False,pending,success,0,,False
tune,뜻을 확인해야 함,명사,뜻을 확인해야 함,a 명사 related to 뜻을 확인해야 함,The tune is important.,tune(은) 는 중요하다.,관심사,인공지능,,,"cartoon style, robot, futuristic, illustrate: The tune is important., safe for children, clear and simple","8 second video, cartoon style: 0-2s introduce scene, 2-6s show action from 'The tune is important.', 6-8s conclusion, safe for children, smooth animation",False,pending,success,0,,False
submit,뜻을 확인해야 함,명사,뜻을 확인해야 함,a 명사 related to 뜻을 확인해야 함,The submit is important.,submit(은) 는 중요하다.,학습,초등학교 6 학년 사회,,,"cartoon style, classroom, social studies, illustrate: The submit is important., safe for children, clear and simple","8 second video, cartoon style: 0-2s introduce scene, 2-6s show action from 'The submit is important.', 6-8s conclusion, safe for children, smooth animation",False,pending,success,0,,False
logical,뜻을 확인해야 함,명사,뜻을 확인해야 함,a 명사 related to 뜻을 확인해야 함,The logical is important.,logical(은) 는 중요하다.,관심사,소설 쓰기,,,"cartoon style, writing desk, notebook, illustrate: The logical is important., safe for children, clear and simple","8 second video, cartoon style: 0-2s introduce scene, 2-6s show action from 'The logical is important.', 6-8s conclusion, safe for children, smooth animation",False,pending,success,0,,False
blame,뜻을 확인해야 함,명사,뜻을 확인해야 함,a 명사 related to 뜻을 확인해야 함,The blame is important.,blame(은) 는 중요하다.,학습,초등학교 6 학년 과학,,,"cartoon style, laboratory, science experiment, illustrate: The blame is important., safe for children, clear and simple","8 second video, cartoon style: 0-2s introduce scene, 2-6s show action from 'The blame is important.', 6-8s conclusion, safe for children, smooth animation",False,pending,success,0,,False
display,뜻을 확인해야 함,명사,뜻을 확인해야 함,a 명사 related to 뜻을 확인해야 함,The display is important.,display(은) 는 중요하다.,관심사,음악,,,"cartoon style, musical instruments, stage, illustrate: The display is important., safe for children, clear and simple","8 second video, cartoon style: 0-2s introduce scene, 2-6s show action from 'The display is important.', 6-8s conclusion, safe for children, smooth animation",False,pending,success,0,,False
likewise,뜻을 확인해야 함,명사,뜻을 확인해야 함,a 명사 related to 뜻을 확인해야 함,The likewise is important.,likewise(은) 는 중요하다.,학습,초등학교 6 학년 사회,,,"cartoon style, classroom, social studies, illustrate: The likewise is important., safe for children, clear and simple","8 second video, cartoon style: 0-2s introduce scene, 2-6s show action from 'The likewise is important.', 6-8s conclusion, safe for children, smooth animation",False,pending,success,0,,False
discipline,뜻을 확인해야 함,명사,뜻을 확인해야 함,a 명사 related to 뜻을 확인해야 함,The discipline is important.,discipline(은) 는 중요하다.,관심사,스포츠,,,"cartoon style, sports field, active pose, illustrate: The discipline is important., safe for children, clear and simple","8 second video, cartoon style: 0-2s introduce scene, 2-6s show action from 'The discipline is important.', 6-8s conclusion, safe for children, smooth animation",False,pending,success,0,,False
boost,뜻을 확인해야 함,명사,뜻을 확인해야 함,a 명사 related to 뜻을 확인해야 함,The boost is important.,boost(은) 는 중요하다.,학습,초등학교 6 학년 과학,,,"cartoon style, laboratory, science experiment, illustrate: The boost is important., safe for children, clear and simple","8 second video, cartoon style: 0-2s introduce scene, 2-6s show action from 'The boost is important.', 6-8s conclusion, safe for children, smooth animation",False,pending,success,0,,False
shallow,뜻을 확인해야 함,명사,뜻을 확인해야 함,a 명사 related to 뜻을 확인해야 함,The shallow is important.,shallow(은) 는 중요하다.,관심사,게임,,,"cartoon style, bright colors, game scene, illustrate: The shallow is important., safe for children, clear and simple","8 second video, cartoon style: 0-2s introduce scene, 2-6s show action from 'The shallow is important.', 6-8s conclusion, safe for children, smooth animation",False,pending,success,0,,False
swallow,뜻을 확인해야 함,명사,뜻을 확인해야 함,a 명사 related to 뜻을 확인해야 함,The swallow is important.,swallow(은) 는 중요하다.,학습,초등학교 6 학년 사회,,,"cartoon style, classroom, social studies, illustrate: The swallow is important., safe for children, clear and simple","8 second video, cartoon style: 0-2s introduce scene, 2-6s show action from 'The swallow is important.', 6-8s conclusion, safe for children, smooth animation",False,pending,success,0,,False
bias,뜻을 확인해야 함,명사,뜻을 확인해야 함,a 명사 related to 뜻을 확인해야 함,The bias is important.,bias(은) 는 중요하다.,관심사,코딩,,,"cartoon style, computer screen, coding interface, illustrate: The bias is important., safe for children, clear and simple","8 second video, cartoon style: 0-2s introduce scene, 2-6s show action from 'The bias is important.', 6-8s conclusion, safe for children, smooth animation",False,pending,success,0,,False
string,뜻을 확인해야 함,명사,뜻을 확인해야 함,a 명사 related to 뜻을 확인해야 함,The string is important.,string(은) 는 중요하다.,학습,초등학교 6 학년 과학,,,"cartoon style, laboratory, science experiment, illustrate: The string is important., safe for children, clear and simple","8 second video, cartoon style: 0-2s introduce scene, 2-6s show action from 'The string is important.', 6-8s conclusion, safe for children, smooth animation",False,pending,success,0,,False
examination,뜻을 확인해야 함,명사,뜻을 확인해야 함,a 명사 related to 뜻을 확인해야 함,The examination is important.,examination(은) 는 중요하다.,관심사,인공지능,,,"cartoon style, robot, futuristic, illustrate: The examination is important., safe for children, clear and simple","8 second video, cartoon style: 0-2s introduce scene, 2-6s show action from 'The examination is important.', 6-8s conclusion, safe for children, smooth animation",False,pending,success,0,,False
rational,뜻을 확인해야 함,명사,뜻을 확인해야 함,a 명사 related to 뜻을 확인해야 함,The rational is important.,rational(은) 는 중요하다.,학습,초등학교 6 학년 사회,,,"cartoon style, classroom, social studies, illustrate: The rational is important., safe for children, clear and simple","8 second video, cartoon style: 0-2s introduce scene, 2-6s show action from 'The rational is important.', 6-8s conclusion, safe for children, smooth animation",False,pending,success,0,,False
laboratory,뜻을 확인해야 함,명사,뜻을 확인해야 함,a 명사 related to 뜻을 확인해야 함,The laboratory is important.,laboratory(은) 는 중요하다.,관심사,소설 쓰기,,,"cartoon style, writing desk, notebook, illustrate: The laboratory is important., safe for children, clear and simple","8 second video, cartoon style: 0-2s introduce scene, 2-6s show action from 'The laboratory is important.', 6-8s conclusion, safe for children, smooth animation",False,pending,success,0,,False
authority,뜻을 확인해야 함,명사,뜻을 확인해야 함,a 명사 related to 뜻을 확인해야 함,The authority is important.,authority(은) 는 중요하다.,학습,초등학교 6 학년 과학,,,"cartoon style, laboratory, science experiment, illustrate: The authority is important., safe for children, clear and simple","8 second video, cartoon style: 0-2s introduce scene, 2-6s show action from 'The authority is important.', 6-8s conclusion, safe for children, smooth animation",False,pending,success,0,,False
misunderstanding,뜻을 확인해야 함,명사,뜻을 확인해야 함,a 명사 related to 뜻을 확인해야 함,The misunderstanding is important.,misunderstanding(은) 는 중요하다.,관심사,음악,,,"cartoon style, musical instruments, stage, illustrate: The misunderstanding is important., safe for children, clear and simple","8 second video, cartoon style: 0-2s introduce scene, 2-6s show action from 'The misunderstanding is important.', 6-8s conclusion, safe for children, smooth animation",False,pending,success,0,,False
pursue,뜻을 확인해야 함,명사,뜻을 확인해야 함,a 명사 related to 뜻을 확인해야 함,The pursue is important.,pursue(은) 는 중요하다.,학습,초등학교 6 학년 사회,,,"cartoon style, classroom, social studies, illustrate: The pursue is important., safe for children, clear and simple","8 second video, cartoon style: 0-2s introduce scene, 2-6s show action from 'The pursue is important.', 6-8s conclusion, safe for children, smooth animation",False,pending,success,0,,False
deprived,뜻을 확인해야 함,명사,뜻을 확인해야 함,a 명사 related to 뜻을 확인해야 함,The deprived is important.,deprived(은) 는 중요하다.,관심사,스포츠,,,"cartoon style, sports field, active pose, illustrate: The deprived is important., safe for children, clear and simple","8 second video, cartoon style: 0-2s introduce scene, 2-6s show action from 'The deprived is important.', 6-8s conclusion, safe for children, smooth animation",False,pending,success,0,,False
spell,뜻을 확인해야 함,명사,뜻을 확인해야 함,a 명사 related to 뜻을 확인해야 함,The spell is important.,spell(은) 는 중요하다.,학습,초등학교 6 학년 과학,,,"cartoon style, laboratory, science experiment, illustrate: The spell is important., safe for children, clear and simple","8 second video, cartoon style: 0-2s introduce scene, 2-6s show action from 'The spell is important.', 6-8s conclusion, safe for children, smooth animation",False,pending,success,0,,False
nature,뜻을 확인해야 함,명사,뜻을 확인해야 함,a 명사 related to 뜻을 확인해야 함,The nature is important.,nature(은) 는 중요하다.,관심사,게임,,,"cartoon style, bright colors, game scene, illustrate: The nature is important., safe for children, clear and simple","8 second video, cartoon style: 0-2s introduce scene, 2-6s show action from 'The nature is important.', 6-8s conclusion, safe for children, smooth animation",False,pending,success,0,,False
experiment,뜻을 확인해야 함,명사,뜻을 확인해야 함,a 명사 related to 뜻을 확인해야 함,The experiment is important.,experiment(은) 는 중요하다.,학습,초등학교 6 학년 사회,,,"cartoon style, classroom, social studies, illustrate: The experiment is important., safe for children, clear and simple","8 second video, cartoon style: 0-2s introduce scene, 2-6s show action from 'The experiment is important.', 6-8s conclusion, safe for children, smooth animation",False,pending,success,0,,False
condition,뜻을 확인해야 함,명사,뜻을 확인해야 함,a 명사 related to 뜻을 확인해야 함,The condition is important.,condition(은) 는 중요하다.,관심사,코딩,,,"cartoon style, computer screen, coding interface, illustrate: The condition is important., safe for children, clear and simple","8 second video, cartoon style: 0-2s introduce scene, 2-6s show action from 'The condition is important.', 6-8s conclusion, safe for children, smooth animation",False,pending,success,0,,False
distance,뜻을 확인해야 함,명사,뜻을 확인해야 함,a 명사 related to 뜻을 확인해야 함,The distance is important.,distance(은) 는 중요하다.,학습,초등학교 6 학년 과학,,,"cartoon style, laboratory, science experiment, illustrate: The distance is important., safe for children, clear and simple","8 second video, cartoon style: 0-2s introduce scene, 2-6s show action from 'The distance is important.', 6-8s conclusion, safe for children, smooth animation",False,pending,success,0,,False
evidence,뜻을 확인해야 함,명사,뜻을 확인해야 함,a 명사 related to 뜻을 확인해야 함,The evidence is important.,evidence(은) 는 중요하다.,관심사,인공지능,,,"cartoon style, robot, futuristic, illustrate: The evidence is important., safe for children, clear and simple","8 second video, cartoon style: 0-2s introduce scene, 2-6s show action from 'The evidence is important.', 6-8s conclusion, safe for children, smooth animation",False,pending,success,0,,False
chemical,뜻을 확인해야 함,명사,뜻을 확인해야 함,a 명사 related to 뜻을 확인해야 함,The chemical is important.,chemical(은) 는 중요하다.,학습,초등학교 6 학년 사회,,,"cartoon style, classroom, social studies, illustrate: The chemical is important., safe for children, clear and simple","8 second video, cartoon style: 0-2s introduce scene, 2-6s show action from 'The chemical is important.', 6-8s conclusion, safe for children, smooth animation",False,pending,success,0,,False
fluid,뜻을 확인해야 함,명사,뜻을 확인해야 함,a 명사 related to 뜻을 확인해야 함,The fluid is important.,fluid(은) 는 중요하다.,관심사,소설 쓰기,,,"cartoon style, writing desk, notebook, illustrate: The fluid is important., safe for children, clear and simple","8 second video, cartoon style: 0-2s introduce scene, 2-6s show action from 'The fluid is important.', 6-8s conclusion, safe for children, smooth animation",False,pending,success,0,,False
extensive,뜻을 확인해야 함,명사,뜻을 확인해야 함,a 명사 related to 뜻을 확인해야 함,The extensive is important.,extensive(은) 는 중요하다.,학습,초등학교 6 학년 과학,,,"cartoon style, laboratory, science experiment, illustrate: The extensive is important., safe for children, clear and simple","8 second video, cartoon style: 0-2s introduce scene, 2-6s show action from 'The extensive is important.', 6-8s conclusion, safe for children, smooth animation",False,pending,success,0,,False
process,뜻을 확인해야 함,명사,뜻을 확인해야 함,a 명사 related to 뜻을 확인해야 함,The process is important.,process(은) 는 중요하다.,관심사,음악,,,"cartoon style, musical instruments, stage, illustrate: The process is important., safe for children, clear and simple","8 second video, cartoon style: 0-2s introduce scene, 2-6s show action from 'The process is important.', 6-8s conclusion, safe for children, smooth animation",False,pending,success,0,,False
progress,뜻을 확인해야 함,명사,뜻을 확인해야 함,a 명사 related to 뜻을 확인해야 함,The progress is important.,progress(은) 는 중요하다.,학습,초등학교 6 학년 사회,,,"cartoon style, classroom, social studies, illustrate: The progress is important., safe for children, clear and simple","8 second video, cartoon style: 0-2s introduce scene, 2-6s show action from 'The progress is important.', 6-8s conclusion, safe for children, smooth animation",False,pending,success,0,,False
planet,뜻을 확인해야 함,명사,뜻을 확인해야 함,a 명사 related to 뜻을 확인해야 함,The planet is important.,planet(은) 는 중요하다.,관심사,스포츠,,,"cartoon style, sports field, active pose, illustrate: The planet is important., safe for children, clear and simple","8 second video, cartoon style: 0-2s introduce scene, 2-6s show action from 'The planet is important.', 6-8s conclusion, safe for children, smooth animation",False,pending,success,0,,False
conduct,뜻을 확인해야 함,명사,뜻을 확인해야 함,a 명사 related to 뜻을 확인해야 함,The conduct is important.,conduct(은) 는 중요하다.,학습,초등학교 6 학년 과학,,,"cartoon style, laboratory, science experiment, illustrate: The conduct is important., safe for children, clear and simple","8 second video, cartoon style: 0-2s introduce scene, 2-6s show action from 'The conduct is important.', 6-8s conclusion, safe for children, smooth animation",False,pending,success,0,,False
solid,뜻을 확인해야 함,명사,뜻을 확인해야 함,a 명사 related to 뜻을 확인해야 함,The solid is important.,solid(은) 는 중요하다.,관심사,게임,,,"cartoon style, bright colors, game scene, illustrate: The solid is important., safe for children, clear and simple","8 second video, cartoon style: 0-2s introduce scene, 2-6s show action from 'The solid is important.', 6-8s conclusion, safe for children, smooth animation",False,pending,success,0,,False
eternal,뜻을 확인해야 함,명사,뜻을 확인해야 함,a 명사 related to 뜻을 확인해야 함,The eternal is important.,eternal(은) 는 중요하다.,학습,초등학교 6 학년 사회,,,"cartoon style, classroom, social studies, illustrate: The eternal is important., safe for children, clear and simple","8 second video, cartoon style: 0-2s introduce scene, 2-6s show action from 'The eternal is important.', 6-8s conclusion, safe for children, smooth animation",False,pending,success,0,,False
gravity,뜻을 확인해야 함,명사,뜻을 확인해야 함,a 명사 related to 뜻을 확인해야 함,The gravity is important.,gravity(은) 는 중요하다.,관심사,코딩,,,"cartoon style, computer screen, coding interface, illustrate: The gravity is important., safe for children, clear and simple","8 second video, cartoon style: 0-2s introduce scene, 2-6s show action from 'The gravity is important.', 6-8s conclusion, safe for children, smooth animation",False,pending,success,0,,False
melt,뜻을 확인해야 함,명사,뜻을 확인해야 함,a 명사 related to 뜻을 확인해야 함,The melt is important.,melt(은) 는 중요하다.,학습,초등학교 6 학년 과학,,,"cartoon style, laboratory, science experiment, illustrate: The melt is important., safe for children, clear and simple","8 second video, cartoon style: 0-2s introduce scene, 2-6s show action from 'The melt is important.', 6-8s conclusion, safe for children, smooth animation",False,pending,success,0,,False
astronaut,뜻을 확인해야 함,명사,뜻을 확인해야 함,a 명사 related to 뜻을 확인해야 함,The astronaut is important.,astronaut(은) 는 중요하다.,관심사,인공지능,,,"cartoon style, robot, futuristic, illustrate: The astronaut is important., safe for children, clear and simple","8 second video, cartoon style: 0-2s introduce scene, 2-6s show action from 'The astronaut is important.', 6-8s conclusion, safe for children, smooth animation",False,pending,success,0,,False
smooth,뜻을 확인해야 함,명사,뜻을 확인해야 함,a 명사 related to 뜻을 확인해야 함,The smooth is important.,smooth(은) 는 중요하다.,학습,초등학교 6 학년 사회,,,"cartoon style, classroom, social studies, illustrate: The smooth is important., safe for children, clear and simple","8 second video, cartoon style: 0-2s introduce scene, 2-6s show action from 'The smooth is important.', 6-8s conclusion, safe for children, smooth animation",False,pending,success,0,,False
oxygen,뜻을 확인해야 함,명사,뜻을 확인해야 함,a 명사 related to 뜻을 확인해야 함,The oxygen is important.,oxygen(은) 는 중요하다.,관심사,소설 쓰기,,,"cartoon style, writing desk, notebook, illustrate: The oxygen is important., safe for children, clear and simple","8 second video, cartoon style: 0-2s introduce scene, 2-6s show action from 'The oxygen is important.', 6-8s conclusion, safe for children, smooth animation",False,pending,success,0,,False
support,뜻을 확인해야 함,명사,뜻을 확인해야 함,a 명사 related to 뜻을 확인해야 함,The support is important.,support(은) 는 중요하다.,학습,초등학교 6 학년 과학,,,"cartoon style, laboratory, science experiment, illustrate: The support is important., safe for children, clear and simple","8 second video, cartoon style: 0-2s introduce scene, 2-6s show action from 'The support is important.', 6-8s conclusion, safe for children, smooth animation",False,pending,success,0,,False
acid,뜻을 확인해야 함,명사,뜻을 확인해야 함,a 명사 related to 뜻을 확인해야 함,The acid is important.,acid(은) 는 중요하다.,관심사,음악,,,"cartoon style, musical instruments, stage, illustrate: The acid is important., safe for children, clear and simple","8 second video, cartoon style: 0-2s introduce scene, 2-6s show action from 'The acid is important.', 6-8s conclusion, safe for children, smooth animation",False,pending,success,0,,False
orbit,뜻을 확인해야 함,명사,뜻을 확인해야 함,a 명사 related to 뜻을 확인해야 함,The orbit is important.,orbit(은) 는 중요하다.,학습,초등학교 6 학년 사회,,,"cartoon style, classroom, social studies, illustrate: The orbit is important., safe for children, clear and simple","8 second video, cartoon style: 0-2s introduce scene, 2-6s show action from 'The orbit is important.', 6-8s conclusion, safe for children, smooth animation",False,pending,success,0,,False
toxic,뜻을 확인해야 함,명사,뜻을 확인해야 함,a 명사 related to 뜻을 확인해야 함,The toxic is important.,toxic(은) 는 중요하다.,관심사,스포츠,,,"cartoon style, sports field, active pose, illustrate: The toxic is important., safe for children, clear and simple","8 second video, cartoon style: 0-2s introduce scene, 2-6s show action from 'The toxic is important.', 6-8s conclusion, safe for children, smooth animation",False,pending,success,0,,False
atom,뜻을 확인해야 함,명사,뜻을 확인해야 함,a 명사 related to 뜻을 확인해야 함,The atom is important.,atom(은) 는 중요하다.,학습,초등학교 6 학년 과학,,,"cartoon style, laboratory, science experiment, illustrate: The atom is important., safe for children, clear and simple","8 second video, cartoon style: 0-2s introduce scene, 2-6s show action from 'The atom is important.', 6-8s conclusion, safe for children, smooth animation",False,pending,success,0,,False
liquid,뜻을 확인해야 함,명사,뜻을 확인해야 함,a 명사 related to 뜻을 확인해야 함,The liquid is important.,liquid(은) 는 중요하다.,관심사,게임,,,"cartoon style, bright colors, game scene, illustrate: The liquid is important., safe for children, clear and simple","8 second video, cartoon style: 0-2s introduce scene, 2-6s show action from 'The liquid is important.', 6-8s conclusion, safe for children, smooth animation",False,pending,success,0,,False
universe,뜻을 확인해야 함,명사,뜻을 확인해야 함,a 명사 related to 뜻을 확인해야 함,The universe is important.,universe(은) 는 중요하다.,학습,초등학교 6 학년 사회,,,"cartoon style, classroom, social studies, illustrate: The universe is important., safe for children, clear and simple","8 second video, cartoon style: 0-2s introduce scene, 2-6s show action from 'The universe is important.', 6-8s conclusion, safe for children, smooth animation",False,pending,success,0,,False
reverse,뜻을 확인해야 함,명사,뜻을 확인해야 함,a 명사 related to 뜻을 확인해야 함,The reverse is important.,reverse(은) 는 중요하다.,관심사,코딩,,,"cartoon style, computer screen, coding interface, illustrate: The reverse is important., safe for children, clear and simple","8 second video, cartoon style: 0-2s introduce scene, 2-6s show action from 'The reverse is important.', 6-8s conclusion, safe for children, smooth animation",False,pending,success,0,,False
extend,뜻을 확인해야 함,명사,뜻을 확인해야 함,a 명사 related to 뜻을 확인해야 함,The extend is important.,extend(은) 는 중요하다.,학습,초등학교 6 학년 과학,,,"cartoon style, laboratory, science experiment, illustrate: The extend is important., safe for children, clear and simple","8 second video, cartoon style: 0-2s introduce scene, 2-6s show action from 'The extend is important.', 6-8s conclusion, safe for children, smooth animation",False,pending,success,0,,False
extent,뜻을 확인해야 함,명사,뜻을 확인해야 함,a 명사 related to 뜻을 확인해야 함,The extent is important.,extent(은) 는 중요하다.,관심사,인공지능,,,"cartoon style, robot, futuristic, illustrate: The extent is important., safe for children, clear and simple","8 second video, cartoon style: 0-2s introduce scene, 2-6s show action from 'The extent is important.', 6-8s conclusion, safe for children, smooth animation",False,pending,success,0,,False
expand,뜻을 확인해야 함,명사,뜻을 확인해야 함,a 명사 related to 뜻을 확인해야 함,The expand is important.,expand(은) 는 중요하다.,학습,초등학교 6 학년 사회,,,"cartoon style, classroom, social studies, illustrate: The expand is important., safe for children, clear and simple","8 second video, cartoon style: 0-2s introduce scene, 2-6s show action from 'The expand is important.', 6-8s conclusion, safe for children, smooth animation",False,pending,success,0,,False
preserve,뜻을 확인해야 함,명사,뜻을 확인해야 함,a 명사 related to 뜻을 확인해야 함,The preserve is important.,preserve(은) 는 중요하다.,관심사,소설 쓰기,,,"cartoon style, writing desk, notebook, illustrate: The preserve is important., safe for children, clear and simple","8 second video, cartoon style: 0-2s introduce scene, 2-6s show action from 'The preserve is important.', 6-8s conclusion, safe for children, smooth animation",False,pending,success,0,,False
vapor,뜻을 확인해야 함,명사,뜻을 확인해야 함,a 명사 related to 뜻을 확인해야 함,The vapor is important.,vapor(은) 는 중요하다.,학습,초등학교 6 학년 과학,,,"cartoon style, laboratory, science experiment, illustrate: The vapor is important., safe for children, clear and simple","8 second video, cartoon style: 0-2s introduce scene, 2-6s show action from 'The vapor is important.', 6-8s conclusion, safe for children, smooth animation",False,pending,success,0,,False
invisible,뜻을 확인해야 함,명사,뜻을 확인해야 함,a 명사 related to 뜻을 확인해야 함,The invisible is important.,invisible(은) 는 중요하다.,관심사,음악,,,"cartoon style, musical instruments, stage, illustrate: The invisible is important., safe for children, clear and simple","8 second video, cartoon style: 0-2s introduce scene, 2-6s show action from 'The invisible is important.', 6-8s conclusion, safe for children, smooth animation",False,pending,success,0,,False
substance,뜻을 확인해야 함,명사,뜻을 확인해야 함,a 명사 related to 뜻을 확인해야 함,The substance is important.,substance(은) 는 중요하다.,학습,초등학교 6 학년 사회,,,"cartoon style, classroom, social studies, illustrate: The substance is important., safe for children, clear and simple","8 second video, cartoon style: 0-2s introduce scene, 2-6s show action from 'The substance is important.', 6-8s conclusion, safe for children, smooth animation",False,pending,success,0,,False
particle,뜻을 확인해야 함,명사,뜻을 확인해야 함,a 명사 related to 뜻을 확인해야 함,The particle is important.,particle(은) 는 중요하다.,관심사,스포츠,,,"cartoon style, sports field, active pose, illustrate: The particle is important., safe for children, clear and simple","8 second video, cartoon style: 0-2s introduce scene, 2-6s show action from 'The particle is important.', 6-8s conclusion, safe for children, smooth animation",False,pending,success,0,,False
moisture,뜻을 확인해야 함,명사,뜻을 확인해야 함,a 명사 related to 뜻을 확인해야 함,The moisture is important.,moisture(은) 는 중요하다.,학습,초등학교 6 학년 과학,,,"cartoon style, laboratory, science experiment, illustrate: The moisture is important., safe for children, clear and simple","8 second video, cartoon style: 0-2s introduce scene, 2-6s show action from 'The moisture is important.', 6-8s conclusion, safe for children, smooth animation",False,pending,success,0,,False
abstract,뜻을 확인해야 함,명사,뜻을 확인해야 함,a 명사 related to 뜻을 확인해야 함,The abstract is important.,abstract(은) 는 중요하다.,관심사,게임,,,"cartoon style, bright colors, game scene, illustrate: The abstract is important., safe for children, clear and simple","8 second video, cartoon style: 0-2s introduce scene, 2-6s show action from 'The abstract is important.', 6-8s conclusion, safe for children, smooth animation",False,pending,success,0,,False
valid,뜻을 확인해야 함,명사,뜻을 확인해야 함,a 명사 related to 뜻을 확인해야 함,The valid is important.,valid(은) 는 중요하다.,학습,초등학교 6 학년 사회,,,"cartoon style, classroom, social studies, illustrate: The valid is important., safe for children, clear and simple","8 second video, cartoon style: 0-2s introduce scene, 2-6s show action from 'The valid is important.', 6-8s conclusion, safe for children, smooth animation",False,pending,success,0,,False
invention,뜻을 확인해야 함,명사,뜻을 확인해야 함,a 명사 related to 뜻을 확인해야 함,The invention is important.,invention(은) 는 중요하다.,관심사,코딩,,,"cartoon style, computer screen, coding interface, illustrate: The invention is important., safe for children, clear and simple","8 second video, cartoon style: 0-2s introduce scene, 2-6s show action from 'The invention is important.', 6-8s conclusion, safe for children, smooth animation",False,pending,success,0,,False
stick,뜻을 확인해야 함,명사,뜻을 확인해야 함,a 명사 related to 뜻을 확인해야 함,The stick is important.,stick(은) 는 중요하다.,학습,초등학교 6 학년 과학,,,"cartoon style, laboratory, science experiment, illustrate: The stick is important., safe for children, clear and simple","8 second video, cartoon style: 0-2s introduce scene, 2-6s show action from 'The stick is important.', 6-8s conclusion, safe for children, smooth animation",False,pending,success,0,,False
biology,뜻을 확인해야 함,명사,뜻을 확인해야 함,a 명사 related to 뜻을 확인해야 함,The biology is important.,biology(은) 는 중요하다.,관심사,인공지능,,,"cartoon style, robot, futuristic, illustrate: The biology is important., safe for children, clear and simple","8 second video, cartoon style: 0-2s introduce scene, 2-6s show action from 'The biology is important.', 6-8s conclusion, safe for children, smooth animation",False,pending,success,0,,False
gene,뜻을 확인해야 함,명사,뜻을 확인해야 함,a 명사 related to 뜻을 확인해야 함,The gene is important.,gene(은) 는 중요하다.,학습,초등학교 6 학년 사회,,,"cartoon style, classroom, social studies, illustrate: The gene is important., safe for children, clear and simple","8 second video, cartoon style: 0-2s introduce scene, 2-6s show action from 'The gene is important.', 6-8s conclusion, safe for children, smooth animation",False,pending,success,0,,False
factor,뜻을 확인해야 함,명사,뜻을 확인해야 함,a 명사 related to 뜻을 확인해야 함,The factor is important.,factor(은) 는 중요하다.,관심사,소설 쓰기,,,"cartoon style, writing desk, notebook, illustrate: The factor is important., safe for children, clear and simple","8 second video, cartoon style: 0-2s introduce scene, 2-6s show action from 'The factor is important.', 6-8s conclusion, safe for children, smooth animation",False,pending,success,0,,False
trace,뜻을 확인해야 함,명사,뜻을 확인해야 함,a 명사 related to 뜻을 확인해야 함,The trace is important.,trace(은) 는 중요하다.,학습,초등학교 6 학년 과학,,,"cartoon style, laboratory, science experiment, illustrate: The trace is important., safe for children, clear and simple","8 second video, cartoon style: 0-2s introduce scene, 2-6s show action from 'The trace is important.', 6-8s conclusion, safe for children, smooth animation",False,pending,success,0,,False
require,뜻을 확인해야 함,명사,뜻을 확인해야 함,a 명사 related to 뜻을 확인해야 함,The require is important.,require(은) 는 중요하다.,관심사,음악,,,"cartoon style, musical instruments, stage, illustrate: The require is important., safe for children, clear and simple","8 second video, cartoon style: 0-2s introduce scene, 2-6s show action from 'The require is important.', 6-8s conclusion, safe for children, smooth animation",False,pending,success,0,,False
structure,뜻을 확인해야 함,명사,뜻을 확인해야 함,a 명사 related to 뜻을 확인해야 함,The structure is important.,structure(은) 는 중요하다.,학습,초등학교 6 학년 사회,,,"cartoon style, classroom, social studies, illustrate: The structure is important., safe for children, clear and simple","8 second video, cartoon style: 0-2s introduce scene, 2-6s show action from 'The structure is important.', 6-8s conclusion, safe for children, smooth animation",False,pending,success,0,,False
research,뜻을 확인해야 함,명사,뜻을 확인해야 함,a 명사 related to 뜻을 확인해야 함,The research is important.,research(은) 는 중요하다.,관심사,스포츠,,,"cartoon style, sports field, active pose, illustrate: The research is important., safe for children, clear and simple","8 second video, cartoon style: 0-2s introduce scene, 2-6s show action from 'The research is important.', 6-8s conclusion, safe for children, smooth animation",False,pending,success,0,,False
intelligent,뜻을 확인해야 함,명사,뜻을 확인해야 함,a 명사 related to 뜻을 확인해야 함,The intelligent is important.,intelligent(은) 는 중요하다.,학습,초등학교 6 학년 과학,,,"cartoon style, laboratory, science experiment, illustrate: The intelligent is important., safe for children, clear and simple","8 second video, cartoon style: 0-2s introduce scene, 2-6s show action from 'The intelligent is important.', 6-8s conclusion, safe for children, smooth animation",False,pending,success,0,,False
sign,뜻을 확인해야 함,명사,뜻을 확인해야 함,a 명사 related to 뜻을 확인해야 함,The sign is important.,sign(은) 는 중요하다.,관심사,게임,,,"cartoon style, bright colors, game scene, illustrate: The sign is important., safe for children, clear and simple","8 second video, cartoon style: 0-2s introduce scene, 2-6s show action from 'The sign is important.', 6-8s conclusion, safe for children, smooth animation",False,pending,success,0,,False
sigh,뜻을 확인해야 함,명사,뜻을 확인해야 함,a 명사 related to 뜻을 확인해야 함,The sigh is important.,sigh(은) 는 중요하다.,학습,초등학교 6 학년 사회,,,"cartoon style, classroom, social studies, illustrate: The sigh is important., safe for children, clear and simple","8 second video, cartoon style: 0-2s introduce scene, 2-6s show action from 'The sigh is important.', 6-8s conclusion, safe for children, smooth animation",False,pending,success,0,,False
insect,뜻을 확인해야 함,명사,뜻을 확인해야 함,a 명사 related to 뜻을 확인해야 함,The insect is important.,insect(은) 는 중요하다.,관심사,코딩,,,"cartoon style, computer screen, coding interface, illustrate: The insect is important., safe for children, clear and simple","8 second video, cartoon style: 0-2s introduce scene, 2-6s show action from 'The insect is important.', 6-8s conclusion, safe for children, smooth animation",False,pending,success,0,,False
circumstance,뜻을 확인해야 함,명사,뜻을 확인해야 함,a 명사 related to 뜻을 확인해야 함,The circumstance is important.,circumstance(은) 는 중요하다.,학습,초등학교 6 학년 과학,,,"cartoon style, laboratory, science experiment, illustrate: The circumstance is important., safe for children, clear and simple","8 second video, cartoon style: 0-2s introduce scene, 2-6s show action from 'The circumstance is important.', 6-8s conclusion, safe for children, smooth animation",False,pending,success,0,,False
normal,뜻을 확인해야 함,명사,뜻을 확인해야 함,a 명사 related to 뜻을 확인해야 함,The normal is important.,normal(은) 는 중요하다.,관심사,인공지능,,,"cartoon style, robot, futuristic, illustrate: The normal is important., safe for children, clear and simple","8 second video, cartoon style: 0-2s introduce scene, 2-6s show action from 'The normal is important.', 6-8s conclusion, safe for children, smooth animation",False,pending,success,0,,False
threat,뜻을 확인해야 함,명사,뜻을 확인해야 함,a 명사 related to 뜻을 확인해야 함,The threat is important.,threat(은) 는 중요하다.,학습,초등학교 6 학년 사회,,,"cartoon style, classroom, social studies, illustrate: The threat is important., safe for children, clear and simple","8 second video, cartoon style: 0-2s introduce scene, 2-6s show action from 'The threat is important.', 6-8s conclusion, safe for children, smooth animation",False,pending,success,0,,False
improve,뜻을 확인해야 함,명사,뜻을 확인해야 함,a 명사 related to 뜻을 확인해야 함,The improve is important.,improve(은) 는 중요하다.,관심사,소설 쓰기,,,"cartoon style, writing desk, notebook, illustrate: The improve is important., safe for children, clear and simple","8 second video, cartoon style: 0-2s introduce scene, 2-6s show action from 'The improve is important.', 6-8s conclusion, safe for children, smooth animation",False,pending,success,0,,False
repeat,뜻을 확인해야 함,명사,뜻을 확인해야 함,a 명사 related to 뜻을 확인해야 함,The repeat is important.,repeat(은) 는 중요하다.,학습,초등학교 6 학년 과학,,,"cartoon style, laboratory, science experiment, illustrate: The repeat is important., safe for children, clear and simple","8 second video, cartoon style: 0-2s introduce scene, 2-6s show action from 'The repeat is important.', 6-8s conclusion, safe for children, smooth animation",False,pending,success,0,,False
resemble,뜻을 확인해야 함,명사,뜻을 확인해야 함,a 명사 related to 뜻을 확인해야 함,The resemble is important.,resemble(은) 는 중요하다.,관심사,음악,,,"cartoon style, musical instruments, stage, illustrate: The resemble is important., safe for children, clear and simple","8 second video, cartoon style: 0-2s introduce scene, 2-6s show action from 'The resemble is important.', 6-8s conclusion, safe for children, smooth animation",False,pending,success,0,,False
protein,뜻을 확인해야 함,명사,뜻을 확인해야 함,a 명사 related to 뜻을 확인해야 함,The protein is important.,protein(은) 는 중요하다.,학습,초등학교 6 학년 사회,,,"cartoon style, classroom, social studies, illustrate: The protein is important., safe for children, clear and simple","8 second video, cartoon style: 0-2s introduce scene, 2-6s show action from 'The protein is important.', 6-8s conclusion, safe for children, smooth animation",False,pending,success,0,,False
hatch,뜻을 확인해야 함,명사,뜻을 확인해야 함,a 명사 related to 뜻을 확인해야 함,The hatch is important.,hatch(은) 는 중요하다.,관심사,스포츠,,,"cartoon style, sports field, active pose, illustrate: The hatch is important., safe for children, clear and simple","8 second video, cartoon style: 0-2s introduce scene, 2-6s show action from 'The hatch is important.', 6-8s conclusion, safe for children, smooth animation",False,pending,success,0,,False
direct,뜻을 확인해야 함,명사,뜻을 확인해야 함,a 명사 related to 뜻을 확인해야 함,The direct is important.,direct(은) 는 중요하다.,학습,초등학교 6 학년 과학,,,"cartoon style, laboratory, science experiment, illustrate: The direct is important., safe for children, clear and simple","8 second video, cartoon style: 0-2s introduce scene, 2-6s show action from 'The direct is important.', 6-8s conclusion, safe for children, smooth animation",False,pending,success,0,,False
individual,뜻을 확인해야 함,명사,뜻을 확인해야 함,a 명사 related to 뜻을 확인해야 함,The individual is important.,individual(은) 는 중요하다.,관심사,게임,,,"cartoon style, bright colors, game scene, illustrate: The individual is important., safe for children, clear and simple","8 second video, cartoon style: 0-2s introduce scene, 2-6s show action from 'The individual is important.', 6-8s conclusion, safe for children, smooth animation",False,pending,success,0,,False
silent,뜻을 확인해야 함,명사,뜻을 확인해야 함,a 명사 related to 뜻을 확인해야 함,The silent is important.,silent(은) 는 중요하다.,학습,초등학교 6 학년 사회,,,"cartoon style, classroom, social studies, illustrate: The silent is important., safe for children, clear and simple","8 second video, cartoon style: 0-2s introduce scene, 2-6s show action from 'The silent is important.', 6-8s conclusion, safe for children, smooth animation",False,pending,success,0,,False
fiber,뜻을 확인해야 함,명사,뜻을 확인해야 함,a 명사 related to 뜻을 확인해야 함,The fiber is important.,fiber(은) 는 중요하다.,관심사,코딩,,,"cartoon style, computer screen, coding interface, illustrate: The fiber is important., safe for children, clear and simple","8 second video, cartoon style: 0-2s introduce scene, 2-6s show action from 'The fiber is important.', 6-8s conclusion, safe for children, smooth animation",False,pending,success,0,,False
ancestor,뜻을 확인해야 함,명사,뜻을 확인해야 함,a 명사 related to 뜻을 확인해야 함,The ancestor is important.,ancestor(은) 는 중요하다.,학습,초등학교 6 학년 과학,,,"cartoon style, laboratory, science experiment, illustrate: The ancestor is important., safe for children, clear and simple","8 second video, cartoon style: 0-2s introduce scene, 2-6s show action from 'The ancestor is important.', 6-8s conclusion, safe for children, smooth animation",False,pending,success,0,,False
yawn,뜻을 확인해야 함,명사,뜻을 확인해야 함,a 명사 related to 뜻을 확인해야 함,The yawn is important.,yawn(은) 는 중요하다.,관심사,인공지능,,,"cartoon style, robot, futuristic, illustrate: The yawn is important., safe for children, clear and simple","8 second video, cartoon style: 0-2s introduce scene, 2-6s show action from 'The yawn is important.', 6-8s conclusion, safe for children, smooth animation",False,pending,success,0,,False
pregnant,뜻을 확인해야 함,명사,뜻을 확인해야 함,a 명사 related to 뜻을 확인해야 함,The pregnant is important.,pregnant(은) 는 중요하다.,학습,초등학교 6 학년 사회,,,"cartoon style, classroom, social studies, illustrate: The pregnant is important., safe for children, clear and simple","8 second video, cartoon style: 0-2s introduce scene, 2-6s show action from 'The pregnant is important.', 6-8s conclusion, safe for children, smooth animation",False,pending,success,0,,False
stimulate,뜻을 확인해야 함,명사,뜻을 확인해야 함,a 명사 related to 뜻을 확인해야 함,The stimulate is important.,stimulate(은) 는 중요하다.,관심사,소설 쓰기,,,"cartoon style, writing desk, notebook, illustrate: The stimulate is important., safe for children, clear and simple","8 second video, cartoon style: 0-2s introduce scene, 2-6s show action from 'The stimulate is important.', 6-8s conclusion, safe for children, smooth animation",False,pending,success,0,,False
slightly,뜻을 확인해야 함,명사,뜻을 확인해야 함,a 명사 related to 뜻을 확인해야 함,The slightly is important.,slightly(은) 는 중요하다.,학습,초등학교 6 학년 과학,,,"cartoon style, laboratory, science experiment, illustrate: The slightly is important., safe for children, clear and simple","8 second video, cartoon style: 0-2s introduce scene, 2-6s show action from 'The slightly is important.', 6-8s conclusion, safe for children, smooth animation",False,pending,success,0,,False
bleed,뜻을 확인해야 함,명사,뜻을 확인해야 함,a 명사 related to 뜻을 확인해야 함,The bleed is important.,bleed(은) 는 중요하다.,관심사,음악,,,"cartoon style, musical instruments, stage, illustrate: The bleed is important., safe for children, clear and simple","8 second video, cartoon style: 0-2s introduce scene, 2-6s show action from 'The bleed is important.', 6-8s conclusion, safe for children, smooth animation",False,pending,success,0,,False
breed,뜻을 확인해야 함,명사,뜻을 확인해야 함,a 명사 related to 뜻을 확인해야 함,The breed is important.,breed(은) 는 중요하다.,학습,초등학교 6 학년 사회,,,"cartoon style, classroom, social studies, illustrate: The breed is important., safe for children, clear and simple","8 second video, cartoon style: 0-2s introduce scene, 2-6s show action from 'The breed is important.', 6-8s conclusion, safe for children, smooth animation",False,pending,success,0,,False
crawl,뜻을 확인해야 함,명사,뜻을 확인해야 함,a 명사 related to 뜻을 확인해야 함,The crawl is important.,crawl(은) 는 중요하다.,관심사,스포츠,,,"cartoon style, sports field, active pose, illustrate: The crawl is important., safe for children, clear and simple","8 second video, cartoon style: 0-2s introduce scene, 2-6s show action from 'The crawl is important.', 6-8s conclusion, safe for children, smooth animation",False,pending,success,0,,False
sensation,뜻을 확인해야 함,명사,뜻을 확인해야 함,a 명사 related to 뜻을 확인해야 함,The sensation is important.,sensation(은) 는 중요하다.,학습,초등학교 6 학년 과학,,,"cartoon style, laboratory, science experiment, illustrate: The sensation is important., safe for children, clear and simple","8 second video, cartoon style: 0-2s introduce scene, 2-6s show action from 'The sensation is important.', 6-8s conclusion, safe for children, smooth animation",False,pending,success,0,,False
sequence,뜻을 확인해야 함,명사,뜻을 확인해야 함,a 명사 related to 뜻을 확인해야 함,The sequence is important.,sequence(은) 는 중요하다.,관심사,게임,,,"cartoon style, bright colors, game scene, illustrate: The sequence is important., safe for children, clear and simple","8 second video, cartoon style: 0-2s introduce scene, 2-6s show action from 'The sequence is important.', 6-8s conclusion, safe for children, smooth animation",False,pending,success,0,,False
blink,뜻을 확인해야 함,명사,뜻을 확인해야 함,a 명사 related to 뜻을 확인해야 함,The blink is important.,blink(은) 는 중요하다.,학습,초등학교 6 학년 사회,,,"cartoon style, classroom, social studies, illustrate: The blink is important., safe for children, clear and simple","8 second video, cartoon style: 0-2s introduce scene, 2-6s show action from 'The blink is important.', 6-8s conclusion, safe for children, smooth animation",False,pending,success,0,,False
interfere,뜻을 확인해야 함,명사,뜻을 확인해야 함,a 명사 related to 뜻을 확인해야 함,The interfere is important.,interfere(은) 는 중요하다.,관심사,코딩,,,"cartoon style, computer screen, coding interface, illustrate: The interfere is important., safe for children, clear and simple","8 second video, cartoon style: 0-2s introduce scene, 2-6s show action from 'The interfere is important.', 6-8s conclusion, safe for children, smooth animation",False,pending,success,0,,False
identical,뜻을 확인해야 함,명사,뜻을 확인해야 함,a 명사 related to 뜻을 확인해야 함,The identical is important.,identical(은) 는 중요하다.,학습,초등학교 6 학년 과학,,,"cartoon style, laboratory, science experiment, illustrate: The identical is important., safe for children, clear and simple","8 second video, cartoon style: 0-2s introduce scene, 2-6s show action from 'The identical is important.', 6-8s conclusion, safe for children, smooth animation",False,pending,success,0,,False
empathy,뜻을 확인해야 함,명사,뜻을 확인해야 함,a 명사 related to 뜻을 확인해야 함,The empathy is important.,empathy(은) 는 중요하다.,관심사,인공지능,,,"cartoon style, robot, futuristic, illustrate: The empathy is important., safe for children, clear and simple","8 second video, cartoon style: 0-2s introduce scene, 2-6s show action from 'The empathy is important.', 6-8s conclusion, safe for children, smooth animation",False,pending,success,0,,False
dramatic,뜻을 확인해야 함,명사,뜻을 확인해야 함,a 명사 related to 뜻을 확인해야 함,The dramatic is important.,dramatic(은) 는 중요하다.,학습,초등학교 6 학년 사회,,,"cartoon style, classroom, social studies, illustrate: The dramatic is important., safe for children, clear and simple","8 second video, cartoon style: 0-2s introduce scene, 2-6s show action from 'The dramatic is important.', 6-8s conclusion, safe for children, smooth animation",False,pending,success,0,,False
explicit,뜻을 확인해야 함,명사,뜻을 확인해야 함,a 명사 related to 뜻을 확인해야 함,The explicit is important.,explicit(은) 는 중요하다.,관심사,소설 쓰기,,,"cartoon style, writing desk, notebook, illustrate: The explicit is important., safe for children, clear and simple","8 second video, cartoon style: 0-2s introduce scene, 2-6s show action from 'The explicit is important.', 6-8s conclusion, safe for children, smooth animation",False,pending,success,0,,False
tissue,뜻을 확인해야 함,명사,뜻을 확인해야 함,a 명사 related to 뜻을 확인해야 함,The tissue is important.,tissue(은) 는 중요하다.,학습,초등학교 6 학년 과학,,,"cartoon style, laboratory, science experiment, illustrate: The tissue is important., safe for children, clear and simple","8 second video, cartoon style: 0-2s introduce scene, 2-6s show action from 'The tissue is important.', 6-8s conclusion, safe for children, smooth animation",False,pending,success,0,,False
stomach,뜻을 확인해야 함,명사,뜻을 확인해야 함,a 명사 related to 뜻을 확인해야 함,The stomach is important.,stomach(은) 는 중요하다.,관심사,음악,,,"cartoon style, musical instruments, stage, illustrate: The stomach is important., safe for children, clear and simple","8 second video, cartoon style: 0-2s introduce scene, 2-6s show action from 'The stomach is important.', 6-8s conclusion, safe for children, smooth animation",False,pending,success,0,,False
pill,뜻을 확인해야 함,명사,뜻을 확인해야 함,a 명사 related to 뜻을 확인해야 함,The pill is important.,pill(은) 는 중요하다.,학습,초등학교 6 학년 사회,,,"cartoon style, classroom, social studies, illustrate: The pill is important., safe for children, clear and simple","8 second video, cartoon style: 0-2s introduce scene, 2-6s show action from 'The pill is important.', 6-8s conclusion, safe for children, smooth animation",False,pending,success,0,,False
thumb,뜻을 확인해야 함,명사,뜻을 확인해야 함,a 명사 related to 뜻을 확인해야 함,The thumb is important.,thumb(은) 는 중요하다.,관심사,스포츠,,,"cartoon style, sports field, active pose, illustrate: The thumb is important., safe for children, clear and simple","8 second video, cartoon style: 0-2s introduce scene, 2-6s show action from 'The thumb is important.', 6-8s conclusion, safe for children, smooth animation",False,pending,success,0,,False
wound,뜻을 확인해야 함,명사,뜻을 확인해야 함,a 명사 related to 뜻을 확인해야 함,The wound is important.,wound(은) 는 중요하다.,학습,초등학교 6 학년 과학,,,"cartoon style, laboratory, science experiment, illustrate: The wound is important., safe for children, clear and simple","8 second video, cartoon style: 0-2s introduce scene, 2-6s show action from 'The wound is important.', 6-8s conclusion, safe for children, smooth animation",False,pending,success,0,,False
therapy,뜻을 확인해야 함,명사,뜻을 확인해야 함,a 명사 related to 뜻을 확인해야 함,The therapy is important.,therapy(은) 는 중요하다.,관심사,게임,,,"cartoon style, bright colors, game scene, illustrate: The therapy is important., safe for children, clear and simple","8 second video, cartoon style: 0-2s introduce scene, 2-6s show action from 'The therapy is important.', 6-8s conclusion, safe for children, smooth animation",False,pending,success,0,,False
surgery,뜻을 확인해야 함,명사,뜻을 확인해야 함,a 명사 related to 뜻을 확인해야 함,The surgery is important.,surgery(은) 는 중요하다.,학습,초등학교 6 학년 사회,,,"cartoon style, classroom, social studies, illustrate: The surgery is important., safe for children, clear and simple","8 second video, cartoon style: 0-2s introduce scene, 2-6s show action from 'The surgery is important.', 6-8s conclusion, safe for children, smooth animation",False,pending,success,0,,False
physician,뜻을 확인해야 함,명사,뜻을 확인해야 함,a 명사 related to 뜻을 확인해야 함,The physician is important.,physician(은) 는 중요하다.,관심사,코딩,,,"cartoon style, computer screen, coding interface, illustrate: The physician is important., safe for children, clear and simple","8 second video, cartoon style: 0-2s introduce scene, 2-6s show action from 'The physician is important.', 6-8s conclusion, safe for children, smooth animation",False,pending,success,0,,False
positive,뜻을 확인해야 함,명사,뜻을 확인해야 함,a 명사 related to 뜻을 확인해야 함,The positive is important.,positive(은) 는 중요하다.,학습,초등학교 6 학년 과학,,,"cartoon style, laboratory, science experiment, illustrate: The positive is important., safe for children, clear and simple","8 second video, cartoon style: 0-2s introduce scene, 2-6s show action from 'The positive is important.', 6-8s conclusion, safe for children, smooth animation",False,pending,success,0,,False
grab,뜻을 확인해야 함,명사,뜻을 확인해야 함,a 명사 related to 뜻을 확인해야 함,The grab is important.,grab(은) 는 중요하다.,관심사,인공지능,,,"cartoon style, robot, futuristic, illustrate: The grab is important., safe for children, clear and simple","8 second video, cartoon style: 0-2s introduce scene, 2-6s show action from 'The grab is important.', 6-8s conclusion, safe for children, smooth animation",False,pending,success,0,,False
grip,뜻을 확인해야 함,명사,뜻을 확인해야 함,a 명사 related to 뜻을 확인해야 함,The grip is important.,grip(은) 는 중요하다.,학습,초등학교 6 학년 사회,,,"cartoon style, classroom, social studies, illustrate: The grip is important., safe for children, clear and simple","8 second video, cartoon style: 0-2s introduce scene, 2-6s show action from 'The grip is important.', 6-8s conclusion, safe for children, smooth animation",False,pending,success,0,,False
prevent,뜻을 확인해야 함,명사,뜻을 확인해야 함,a 명사 related to 뜻을 확인해야 함,The prevent is important.,prevent(은) 는 중요하다.,관심사,소설 쓰기,,,"cartoon style, writing desk, notebook, illustrate: The prevent is important., safe for children, clear and simple","8 second video, cartoon style: 0-2s introduce scene, 2-6s show action from 'The prevent is important.', 6-8s conclusion, safe for children, smooth animation",False,pending,success,0,,False
suffer,뜻을 확인해야 함,명사,뜻을 확인해야 함,a 명사 related to 뜻을 확인해야 함,The suffer is important.,suffer(은) 는 중요하다.,학습,초등학교 6 학년 과학,,,"cartoon style, laboratory, science experiment, illustrate: The suffer is important., safe for children, clear and simple","8 second video, cartoon style: 0-2s introduce scene, 2-6s show action from 'The suffer is important.', 6-8s conclusion, safe for children, smooth animation",False,pending,success,0,,False
ruin,뜻을 확인해야 함,명사,뜻을 확인해야 함,a 명사 related to 뜻을 확인해야 함,The ruin is important.,ruin(은) 는 중요하다.,관심사,음악,,,"cartoon style, musical instruments, stage, illustrate: The ruin is important., safe for children, clear and simple","8 second video, cartoon style: 0-2s introduce scene, 2-6s show action from 'The ruin is important.', 6-8s conclusion, safe for children, smooth animation",False,pending,success,0,,False
organ,뜻을 확인해야 함,명사,뜻을 확인해야 함,a 명사 related to 뜻을 확인해야 함,The organ is important.,organ(은) 는 중요하다.,학습,초등학교 6 학년 사회,,,"cartoon style, classroom, social studies, illustrate: The organ is important., safe for children, clear and simple","8 second video, cartoon style: 0-2s introduce scene, 2-6s show action from 'The organ is important.', 6-8s conclusion, safe for children, smooth animation",False,pending,success,0,,False
instead,뜻을 확인해야 함,명사,뜻을 확인해야 함,a 명사 related to 뜻을 확인해야 함,The instead is important.,instead(은) 는 중요하다.,관심사,스포츠,,,"cartoon style, sports field, active pose, illustrate: The instead is important., safe for children, clear and simple","8 second video, cartoon style: 0-2s introduce scene, 2-6s show action from 'The instead is important.', 6-8s conclusion, safe for children, smooth animation",False,pending,success,0,,False
ankle,뜻을 확인해야 함,명사,뜻을 확인해야 함,a 명사 related to 뜻을 확인해야 함,The ankle is important.,ankle(은) 는 중요하다.,학습,초등학교 6 학년 과학,,,"cartoon style, laboratory, science experiment, illustrate: The ankle is important., safe for children, clear and simple","8 second video, cartoon style: 0-2s introduce scene, 2-6s show action from 'The ankle is important.', 6-8s conclusion, safe for children, smooth animation",False,pending,success,0,,False
nutrition,뜻을 확인해야 함,명사,뜻을 확인해야 함,a 명사 related to 뜻을 확인해야 함,The nutrition is important.,nutrition(은) 는 중요하다.,관심사,게임,,,"cartoon style, bright colors, game scene, illustrate: The nutrition is important., safe for children, clear and simple","8 second video, cartoon style: 0-2s introduce scene, 2-6s show action from 'The nutrition is important.', 6-8s conclusion, safe for children, smooth animation",False,pending,success,0,,False
decrease,뜻을 확인해야 함,명사,뜻을 확인해야 함,a 명사 related to 뜻을 확인해야 함,The decrease is important.,decrease(은) 는 중요하다.,학습,초등학교 6 학년 사회,,,"cartoon style, classroom, social studies, illustrate: The decrease is important., safe for children, clear and simple","8 second video, cartoon style: 0-2s introduce scene, 2-6s show action from 'The decrease is important.', 6-8s conclusion, safe for children, smooth animation",False,pending,success,0,,False
trouble,뜻을 확인해야 함,명사,뜻을 확인해야 함,a 명사 related to 뜻을 확인해야 함,The trouble is important.,trouble(은) 는 중요하다.,관심사,코딩,,,"cartoon style, computer screen, coding interface, illustrate: The trouble is important., safe for children, clear and simple","8 second video, cartoon style: 0-2s introduce scene, 2-6s show action from 'The trouble is important.', 6-8s conclusion, safe for children, smooth animation",False,pending,success,0,,False
seal,뜻을 확인해야 함,명사,뜻을 확인해야 함,a 명사 related to 뜻을 확인해야 함,The seal is important.,seal(은) 는 중요하다.,학습,초등학교 6 학년 과학,,,"cartoon style, laboratory, science experiment, illustrate: The seal is important., safe for children, clear and simple","8 second video, cartoon style: 0-2s introduce scene, 2-6s show action from 'The seal is important.', 6-8s conclusion, safe for children, smooth animation",False,pending,success,0,,False
track,뜻을 확인해야 함,명사,뜻을 확인해야 함,a 명사 related to 뜻을 확인해야 함,The track is important.,track(은) 는 중요하다.,관심사,인공지능,,,"cartoon style, robot, futuristic, illustrate: The track is important., safe for children, clear and simple","8 second video, cartoon style: 0-2s introduce scene, 2-6s show action from 'The track is important.', 6-8s conclusion, safe for children, smooth animation",False,pending,success,0,,False
perhaps,뜻을 확인해야 함,명사,뜻을 확인해야 함,a 명사 related to 뜻을 확인해야 함,The perhaps is important.,perhaps(은) 는 중요하다.,학습,초등학교 6 학년 사회,,,"cartoon style, classroom, social studies, illustrate: The perhaps is important., safe for children, clear and simple","8 second video, cartoon style: 0-2s introduce scene, 2-6s show action from 'The perhaps is important.', 6-8s conclusion, safe for children, smooth animation",False,pending,success,0,,False
bump,뜻을 확인해야 함,명사,뜻을 확인해야 함,a 명사 related to 뜻을 확인해야 함,The bump is important.,bump(은) 는 중요하다.,관심사,소설 쓰기,,,"cartoon style, writing desk, notebook, illustrate: The bump is important., safe for children, clear and simple","8 second video, cartoon style: 0-2s introduce scene, 2-6s show action from 'The bump is important.', 6-8s conclusion, safe for children, smooth animation",False,pending,success,0,,False
alert,뜻을 확인해야 함,명사,뜻을 확인해야 함,a 명사 related to 뜻을 확인해야 함,The alert is important.,alert(은) 는 중요하다.,학습,초등학교 6 학년 과학,,,"cartoon style, laboratory, science experiment, illustrate: The alert is important., safe for children, clear and simple","8 second video, cartoon style: 0-2s introduce scene, 2-6s show action from 'The alert is important.', 6-8s conclusion, safe for children, smooth animation",False,pending,success,0,,False
slip,뜻을 확인해야 함,명사,뜻을 확인해야 함,a 명사 related to 뜻을 확인해야 함,The slip is important.,slip(은) 는 중요하다.,관심사,음악,,,"cartoon style, musical instruments, stage, illustrate: The slip is important., safe for children, clear and simple","8 second video, cartoon style: 0-2s introduce scene, 2-6s show action from 'The slip is important.', 6-8s conclusion, safe for children, smooth animation",False,pending,success,0,,False
modest,뜻을 확인해야 함,명사,뜻을 확인해야 함,a 명사 related to 뜻을 확인해야 함,The modest is important.,modest(은) 는 중요하다.,학습,초등학교 6 학년 사회,,,"cartoon style, classroom, social studies, illustrate: The modest is important., safe for children, clear and simple","8 second video, cartoon style: 0-2s introduce scene, 2-6s show action from 'The modest is important.', 6-8s conclusion, safe for children, smooth animation",False,pending,success,0,,False
disabled,뜻을 확인해야 함,명사,뜻을 확인해야 함,a 명사 related to 뜻을 확인해야 함,The disabled is important.,disabled(은) 는 중요하다.,관심사,스포츠,,,"cartoon style, sports field, active pose, illustrate: The disabled is important., safe for children, clear and simple","8 second video, cartoon style: 0-2s introduce scene, 2-6s show action from 'The disabled is important.', 6-8s conclusion, safe for children, smooth animation",False,pending,success,0,,False
rapid,뜻을 확인해야 함,명사,뜻을 확인해야 함,a 명사 related to 뜻을 확인해야 함,The rapid is important.,rapid(은) 는 중요하다.,학습,초등학교 6 학년 과학,,,"cartoon style, laboratory, science experiment, illustrate: The rapid is important., safe for children, clear and simple","8 second video, cartoon style: 0-2s introduce scene, 2-6s show action from 'The rapid is important.', 6-8s conclusion, safe for children, smooth animation",False,pending,success,0,,False
spin,뜻을 확인해야 함,명사,뜻을 확인해야 함,a 명사 related to 뜻을 확인해야 함,The spin is important.,spin(은) 는 중요하다.,관심사,게임,,,"cartoon style, bright colors, game scene, illustrate: The spin is important., safe for children, clear and simple","8 second video, cartoon style: 0-2s introduce scene, 2-6s show action from 'The spin is important.', 6-8s conclusion, safe for children, smooth animation",False,pending,success,0,,False
spine,뜻을 확인해야 함,명사,뜻을 확인해야 함,a 명사 related to 뜻을 확인해야 함,The spine is important.,spine(은) 는 중요하다.,학습,초등학교 6 학년 사회,,,"cartoon style, classroom, social studies, illustrate: The spine is important., safe for children, clear and simple","8 second video, cartoon style: 0-2s introduce scene, 2-6s show action from 'The spine is important.', 6-8s conclusion, safe for children, smooth animation",False,pending,success,0,,False
rare,뜻을 확인해야 함,명사,뜻을 확인해야 함,a 명사 related to 뜻을 확인해야 함,The rare is important.,rare(은) 는 중요하다.,관심사,코딩,,,"cartoon style, computer screen, coding interface, illustrate: The rare is important., safe for children, clear and simple","8 second video, cartoon style: 0-2s introduce scene, 2-6s show action from 'The rare is important.', 6-8s conclusion, safe for children, smooth animation",False,pending,success,0,,False
beat,뜻을 확인해야 함,명사,뜻을 확인해야 함,a 명사 related to 뜻을 확인해야 함,The beat is important.,beat(은) 는 중요하다.,학습,초등학교 6 학년 과학,,,"cartoon style, laboratory, science experiment, illustrate: The beat is important., safe for children, clear and simple","8 second video, cartoon style: 0-2s introduce scene, 2-6s show action from 'The beat is important.', 6-8s conclusion, safe for children, smooth animation",False,pending,success,0,,False
indifferent,뜻을 확인해야 함,명사,뜻을 확인해야 함,a 명사 related to 뜻을 확인해야 함,The indifferent is important.,indifferent(은) 는 중요하다.,관심사,인공지능,,,"cartoon style, robot, futuristic, illustrate: The indifferent is important., safe for children, clear and simple","8 second video, cartoon style: 0-2s introduce scene, 2-6s show action from 'The indifferent is important.', 6-8s conclusion, safe for children, smooth animation",False,pending,success,0,,False
sew,뜻을 확인해야 함,명사,뜻을 확인해야 함,a 명사 related to 뜻을 확인해야 함,The sew is important.,sew(은) 는 중요하다.,학습,초등학교 6 학년 사회,,,"cartoon style, classroom, social studies, illustrate: The sew is important., safe for children, clear and simple","8 second video, cartoon style: 0-2s introduce scene, 2-6s show action from 'The sew is important.', 6-8s conclusion, safe for children, smooth animation",False,pending,success,0,,False
antibiotic,뜻을 확인해야 함,명사,뜻을 확인해야 함,a 명사 related to 뜻을 확인해야 함,The antibiotic is important.,antibiotic(은) 는 중요하다.,관심사,소설 쓰기,,,"cartoon style, writing desk, notebook, illustrate: The antibiotic is important., safe for children, clear and simple","8 second video, cartoon style: 0-2s introduce scene, 2-6s show action from 'The antibiotic is important.', 6-8s conclusion, safe for children, smooth animation",False,pending,success,0,,False
chronic,뜻을 확인해야 함,명사,뜻을 확인해야 함,a 명사 related to 뜻을 확인해야 함,The chronic is important.,chronic(은) 는 중요하다.,학습,초등학교 6 학년 과학,,,"cartoon style, laboratory, science experiment, illustrate: The chronic is important., safe for children, clear and simple","8 second video, cartoon style: 0-2s introduce scene, 2-6s show action from 'The chronic is important.', 6-8s conclusion, safe for children, smooth animation",False,pending,success,0,,False
sight,뜻을 확인해야 함,명사,뜻을 확인해야 함,a 명사 related to 뜻을 확인해야 함,The sight is important.,sight(은) 는 중요하다.,관심사,음악,,,"cartoon style, musical instruments, stage, illustrate: The sight is important., safe for children, clear and simple","8 second video, cartoon style: 0-2s introduce scene, 2-6s show action from 'The sight is important.', 6-8s conclusion, safe for children, smooth animation",False,pending,success,0,,False
fatal,뜻을 확인해야 함,명사,뜻을 확인해야 함,a 명사 related to 뜻을 확인해야 함,The fatal is important.,fatal(은) 는 중요하다.,학습,초등학교 6 학년 사회,,,"cartoon style, classroom, social studies, illustrate: The fatal is important., safe for children, clear and simple","8 second video, cartoon style: 0-2s introduce scene, 2-6s show action from 'The fatal is important.', 6-8s conclusion, safe for children, smooth animation",False,pending,success,0,,False
tremble,뜻을 확인해야 함,명사,뜻을 확인해야 함,a 명사 related to 뜻을 확인해야 함,The tremble is important.,tremble(은) 는 중요하다.,관심사,스포츠,,,"cartoon style, sports field, active pose, illustrate: The tremble is important., safe for children, clear and simple","8 second video, cartoon style: 0-2s introduce scene, 2-6s show action from 'The tremble is important.', 6-8s conclusion, safe for children, smooth animation",False,pending,success,0,,False
patient,뜻을 확인해야 함,명사,뜻을 확인해야 함,a 명사 related to 뜻을 확인해야 함,The patient is important.,patient(은) 는 중요하다.,학습,초등학교 6 학년 과학,,,"cartoon style, laboratory, science experiment, illustrate: The patient is important., safe for children, clear and simple","8 second video, cartoon style: 0-2s introduce scene, 2-6s show action from 'The patient is important.', 6-8s conclusion, safe for children, smooth animation",False,pending,success,0,,False
modern,뜻을 확인해야 함,명사,뜻을 확인해야 함,a 명사 related to 뜻을 확인해야 함,The modern is important.,modern(은) 는 중요하다.,관심사,게임,,,"cartoon style, bright colors, game scene, illustrate: The modern is important., safe for children, clear and simple","8 second video, cartoon style: 0-2s introduce scene, 2-6s show action from 'The modern is important.', 6-8s conclusion, safe for children, smooth animation",False,pending,success,0,,False
mobile,뜻을 확인해야 함,명사,뜻을 확인해야 함,a 명사 related to 뜻을 확인해야 함,The mobile is important.,mobile(은) 는 중요하다.,학습,초등학교 6 학년 사회,,,"cartoon style, classroom, social studies, illustrate: The mobile is important., safe for children, clear and simple","8 second video, cartoon style: 0-2s introduce scene, 2-6s show action from 'The mobile is important.', 6-8s conclusion, safe for children, smooth animation",False,pending,success,0,,False
function,뜻을 확인해야 함,명사,뜻을 확인해야 함,a 명사 related to 뜻을 확인해야 함,The function is important.,function(은) 는 중요하다.,관심사,코딩,,,"cartoon style, computer screen, coding interface, illustrate: The function is important., safe for children, clear and simple","8 second video, cartoon style: 0-2s introduce scene, 2-6s show action from 'The function is important.', 6-8s conclusion, safe for children, smooth animation",False,pending,success,0,,False
machine,뜻을 확인해야 함,명사,뜻을 확인해야 함,a 명사 related to 뜻을 확인해야 함,The machine is important.,machine(은) 는 중요하다.,학습,초등학교 6 학년 과학,,,"cartoon style, laboratory, science experiment, illustrate: The machine is important., safe for children, clear and simple","8 second video, cartoon style: 0-2s introduce scene, 2-6s show action from 'The machine is important.', 6-8s conclusion, safe for children, smooth animation",False,pending,success,0,,False
repair,뜻을 확인해야 함,명사,뜻을 확인해야 함,a 명사 related to 뜻을 확인해야 함,The repair is important.,repair(은) 는 중요하다.,관심사,인공지능,,,"cartoon style, robot, futuristic, illustrate: The repair is important., safe for children, clear and simple","8 second video, cartoon style: 0-2s introduce scene, 2-6s show action from 'The repair is important.', 6-8s conclusion, safe for children, smooth animation",False,pending,success,0,,False
efficient,뜻을 확인해야 함,명사,뜻을 확인해야 함,a 명사 related to 뜻을 확인해야 함,The efficient is important.,efficient(은) 는 중요하다.,학습,초등학교 6 학년 사회,,,"cartoon style, classroom, social studies, illustrate: The efficient is important., safe for children, clear and simple","8 second video, cartoon style: 0-2s introduce scene, 2-6s show action from 'The efficient is important.', 6-8s conclusion, safe for children, smooth animation",False,pending,success,0,,False
install,뜻을 확인해야 함,명사,뜻을 확인해야 함,a 명사 related to 뜻을 확인해야 함,The install is important.,install(은) 는 중요하다.,관심사,소설 쓰기,,,"cartoon style, writing desk, notebook, illustrate: The install is important., safe for children, clear and simple","8 second video, cartoon style: 0-2s introduce scene, 2-6s show action from 'The install is important.', 6-8s conclusion, safe for children, smooth animation",False,pending,success,0,,False
innovation,뜻을 확인해야 함,명사,뜻을 확인해야 함,a 명사 related to 뜻을 확인해야 함,The innovation is important.,innovation(은) 는 중요하다.,학습,초등학교 6 학년 과학,,,"cartoon style, laboratory, science experiment, illustrate: The innovation is important., safe for children, clear and simple","8 second video, cartoon style: 0-2s introduce scene, 2-6s show action from 'The innovation is important.', 6-8s conclusion, safe for children, smooth animation",False,pending,success,0,,False
trust,뜻을 확인해야 함,명사,뜻을 확인해야 함,a 명사 related to 뜻을 확인해야 함,The trust is important.,trust(은) 는 중요하다.,관심사,음악,,,"cartoon style, musical instruments, stage, illustrate: The trust is important., safe for children, clear and simple","8 second video, cartoon style: 0-2s introduce scene, 2-6s show action from 'The trust is important.', 6-8s conclusion, safe for children, smooth animation",False,pending,success,0,,False
truth,뜻을 확인해야 함,명사,뜻을 확인해야 함,a 명사 related to 뜻을 확인해야 함,The truth is important.,truth(은) 는 중요하다.,학습,초등학교 6 학년 사회,,,"cartoon style, classroom, social studies, illustrate: The truth is important., safe for children, clear and simple","8 second video, cartoon style: 0-2s introduce scene, 2-6s show action from 'The truth is important.', 6-8s conclusion, safe for children, smooth animation",False,pending,success,0,,False
imagine,뜻을 확인해야 함,명사,뜻을 확인해야 함,a 명사 related to 뜻을 확인해야 함,The imagine is important.,imagine(은) 는 중요하다.,관심사,스포츠,,,"cartoon style, sports field, active pose, illustrate: The imagine is important., safe for children, clear and simple","8 second video, cartoon style: 0-2s introduce scene, 2-6s show action from 'The imagine is important.', 6-8s conclusion, safe for children, smooth animation",False,pending,success,0,,False
artificial,뜻을 확인해야 함,명사,뜻을 확인해야 함,a 명사 related to 뜻을 확인해야 함,The artificial is important.,artificial(은) 는 중요하다.,학습,초등학교 6 학년 과학,,,"cartoon style, laboratory, science experiment, illustrate: The artificial is important., safe for children, clear and simple","8 second video, cartoon style: 0-2s introduce scene, 2-6s show action from 'The artificial is important.', 6-8s conclusion, safe for children, smooth animation",False,pending,success,0,,False
adjust,뜻을 확인해야 함,명사,뜻을 확인해야 함,a 명사 related to 뜻을 확인해야 함,The adjust is important.,adjust(은) 는 중요하다.,관심사,게임,,,"cartoon style, bright colors, game scene, illustrate: The adjust is important., safe for children, clear and simple","8 second video, cartoon style: 0-2s introduce scene, 2-6s show action from 'The adjust is important.', 6-8s conclusion, safe for children, smooth animation",False,pending,success,0,,False
ideal,뜻을 확인해야 함,명사,뜻을 확인해야 함,a 명사 related to 뜻을 확인해야 함,The ideal is important.,ideal(은) 는 중요하다.,학습,초등학교 6 학년 사회,,,"cartoon style, classroom, social studies, illustrate: The ideal is important., safe for children, clear and simple","8 second video, cartoon style: 0-2s introduce scene, 2-6s show action from 'The ideal is important.', 6-8s conclusion, safe for children, smooth animation",False,pending,success,0,,False
gather,뜻을 확인해야 함,명사,뜻을 확인해야 함,a 명사 related to 뜻을 확인해야 함,The gather is important.,gather(은) 는 중요하다.,관심사,코딩,,,"cartoon style, computer screen, coding interface, illustrate: The gather is important., safe for children, clear and simple","8 second video, cartoon style: 0-2s introduce scene, 2-6s show action from 'The gather is important.', 6-8s conclusion, safe for children, smooth animation",False,pending,success,0,,False
mechanic,뜻을 확인해야 함,명사,뜻을 확인해야 함,a 명사 related to 뜻을 확인해야 함,The mechanic is important.,mechanic(은) 는 중요하다.,학습,초등학교 6 학년 과학,,,"cartoon style, laboratory, science experiment, illustrate: The mechanic is important., safe for children, clear and simple","8 second video, cartoon style: 0-2s introduce scene, 2-6s show action from 'The mechanic is important.', 6-8s conclusion, safe for children, smooth animation",False,pending,success,0,,False
portable,뜻을 확인해야 함,명사,뜻을 확인해야 함,a 명사 related to 뜻을 확인해야 함,The portable is important.,portable(은) 는 중요하다.,관심사,인공지능,,,"cartoon style, robot, futuristic, illustrate: The portable is important., safe for children, clear and simple","8 second video, cartoon style: 0-2s introduce scene, 2-6s show action from 'The portable is important.', 6-8s conclusion, safe for children, smooth animation",False,pending,success,0,,False
remove,뜻을 확인해야 함,명사,뜻을 확인해야 함,a 명사 related to 뜻을 확인해야 함,The remove is important.,remove(은) 는 중요하다.,학습,초등학교 6 학년 사회,,,"cartoon style, classroom, social studies, illustrate: The remove is important., safe for children, clear and simple","8 second video, cartoon style: 0-2s introduce scene, 2-6s show action from 'The remove is important.', 6-8s conclusion, safe for children, smooth animation",False,pending,success,0,,False
master,뜻을 확인해야 함,명사,뜻을 확인해야 함,a 명사 related to 뜻을 확인해야 함,The master is important.,master(은) 는 중요하다.,관심사,소설 쓰기,,,"cartoon style, writing desk, notebook, illustrate: The master is important., safe for children, clear and simple","8 second video, cartoon style: 0-2s introduce scene, 2-6s show action from 'The master is important.', 6-8s conclusion, safe for children, smooth animation",False,pending,success,0,,False
screen,뜻을 확인해야 함,명사,뜻을 확인해야 함,a 명사 related to 뜻을 확인해야 함,The screen is important.,screen(은) 는 중요하다.,학습,초등학교 6 학년 과학,,,"cartoon style, laboratory, science experiment, illustrate: The screen is important., safe for children, clear and simple","8 second video, cartoon style: 0-2s introduce scene, 2-6s show action from 'The screen is important.', 6-8s conclusion, safe for children, smooth animation",False,pending,success,0,,False
widespread,뜻을 확인해야 함,명사,뜻을 확인해야 함,a 명사 related to 뜻을 확인해야 함,The widespread is important.,widespread(은) 는 중요하다.,관심사,음악,,,"cartoon style, musical instruments, stage, illustrate: The widespread is important., safe for children, clear and simple","8 second video, cartoon style: 0-2s introduce scene, 2-6s show action from 'The widespread is important.', 6-8s conclusion, safe for children, smooth animation",False,pending,success,0,,False
edge,뜻을 확인해야 함,명사,뜻을 확인해야 함,a 명사 related to 뜻을 확인해야 함,The edge is important.,edge(은) 는 중요하다.,학습,초등학교 6 학년 사회,,,"cartoon style, classroom, social studies, illustrate: The edge is important., safe for children, clear and simple","8 second video, cartoon style: 0-2s introduce scene, 2-6s show action from 'The edge is important.', 6-8s conclusion, safe for children, smooth animation",False,pending,success,0,,False
remind,뜻을 확인해야 함,명사,뜻을 확인해야 함,a 명사 related to 뜻을 확인해야 함,The remind is important.,remind(은) 는 중요하다.,관심사,스포츠,,,"cartoon style, sports field, active pose, illustrate: The remind is important., safe for children, clear and simple","8 second video, cartoon style: 0-2s introduce scene, 2-6s show action from 'The remind is important.', 6-8s conclusion, safe for children, smooth animation",False,pending,success,0,,False
acquire,뜻을 확인해야 함,명사,뜻을 확인해야 함,a 명사 related to 뜻을 확인해야 함,The acquire is important.,acquire(은) 는 중요하다.,학습,초등학교 6 학년 과학,,,"cartoon style, laboratory, science experiment, illustrate: The acquire is important., safe for children, clear and simple","8 second video, cartoon style: 0-2s introduce scene, 2-6s show action from 'The acquire is important.', 6-8s conclusion, safe for children, smooth animation",False,pending,success,0,,False
interact,뜻을 확인해야 함,명사,뜻을 확인해야 함,a 명사 related to 뜻을 확인해야 함,The interact is important.,interact(은) 는 중요하다.,관심사,게임,,,"cartoon style, bright colors, game scene, illustrate: The interact is important., safe for children, clear and simple","8 second video, cartoon style: 0-2s introduce scene, 2-6s show action from 'The interact is important.', 6-8s conclusion, safe for children, smooth animation",False,pending,success,0,,False
scatter,뜻을 확인해야 함,명사,뜻을 확인해야 함,a 명사 related to 뜻을 확인해야 함,The scatter is important.,scatter(은) 는 중요하다.,학습,초등학교 6 학년 사회,,,"cartoon style, classroom, social studies, illustrate: The scatter is important., safe for children, clear and simple","8 second video, cartoon style: 0-2s introduce scene, 2-6s show action from 'The scatter is important.', 6-8s conclusion, safe for children, smooth animation",False,pending,success,0,,False
virtual,뜻을 확인해야 함,명사,뜻을 확인해야 함,a 명사 related to 뜻을 확인해야 함,The virtual is important.,virtual(은) 는 중요하다.,관심사,코딩,,,"cartoon style, computer screen, coding interface, illustrate: The virtual is important., safe for children, clear and simple","8 second video, cartoon style: 0-2s introduce scene, 2-6s show action from 'The virtual is important.', 6-8s conclusion, safe for children, smooth animation",False,pending,success,0,,False
convert,뜻을 확인해야 함,명사,뜻을 확인해야 함,a 명사 related to 뜻을 확인해야 함,The convert is important.,convert(은) 는 중요하다.,학습,초등학교 6 학년 과학,,,"cartoon style, laboratory, science experiment, illustrate: The convert is important., safe for children, clear and simple","8 second video, cartoon style: 0-2s introduce scene, 2-6s show action from 'The convert is important.', 6-8s conclusion, safe for children, smooth animation",False,pending,success,0,,False
ease,뜻을 확인해야 함,명사,뜻을 확인해야 함,a 명사 related to 뜻을 확인해야 함,The ease is important.,ease(은) 는 중요하다.,관심사,인공지능,,,"cartoon style, robot, futuristic, illustrate: The ease is important., safe for children, clear and simple","8 second video, cartoon style: 0-2s introduce scene, 2-6s show action from 'The ease is important.', 6-8s conclusion, safe for children, smooth animation",False,pending,success,0,,False
erase,뜻을 확인해야 함,명사,뜻을 확인해야 함,a 명사 related to 뜻을 확인해야 함,The erase is important.,erase(은) 는 중요하다.,학습,초등학교 6 학년 사회,,,"cartoon style, classroom, social studies, illustrate: The erase is important., safe for children, clear and simple","8 second video, cartoon style: 0-2s introduce scene, 2-6s show action from 'The erase is important.', 6-8s conclusion, safe for children, smooth animation",False,pending,success,0,,False
navigate,뜻을 확인해야 함,명사,뜻을 확인해야 함,a 명사 related to 뜻을 확인해야 함,The navigate is important.,navigate(은) 는 중요하다.,관심사,소설 쓰기,,,"cartoon style, writing desk, notebook, illustrate: The navigate is important., safe for children, clear and simple","8 second video, cartoon style: 0-2s introduce scene, 2-6s show action from 'The navigate is important.', 6-8s conclusion, safe for children, smooth animation",False,pending,success,0,,False
reproduce,뜻을 확인해야 함,명사,뜻을 확인해야 함,a 명사 related to 뜻을 확인해야 함,The reproduce is important.,reproduce(은) 는 중요하다.,학습,초등학교 6 학년 과학,,,"cartoon style, laboratory, science experiment, illustrate: The reproduce is important., safe for children, clear and simple","8 second video, cartoon style: 0-2s introduce scene, 2-6s show action from 'The reproduce is important.', 6-8s conclusion, safe for children, smooth animation",False,pending,success,0,,False
differ,뜻을 확인해야 함,명사,뜻을 확인해야 함,a 명사 related to 뜻을 확인해야 함,The differ is important.,differ(은) 는 중요하다.,관심사,음악,,,"cartoon style, musical instruments, stage, illustrate: The differ is important., safe for children, clear and simple","8 second video, cartoon style: 0-2s introduce scene, 2-6s show action from 'The differ is important.', 6-8s conclusion, safe for children, smooth animation",False,pending,success,0,,False
instruction,뜻을 확인해야 함,명사,뜻을 확인해야 함,a 명사 related to 뜻을 확인해야 함,The instruction is important.,instruction(은) 는 중요하다.,학습,초등학교 6 학년 사회,,,"cartoon style, classroom, social studies, illustrate: The instruction is important., safe for children, clear and simple","8 second video, cartoon style: 0-2s introduce scene, 2-6s show action from 'The instruction is important.', 6-8s conclusion, safe for children, smooth animation",False,pending,success,0,,False
significant,뜻을 확인해야 함,명사,뜻을 확인해야 함,a 명사 related to 뜻을 확인해야 함,The significant is important.,significant(은) 는 중요하다.,관심사,스포츠,,,"cartoon style, sports field, active pose, illustrate: The significant is important., safe for children, clear and simple","8 second video, cartoon style: 0-2s introduce scene, 2-6s show action from 'The significant is important.', 6-8s conclusion, safe for children, smooth animation",False,pending,success,0,,False
satellite,뜻을 확인해야 함,명사,뜻을 확인해야 함,a 명사 related to 뜻을 확인해야 함,The satellite is important.,satellite(은) 는 중요하다.,학습,초등학교 6 학년 과학,,,"cartoon style, laboratory, science experiment, illustrate: The satellite is important., safe for children, clear and simple","8 second video, cartoon style: 0-2s introduce scene, 2-6s show action from 'The satellite is important.', 6-8s conclusion, safe for children, smooth animation",False,pending,success,0,,False
demonstrate,뜻을 확인해야 함,명사,뜻을 확인해야 함,a 명사 related to 뜻을 확인해야 함,The demonstrate is important.,demonstrate(은) 는 중요하다.,관심사,게임,,,"cartoon style, bright colors, game scene, illustrate: The demonstrate is important., safe for children, clear and simple","8 second video, cartoon style: 0-2s introduce scene, 2-6s show action from 'The demonstrate is important.', 6-8s conclusion, safe for children, smooth animation",False,pending,success,0,,False
emerge,뜻을 확인해야 함,명사,뜻을 확인해야 함,a 명사 related to 뜻을 확인해야 함,The emerge is important.,emerge(은) 는 중요하다.,학습,초등학교 6 학년 사회,,,"cartoon style, classroom, social studies, illustrate: The emerge is important., safe for children, clear and simple","8 second video, cartoon style: 0-2s introduce scene, 2-6s show action from 'The emerge is important.', 6-8s conclusion, safe for children, smooth animation",False,pending,success,0,,False
trigger,뜻을 확인해야 함,명사,뜻을 확인해야 함,a 명사 related to 뜻을 확인해야 함,The trigger is important.,trigger(은) 는 중요하다.,관심사,코딩,,,"cartoon style, computer screen, coding interface, illustrate: The trigger is important., safe for children, clear and simple","8 second video, cartoon style: 0-2s introduce scene, 2-6s show action from 'The trigger is important.', 6-8s conclusion, safe for children, smooth animation",False,pending,success,0,,False
current,뜻을 확인해야 함,명사,뜻을 확인해야 함,a 명사 related to 뜻을 확인해야 함,The current is important.,current(은) 는 중요하다.,학습,초등학교 6 학년 과학,,,"cartoon style, laboratory, science experiment, illustrate: The current is important., safe for children, clear and simple","8 second video, cartoon style: 0-2s introduce scene, 2-6s show action from 'The current is important.', 6-8s conclusion, safe for children, smooth animation",False,pending,success,0,,False
traffic,뜻을 확인해야 함,명사,뜻을 확인해야 함,a 명사 related to 뜻을 확인해야 함,The traffic is important.,traffic(은) 는 중요하다.,관심사,인공지능,,,"cartoon style, robot, futuristic, illustrate: The traffic is important., safe for children, clear and simple","8 second video, cartoon style: 0-2s introduce scene, 2-6s show action from 'The traffic is important.', 6-8s conclusion, safe for children, smooth animation",False,pending,success,0,,False
major,뜻을 확인해야 함,명사,뜻을 확인해야 함,a 명사 related to 뜻을 확인해야 함,The major is important.,major(은) 는 중요하다.,학습,초등학교 6 학년 사회,,,"cartoon style, classroom, social studies, illustrate: The major is important., safe for children, clear and simple","8 second video, cartoon style: 0-2s introduce scene, 2-6s show action from 'The major is important.', 6-8s conclusion, safe for children, smooth animation",False,pending,success,0,,False
route,뜻을 확인해야 함,명사,뜻을 확인해야 함,a 명사 related to 뜻을 확인해야 함,The route is important.,route(은) 는 중요하다.,관심사,소설 쓰기,,,"cartoon style, writing desk, notebook, illustrate: The route is important., safe for children, clear and simple","8 second video, cartoon style: 0-2s introduce scene, 2-6s show action from 'The route is important.', 6-8s conclusion, safe for children, smooth animation",False,pending,success,0,,False
rush,뜻을 확인해야 함,명사,뜻을 확인해야 함,a 명사 related to 뜻을 확인해야 함,The rush is important.,rush(은) 는 중요하다.,학습,초등학교 6 학년 과학,,,"cartoon style, laboratory, science experiment, illustrate: The rush is important., safe for children, clear and simple","8 second video, cartoon style: 0-2s introduce scene, 2-6s show action from 'The rush is important.', 6-8s conclusion, safe for children, smooth animation",False,pending,success,0,,False
vehicle,뜻을 확인해야 함,명사,뜻을 확인해야 함,a 명사 related to 뜻을 확인해야 함,The vehicle is important.,vehicle(은) 는 중요하다.,관심사,음악,,,"cartoon style, musical instruments, stage, illustrate: The vehicle is important., safe for children, clear and simple","8 second video, cartoon style: 0-2s introduce scene, 2-6s show action from 'The vehicle is important.', 6-8s conclusion, safe for children, smooth animation",False,pending,success,0,,False
transport,뜻을 확인해야 함,명사,뜻을 확인해야 함,a 명사 related to 뜻을 확인해야 함,The transport is important.,transport(은) 는 중요하다.,학습,초등학교 6 학년 사회,,,"cartoon style, classroom, social studies, illustrate: The transport is important., safe for children, clear and simple","8 second video, cartoon style: 0-2s introduce scene, 2-6s show action from 'The transport is important.', 6-8s conclusion, safe for children, smooth animation",False,pending,success,0,,False
utilize,뜻을 확인해야 함,명사,뜻을 확인해야 함,a 명사 related to 뜻을 확인해야 함,The utilize is important.,utilize(은) 는 중요하다.,관심사,스포츠,,,"cartoon style, sports field, active pose, illustrate: The utilize is important., safe for children, clear and simple","8 second video, cartoon style: 0-2s introduce scene, 2-6s show action from 'The utilize is important.', 6-8s conclusion, safe for children, smooth animation",False,pending,success,0,,False
remote,뜻을 확인해야 함,명사,뜻을 확인해야 함,a 명사 related to 뜻을 확인해야 함,The remote is important.,remote(은) 는 중요하다.,학습,초등학교 6 학년 과학,,,"cartoon style, laboratory, science experiment, illustrate: The remote is important., safe for children, clear and simple","8 second video, cartoon style: 0-2s introduce scene, 2-6s show action from 'The remote is important.', 6-8s conclusion, safe for children, smooth animation",False,pending,success,0,,False
leap,뜻을 확인해야 함,명사,뜻을 확인해야 함,a 명사 related to 뜻을 확인해야 함,The leap is important.,leap(은) 는 중요하다.,관심사,게임,,,"cartoon style, bright colors, game scene, illustrate: The leap is important., safe for children, clear and simple","8 second video, cartoon style: 0-2s introduce scene, 2-6s show action from 'The leap is important.', 6-8s conclusion, safe for children, smooth animation",False,pending,success,0,,False
leak,뜻을 확인해야 함,명사,뜻을 확인해야 함,a 명사 related to 뜻을 확인해야 함,The leak is important.,leak(은) 는 중요하다.,학습,초등학교 6 학년 사회,,,"cartoon style, classroom, social studies, illustrate: The leak is important., safe for children, clear and simple","8 second video, cartoon style: 0-2s introduce scene, 2-6s show action from 'The leak is important.', 6-8s conclusion, safe for children, smooth animation",False,pending,success,0,,False
guess,뜻을 확인해야 함,명사,뜻을 확인해야 함,a 명사 related to 뜻을 확인해야 함,The guess is important.,guess(은) 는 중요하다.,관심사,코딩,,,"cartoon style, computer screen, coding interface, illustrate: The guess is important., safe for children, clear and simple","8 second video, cartoon style: 0-2s introduce scene, 2-6s show action from 'The guess is important.', 6-8s conclusion, safe for children, smooth animation",False,pending,success,0,,False
temperature,뜻을 확인해야 함,명사,뜻을 확인해야 함,a 명사 related to 뜻을 확인해야 함,The temperature is important.,temperature(은) 는 중요하다.,학습,초등학교 6 학년 과학,,,"cartoon style, laboratory, science experiment, illustrate: The temperature is important., safe for children, clear and simple","8 second video, cartoon style: 0-2s introduce scene, 2-6s show action from 'The temperature is important.', 6-8s conclusion, safe for children, smooth animation",False,pending,success,0,,False
passage,뜻을 확인해야 함,명사,뜻을 확인해야 함,a 명사 related to 뜻을 확인해야 함,The passage is important.,passage(은) 는 중요하다.,관심사,인공지능,,,"cartoon style, robot, futuristic, illustrate: The passage is important., safe for children, clear and simple","8 second video, cartoon style: 0-2s introduce scene, 2-6s show action from 'The passage is important.', 6-8s conclusion, safe for children, smooth animation",False,pending,success,0,,False
flat,뜻을 확인해야 함,명사,뜻을 확인해야 함,a 명사 related to 뜻을 확인해야 함,The flat is important.,flat(은) 는 중요하다.,학습,초등학교 6 학년 사회,,,"cartoon style, classroom, social studies, illustrate: The flat is important., safe for children, clear and simple","8 second video, cartoon style: 0-2s introduce scene, 2-6s show action from 'The flat is important.', 6-8s conclusion, safe for children, smooth animation",False,pending,success,0,,False
enormous,뜻을 확인해야 함,명사,뜻을 확인해야 함,a 명사 related to 뜻을 확인해야 함,The enormous is important.,enormous(은) 는 중요하다.,관심사,소설 쓰기,,,"cartoon style, writing desk, notebook, illustrate: The enormous is important., safe for children, clear and simple","8 second video, cartoon style: 0-2s introduce scene, 2-6s show action from 'The enormous is important.', 6-8s conclusion, safe for children, smooth animation",False,pending,success,0,,False
accurate,뜻을 확인해야 함,명사,뜻을 확인해야 함,a 명사 related to 뜻을 확인해야 함,The accurate is important.,accurate(은) 는 중요하다.,학습,초등학교 6 학년 과학,,,"cartoon style, laboratory, science experiment, illustrate: The accurate is important., safe for children, clear and simple","8 second video, cartoon style: 0-2s introduce scene, 2-6s show action from 'The accurate is important.', 6-8s conclusion, safe for children, smooth animation",False,pending,success,0,,False
freeze,뜻을 확인해야 함,명사,뜻을 확인해야 함,a 명사 related to 뜻을 확인해야 함,The freeze is important.,freeze(은) 는 중요하다.,관심사,음악,,,"cartoon style, musical instruments, stage, illustrate: The freeze is important., safe for children, clear and simple","8 second video, cartoon style: 0-2s introduce scene, 2-6s show action from 'The freeze is important.', 6-8s conclusion, safe for children, smooth animation",False,pending,success,0,,False
gear,뜻을 확인해야 함,명사,뜻을 확인해야 함,a 명사 related to 뜻을 확인해야 함,The gear is important.,gear(은) 는 중요하다.,학습,초등학교 6 학년 사회,,,"cartoon style, classroom, social studies, illustrate: The gear is important., safe for children, clear and simple","8 second video, cartoon style: 0-2s introduce scene, 2-6s show action from 'The gear is important.', 6-8s conclusion, safe for children, smooth animation",False,pending,success,0,,False
fuel,뜻을 확인해야 함,명사,뜻을 확인해야 함,a 명사 related to 뜻을 확인해야 함,The fuel is important.,fuel(은) 는 중요하다.,관심사,스포츠,,,"cartoon style, sports field, active pose, illustrate: The fuel is important., safe for children, clear and simple","8 second video, cartoon style: 0-2s introduce scene, 2-6s show action from 'The fuel is important.', 6-8s conclusion, safe for children, smooth animation",False,pending,success,0,,False
miss,뜻을 확인해야 함,명사,뜻을 확인해야 함,a 명사 related to 뜻을 확인해야 함,The miss is important.,miss(은) 는 중요하다.,학습,초등학교 6 학년 과학,,,"cartoon style, laboratory, science experiment, illustrate: The miss is important., safe for children, clear and simple","8 second video, cartoon style: 0-2s introduce scene, 2-6s show action from 'The miss is important.', 6-8s conclusion, safe for children, smooth animation",False,pending,success,0,,False
license,뜻을 확인해야 함,명사,뜻을 확인해야 함,a 명사 related to 뜻을 확인해야 함,The license is important.,license(은) 는 중요하다.,관심사,게임,,,"cartoon style, bright colors, game scene, illustrate: The license is important., safe for children, clear and simple","8 second video, cartoon style: 0-2s introduce scene, 2-6s show action from 'The license is important.', 6-8s conclusion, safe for children, smooth animation",False,pending,success,0,,False
construction,뜻을 확인해야 함,명사,뜻을 확인해야 함,a 명사 related to 뜻을 확인해야 함,The construction is important.,construction(은) 는 중요하다.,학습,초등학교 6 학년 사회,,,"cartoon style, classroom, social studies, illustrate: The construction is important., safe for children, clear and simple","8 second video, cartoon style: 0-2s introduce scene, 2-6s show action from 'The construction is important.', 6-8s conclusion, safe for children, smooth animation",False,pending,success,0,,False
wireless,뜻을 확인해야 함,명사,뜻을 확인해야 함,a 명사 related to 뜻을 확인해야 함,The wireless is important.,wireless(은) 는 중요하다.,관심사,코딩,,,"cartoon style, computer screen, coding interface, illustrate: The wireless is important., safe for children, clear and simple","8 second video, cartoon style: 0-2s introduce scene, 2-6s show action from 'The wireless is important.', 6-8s conclusion, safe for children, smooth animation",False,pending,success,0,,False
nevertheless,뜻을 확인해야 함,명사,뜻을 확인해야 함,a 명사 related to 뜻을 확인해야 함,The nevertheless is important.,nevertheless(은) 는 중요하다.,학습,초등학교 6 학년 과학,,,"cartoon style, laboratory, science experiment, illustrate: The nevertheless is important., safe for children, clear and simple","8 second video, cartoon style: 0-2s introduce scene, 2-6s show action from 'The nevertheless is important.', 6-8s conclusion, safe for children, smooth animation",False,pending,success,0,,False
barrier,뜻을 확인해야 함,명사,뜻을 확인해야 함,a 명사 related to 뜻을 확인해야 함,The barrier is important.,barrier(은) 는 중요하다.,관심사,인공지능,,,"cartoon style, robot, futuristic, illustrate: The barrier is important., safe for children, clear and simple","8 second video, cartoon style: 0-2s introduce scene, 2-6s show action from 'The barrier is important.', 6-8s conclusion, safe for children, smooth animation",False,pending,success,0,,False
lift,뜻을 확인해야 함,명사,뜻을 확인해야 함,a 명사 related to 뜻을 확인해야 함,The lift is important.,lift(은) 는 중요하다.,학습,초등학교 6 학년 사회,,,"cartoon style, classroom, social studies, illustrate: The lift is important., safe for children, clear and simple","8 second video, cartoon style: 0-2s introduce scene, 2-6s show action from 'The lift is important.', 6-8s conclusion, safe for children, smooth animation",False,pending,success,0,,False
curved,뜻을 확인해야 함,명사,뜻을 확인해야 함,a 명사 related to 뜻을 확인해야 함,The curved is important.,curved(은) 는 중요하다.,관심사,소설 쓰기,,,"cartoon style, writing desk, notebook, illustrate: The curved is important., safe for children, clear and simple","8 second video, cartoon style: 0-2s introduce scene, 2-6s show action from 'The curved is important.', 6-8s conclusion, safe for children, smooth animation",False,pending,success,0,,False
eliminate,뜻을 확인해야 함,명사,뜻을 확인해야 함,a 명사 related to 뜻을 확인해야 함,The eliminate is important.,eliminate(은) 는 중요하다.,학습,초등학교 6 학년 과학,,,"cartoon style, laboratory, science experiment, illustrate: The eliminate is important., safe for children, clear and simple","8 second video, cartoon style: 0-2s introduce scene, 2-6s show action from 'The eliminate is important.', 6-8s conclusion, safe for children, smooth animation",False,pending,success,0,,False
commit,뜻을 확인해야 함,명사,뜻을 확인해야 함,a 명사 related to 뜻을 확인해야 함,The commit is important.,commit(은) 는 중요하다.,관심사,음악,,,"cartoon style, musical instruments, stage, illustrate: The commit is important., safe for children, clear and simple","8 second video, cartoon style: 0-2s introduce scene, 2-6s show action from 'The commit is important.', 6-8s conclusion, safe for children, smooth animation",False,pending,success,0,,False
commute,뜻을 확인해야 함,명사,뜻을 확인해야 함,a 명사 related to 뜻을 확인해야 함,The commute is important.,commute(은) 는 중요하다.,학습,초등학교 6 학년 사회,,,"cartoon style, classroom, social studies, illustrate: The commute is important., safe for children, clear and simple","8 second video, cartoon style: 0-2s introduce scene, 2-6s show action from 'The commute is important.', 6-8s conclusion, safe for children, smooth animation",False,pending,success,0,,False
drag,뜻을 확인해야 함,명사,뜻을 확인해야 함,a 명사 related to 뜻을 확인해야 함,The drag is important.,drag(은) 는 중요하다.,관심사,스포츠,,,"cartoon style, sports field, active pose, illustrate: The drag is important., safe for children, clear and simple","8 second video, cartoon style: 0-2s introduce scene, 2-6s show action from 'The drag is important.', 6-8s conclusion, safe for children, smooth animation",False,pending,success,0,,False
fasten,뜻을 확인해야 함,명사,뜻을 확인해야 함,a 명사 related to 뜻을 확인해야 함,The fasten is important.,fasten(은) 는 중요하다.,학습,초등학교 6 학년 과학,,,"cartoon style, laboratory, science experiment, illustrate: The fasten is important., safe for children, clear and simple","8 second video, cartoon style: 0-2s introduce scene, 2-6s show action from 'The fasten is important.', 6-8s conclusion, safe for children, smooth animation",False,pending,success,0,,False
precise,뜻을 확인해야 함,명사,뜻을 확인해야 함,a 명사 related to 뜻을 확인해야 함,The precise is important.,precise(은) 는 중요하다.,관심사,게임,,,"cartoon style, bright colors, game scene, illustrate: The precise is important., safe for children, clear and simple","8 second video, cartoon style: 0-2s introduce scene, 2-6s show action from 'The precise is important.', 6-8s conclusion, safe for children, smooth animation",False,pending,success,0,,False
vital,뜻을 확인해야 함,명사,뜻을 확인해야 함,a 명사 related to 뜻을 확인해야 함,The vital is important.,vital(은) 는 중요하다.,학습,초등학교 6 학년 사회,,,"cartoon style, classroom, social studies, illustrate: The vital is important., safe for children, clear and simple","8 second video, cartoon style: 0-2s introduce scene, 2-6s show action from 'The vital is important.', 6-8s conclusion, safe for children, smooth animation",False,pending,success,0,,False
component,뜻을 확인해야 함,명사,뜻을 확인해야 함,a 명사 related to 뜻을 확인해야 함,The component is important.,component(은) 는 중요하다.,관심사,코딩,,,"cartoon style, computer screen, coding interface, illustrate: The component is important., safe for children, clear and simple","8 second video, cartoon style: 0-2s introduce scene, 2-6s show action from 'The component is important.', 6-8s conclusion, safe for children, smooth animation",False,pending,success,0,,False
seldom,뜻을 확인해야 함,명사,뜻을 확인해야 함,a 명사 related to 뜻을 확인해야 함,The seldom is important.,seldom(은) 는 중요하다.,학습,초등학교 6 학년 과학,,,"cartoon style, laboratory, science experiment, illustrate: The seldom is important., safe for children, clear and simple","8 second video, cartoon style: 0-2s introduce scene, 2-6s show action from 'The seldom is important.', 6-8s conclusion, safe for children, smooth animation",False,pending,success,0,,False
enhance,뜻을 확인해야 함,명사,뜻을 확인해야 함,a 명사 related to 뜻을 확인해야 함,The enhance is important.,enhance(은) 는 중요하다.,관심사,인공지능,,,"cartoon style, robot, futuristic, illustrate: The enhance is important., safe for children, clear and simple","8 second video, cartoon style: 0-2s introduce scene, 2-6s show action from 'The enhance is important.', 6-8s conclusion, safe for children, smooth animation",False,pending,success,0,,False
sink,뜻을 확인해야 함,명사,뜻을 확인해야 함,a 명사 related to 뜻을 확인해야 함,The sink is important.,sink(은) 는 중요하다.,학습,초등학교 6 학년 사회,,,"cartoon style, classroom, social studies, illustrate: The sink is important., safe for children, clear and simple","8 second video, cartoon style: 0-2s introduce scene, 2-6s show action from 'The sink is important.', 6-8s conclusion, safe for children, smooth animation",False,pending,success,0,,False
destination,뜻을 확인해야 함,명사,뜻을 확인해야 함,a 명사 related to 뜻을 확인해야 함,The destination is important.,destination(은) 는 중요하다.,관심사,소설 쓰기,,,"cartoon style, writing desk, notebook, illustrate: The destination is important., safe for children, clear and simple","8 second video, cartoon style: 0-2s introduce scene, 2-6s show action from 'The destination is important.', 6-8s conclusion, safe for children, smooth animation",False,pending,success,0,,False
station,뜻을 확인해야 함,명사,뜻을 확인해야 함,a 명사 related to 뜻을 확인해야 함,The station is important.,station(은) 는 중요하다.,학습,초등학교 6 학년 과학,,,"cartoon style, laboratory, science experiment, illustrate: The station is important., safe for children, clear and simple","8 second video, cartoon style: 0-2s introduce scene, 2-6s show action from 'The station is important.', 6-8s conclusion, safe for children, smooth animation",False,pending,success,0,,False
wild,뜻을 확인해야 함,명사,뜻을 확인해야 함,a 명사 related to 뜻을 확인해야 함,The wild is important.,wild(은) 는 중요하다.,관심사,음악,,,"cartoon style, musical instruments, stage, illustrate: The wild is important., safe for children, clear and simple","8 second video, cartoon style: 0-2s introduce scene, 2-6s show action from 'The wild is important.', 6-8s conclusion, safe for children, smooth animation",False,pending,success,0,,False
species,뜻을 확인해야 함,명사,뜻을 확인해야 함,a 명사 related to 뜻을 확인해야 함,The species is important.,species(은) 는 중요하다.,학습,초등학교 6 학년 사회,,,"cartoon style, classroom, social studies, illustrate: The species is important., safe for children, clear and simple","8 second video, cartoon style: 0-2s introduce scene, 2-6s show action from 'The species is important.', 6-8s conclusion, safe for children, smooth animation",False,pending,success,0,,False
bark,뜻을 확인해야 함,명사,뜻을 확인해야 함,a 명사 related to 뜻을 확인해야 함,The bark is important.,bark(은) 는 중요하다.,관심사,스포츠,,,"cartoon style, sports field, active pose, illustrate: The bark is important., safe for children, clear and simple","8 second video, cartoon style: 0-2s introduce scene, 2-6s show action from 'The bark is important.', 6-8s conclusion, safe for children, smooth animation",False,pending,success,0,,False
nest,뜻을 확인해야 함,명사,뜻을 확인해야 함,a 명사 related to 뜻을 확인해야 함,The nest is important.,nest(은) 는 중요하다.,학습,초등학교 6 학년 과학,,,"cartoon style, laboratory, science experiment, illustrate: The nest is important., safe for children, clear and simple","8 second video, cartoon style: 0-2s introduce scene, 2-6s show action from 'The nest is important.', 6-8s conclusion, safe for children, smooth animation",False,pending,success,0,,False
certain,뜻을 확인해야 함,명사,뜻을 확인해야 함,a 명사 related to 뜻을 확인해야 함,The certain is important.,certain(은) 는 중요하다.,관심사,게임,,,"cartoon style, bright colors, game scene, illustrate: The certain is important., safe for children, clear and simple","8 second video, cartoon style: 0-2s introduce scene, 2-6s show action from 'The certain is important.', 6-8s conclusion, safe for children, smooth animation",False,pending,success,0,,False
greet,뜻을 확인해야 함,명사,뜻을 확인해야 함,a 명사 related to 뜻을 확인해야 함,The greet is important.,greet(은) 는 중요하다.,학습,초등학교 6 학년 사회,,,"cartoon style, classroom, social studies, illustrate: The greet is important., safe for children, clear and simple","8 second video, cartoon style: 0-2s introduce scene, 2-6s show action from 'The greet is important.', 6-8s conclusion, safe for children, smooth animation",False,pending,success,0,,False
seed,뜻을 확인해야 함,명사,뜻을 확인해야 함,a 명사 related to 뜻을 확인해야 함,The seed is important.,seed(은) 는 중요하다.,관심사,코딩,,,"cartoon style, computer screen, coding interface, illustrate: The seed is important., safe for children, clear and simple","8 second video, cartoon style: 0-2s introduce scene, 2-6s show action from 'The seed is important.', 6-8s conclusion, safe for children, smooth animation",False,pending,success,0,,False
predator,뜻을 확인해야 함,명사,뜻을 확인해야 함,a 명사 related to 뜻을 확인해야 함,The predator is important.,predator(은) 는 중요하다.,학습,초등학교 6 학년 과학,,,"cartoon style, laboratory, science experiment, illustrate: The predator is important., safe for children, clear and simple","8 second video, cartoon style: 0-2s introduce scene, 2-6s show action from 'The predator is important.', 6-8s conclusion, safe for children, smooth animation",False,pending,success,0,,False
scene,뜻을 확인해야 함,명사,뜻을 확인해야 함,a 명사 related to 뜻을 확인해야 함,The scene is important.,scene(은) 는 중요하다.,관심사,인공지능,,,"cartoon style, robot, futuristic, illustrate: The scene is important., safe for children, clear and simple","8 second video, cartoon style: 0-2s introduce scene, 2-6s show action from 'The scene is important.', 6-8s conclusion, safe for children, smooth animation",False,pending,success,0,,False
scent,뜻을 확인해야 함,명사,뜻을 확인해야 함,a 명사 related to 뜻을 확인해야 함,The scent is important.,scent(은) 는 중요하다.,학습,초등학교 6 학년 사회,,,"cartoon style, classroom, social studies, illustrate: The scent is important., safe for children, clear and simple","8 second video, cartoon style: 0-2s introduce scene, 2-6s show action from 'The scent is important.', 6-8s conclusion, safe for children, smooth animation",False,pending,success,0,,False
shape,뜻을 확인해야 함,명사,뜻을 확인해야 함,a 명사 related to 뜻을 확인해야 함,The shape is important.,shape(은) 는 중요하다.,관심사,소설 쓰기,,,"cartoon style, writing desk, notebook, illustrate: The shape is important., safe for children, clear and simple","8 second video, cartoon style: 0-2s introduce scene, 2-6s show action from 'The shape is important.', 6-8s conclusion, safe for children, smooth animation",False,pending,success,0,,False
fierce,뜻을 확인해야 함,명사,뜻을 확인해야 함,a 명사 related to 뜻을 확인해야 함,The fierce is important.,fierce(은) 는 중요하다.,학습,초등학교 6 학년 과학,,,"cartoon style, laboratory, science experiment, illustrate: The fierce is important., safe for children, clear and simple","8 second video, cartoon style: 0-2s introduce scene, 2-6s show action from 'The fierce is important.', 6-8s conclusion, safe for children, smooth animation",False,pending,success,0,,False
ripe,뜻을 확인해야 함,명사,뜻을 확인해야 함,a 명사 related to 뜻을 확인해야 함,The ripe is important.,ripe(은) 는 중요하다.,관심사,음악,,,"cartoon style, musical instruments, stage, illustrate: The ripe is important., safe for children, clear and simple","8 second video, cartoon style: 0-2s introduce scene, 2-6s show action from 'The ripe is important.', 6-8s conclusion, safe for children, smooth animation",False,pending,success,0,,False
lay,뜻을 확인해야 함,명사,뜻을 확인해야 함,a 명사 related to 뜻을 확인해야 함,The lay is important.,lay(은) 는 중요하다.,학습,초등학교 6 학년 사회,,,"cartoon style, classroom, social studies, illustrate: The lay is important., safe for children, clear and simple","8 second video, cartoon style: 0-2s introduce scene, 2-6s show action from 'The lay is important.', 6-8s conclusion, safe for children, smooth animation",False,pending,success,0,,False
male,뜻을 확인해야 함,명사,뜻을 확인해야 함,a 명사 related to 뜻을 확인해야 함,The male is important.,male(은) 는 중요하다.,관심사,스포츠,,,"cartoon style, sports field, active pose, illustrate: The male is important., safe for children, clear and simple","8 second video, cartoon style: 0-2s introduce scene, 2-6s show action from 'The male is important.', 6-8s conclusion, safe for children, smooth animation",False,pending,success,0,,False
foster,뜻을 확인해야 함,명사,뜻을 확인해야 함,a 명사 related to 뜻을 확인해야 함,The foster is important.,foster(은) 는 중요하다.,학습,초등학교 6 학년 과학,,,"cartoon style, laboratory, science experiment, illustrate: The foster is important., safe for children, clear and simple","8 second video, cartoon style: 0-2s introduce scene, 2-6s show action from 'The foster is important.', 6-8s conclusion, safe for children, smooth animation",False,pending,success,0,,False
surface,뜻을 확인해야 함,명사,뜻을 확인해야 함,a 명사 related to 뜻을 확인해야 함,The surface is important.,surface(은) 는 중요하다.,관심사,게임,,,"cartoon style, bright colors, game scene, illustrate: The surface is important., safe for children, clear and simple","8 second video, cartoon style: 0-2s introduce scene, 2-6s show action from 'The surface is important.', 6-8s conclusion, safe for children, smooth animation",False,pending,success,0,,False
engage,뜻을 확인해야 함,명사,뜻을 확인해야 함,a 명사 related to 뜻을 확인해야 함,The engage is important.,engage(은) 는 중요하다.,학습,초등학교 6 학년 사회,,,"cartoon style, classroom, social studies, illustrate: The engage is important., safe for children, clear and simple","8 second video, cartoon style: 0-2s introduce scene, 2-6s show action from 'The engage is important.', 6-8s conclusion, safe for children, smooth animation",False,pending,success,0,,False
location,뜻을 확인해야 함,명사,뜻을 확인해야 함,a 명사 related to 뜻을 확인해야 함,The location is important.,location(은) 는 중요하다.,관심사,코딩,,,"cartoon style, computer screen, coding interface, illustrate: The location is important., safe for children, clear and simple","8 second video, cartoon style: 0-2s introduce scene, 2-6s show action from 'The location is important.', 6-8s conclusion, safe for children, smooth animation",False,pending,success,0,,False
store,뜻을 확인해야 함,명사,뜻을 확인해야 함,a 명사 related to 뜻을 확인해야 함,The store is important.,store(은) 는 중요하다.,학습,초등학교 6 학년 과학,,,"cartoon style, laboratory, science experiment, illustrate: The store is important., safe for children, clear and simple","8 second video, cartoon style: 0-2s introduce scene, 2-6s show action from 'The store is important.', 6-8s conclusion, safe for children, smooth animation",False,pending,success,0,,False
attract,뜻을 확인해야 함,명사,뜻을 확인해야 함,a 명사 related to 뜻을 확인해야 함,The attract is important.,attract(은) 는 중요하다.,관심사,인공지능,,,"cartoon style, robot, futuristic, illustrate: The attract is important., safe for children, clear and simple","8 second video, cartoon style: 0-2s introduce scene, 2-6s show action from 'The attract is important.', 6-8s conclusion, safe for children, smooth animation",False,pending,success,0,,False
poison,뜻을 확인해야 함,명사,뜻을 확인해야 함,a 명사 related to 뜻을 확인해야 함,The poison is important.,poison(은) 는 중요하다.,학습,초등학교 6 학년 사회,,,"cartoon style, classroom, social studies, illustrate: The poison is important., safe for children, clear and simple","8 second video, cartoon style: 0-2s introduce scene, 2-6s show action from 'The poison is important.', 6-8s conclusion, safe for children, smooth animation",False,pending,success,0,,False
weigh,뜻을 확인해야 함,명사,뜻을 확인해야 함,a 명사 related to 뜻을 확인해야 함,The weigh is important.,weigh(은) 는 중요하다.,관심사,소설 쓰기,,,"cartoon style, writing desk, notebook, illustrate: The weigh is important., safe for children, clear and simple","8 second video, cartoon style: 0-2s introduce scene, 2-6s show action from 'The weigh is important.', 6-8s conclusion, safe for children, smooth animation",False,pending,success,0,,False
automatic,뜻을 확인해야 함,명사,뜻을 확인해야 함,a 명사 related to 뜻을 확인해야 함,The automatic is important.,automatic(은) 는 중요하다.,학습,초등학교 6 학년 과학,,,"cartoon style, laboratory, science experiment, illustrate: The automatic is important., safe for children, clear and simple","8 second video, cartoon style: 0-2s introduce scene, 2-6s show action from 'The automatic is important.', 6-8s conclusion, safe for children, smooth animation",False,pending,success,0,,False
role,뜻을 확인해야 함,명사,뜻을 확인해야 함,a 명사 related to 뜻을 확인해야 함,The role is important.,role(은) 는 중요하다.,관심사,음악,,,"cartoon style, musical instruments, stage, illustrate: The role is important., safe for children, clear and simple","8 second video, cartoon style: 0-2s introduce scene, 2-6s show action from 'The role is important.', 6-8s conclusion, safe for children, smooth animation",False,pending,success,0,,False
exchange,뜻을 확인해야 함,명사,뜻을 확인해야 함,a 명사 related to 뜻을 확인해야 함,The exchange is important.,exchange(은) 는 중요하다.,학습,초등학교 6 학년 사회,,,"cartoon style, classroom, social studies, illustrate: The exchange is important., safe for children, clear and simple","8 second video, cartoon style: 0-2s introduce scene, 2-6s show action from 'The exchange is important.', 6-8s conclusion, safe for children, smooth animation",False,pending,success,0,,False
contain,뜻을 확인해야 함,명사,뜻을 확인해야 함,a 명사 related to 뜻을 확인해야 함,The contain is important.,contain(은) 는 중요하다.,관심사,스포츠,,,"cartoon style, sports field, active pose, illustrate: The contain is important., safe for children, clear and simple","8 second video, cartoon style: 0-2s introduce scene, 2-6s show action from 'The contain is important.', 6-8s conclusion, safe for children, smooth animation",False,pending,success,0,,False
trail,뜻을 확인해야 함,명사,뜻을 확인해야 함,a 명사 related to 뜻을 확인해야 함,The trail is important.,trail(은) 는 중요하다.,학습,초등학교 6 학년 과학,,,"cartoon style, laboratory, science experiment, illustrate: The trail is important., safe for children, clear and simple","8 second video, cartoon style: 0-2s introduce scene, 2-6s show action from 'The trail is important.', 6-8s conclusion, safe for children, smooth animation",False,pending,success,0,,False
trait,뜻을 확인해야 함,명사,뜻을 확인해야 함,a 명사 related to 뜻을 확인해야 함,The trait is important.,trait(은) 는 중요하다.,관심사,게임,,,"cartoon style, bright colors, game scene, illustrate: The trait is important., safe for children, clear and simple","8 second video, cartoon style: 0-2s introduce scene, 2-6s show action from 'The trait is important.', 6-8s conclusion, safe for children, smooth animation",False,pending,success,0,,False
trial,뜻을 확인해야 함,명사,뜻을 확인해야 함,a 명사 related to 뜻을 확인해야 함,The trial is important.,trial(은) 는 중요하다.,학습,초등학교 6 학년 사회,,,"cartoon style, classroom, social studies, illustrate: The trial is important., safe for children, clear and simple","8 second video, cartoon style: 0-2s introduce scene, 2-6s show action from 'The trial is important.', 6-8s conclusion, safe for children, smooth animation",False,pending,success,0,,False
overcome,뜻을 확인해야 함,명사,뜻을 확인해야 함,a 명사 related to 뜻을 확인해야 함,The overcome is important.,overcome(은) 는 중요하다.,관심사,코딩,,,"cartoon style, computer screen, coding interface, illustrate: The overcome is important., safe for children, clear and simple","8 second video, cartoon style: 0-2s introduce scene, 2-6s show action from 'The overcome is important.', 6-8s conclusion, safe for children, smooth animation",False,pending,success,0,,False
tiny,뜻을 확인해야 함,명사,뜻을 확인해야 함,a 명사 related to 뜻을 확인해야 함,The tiny is important.,tiny(은) 는 중요하다.,학습,초등학교 6 학년 과학,,,"cartoon style, laboratory, science experiment, illustrate: The tiny is important., safe for children, clear and simple","8 second video, cartoon style: 0-2s introduce scene, 2-6s show action from 'The tiny is important.', 6-8s conclusion, safe for children, smooth animation",False,pending,success,0,,False
exceed,뜻을 확인해야 함,명사,뜻을 확인해야 함,a 명사 related to 뜻을 확인해야 함,The exceed is important.,exceed(은) 는 중요하다.,관심사,인공지능,,,"cartoon style, robot, futuristic, illustrate: The exceed is important., safe for children, clear and simple","8 second video, cartoon style: 0-2s introduce scene, 2-6s show action from 'The exceed is important.', 6-8s conclusion, safe for children, smooth animation",False,pending,success,0,,False
bury,뜻을 확인해야 함,명사,뜻을 확인해야 함,a 명사 related to 뜻을 확인해야 함,The bury is important.,bury(은) 는 중요하다.,학습,초등학교 6 학년 사회,,,"cartoon style, classroom, social studies, illustrate: The bury is important., safe for children, clear and simple","8 second video, cartoon style: 0-2s introduce scene, 2-6s show action from 'The bury is important.', 6-8s conclusion, safe for children, smooth animation",False,pending,success,0,,False
stem,뜻을 확인해야 함,명사,뜻을 확인해야 함,a 명사 related to 뜻을 확인해야 함,The stem is important.,stem(은) 는 중요하다.,관심사,소설 쓰기,,,"cartoon style, writing desk, notebook, illustrate: The stem is important., safe for children, clear and simple","8 second video, cartoon style: 0-2s introduce scene, 2-6s show action from 'The stem is important.', 6-8s conclusion, safe for children, smooth animation",False,pending,success,0,,False
diameter,뜻을 확인해야 함,명사,뜻을 확인해야 함,a 명사 related to 뜻을 확인해야 함,The diameter is important.,diameter(은) 는 중요하다.,학습,초등학교 6 학년 과학,,,"cartoon style, laboratory, science experiment, illustrate: The diameter is important., safe for children, clear and simple","8 second video, cartoon style: 0-2s introduce scene, 2-6s show action from 'The diameter is important.', 6-8s conclusion, safe for children, smooth animation",False,pending,success,0,,False
fascinate,뜻을 확인해야 함,명사,뜻을 확인해야 함,a 명사 related to 뜻을 확인해야 함,The fascinate is important.,fascinate(은) 는 중요하다.,관심사,음악,,,"cartoon style, musical instruments, stage, illustrate: The fascinate is important., safe for children, clear and simple","8 second video, cartoon style: 0-2s introduce scene, 2-6s show action from 'The fascinate is important.', 6-8s conclusion, safe for children, smooth animation",False,pending,success,0,,False
furthermore,뜻을 확인해야 함,명사,뜻을 확인해야 함,a 명사 related to 뜻을 확인해야 함,The furthermore is important.,furthermore(은) 는 중요하다.,학습,초등학교 6 학년 사회,,,"cartoon style, classroom, social studies, illustrate: The furthermore is important., safe for children, clear and simple","8 second video, cartoon style: 0-2s introduce scene, 2-6s show action from 'The furthermore is important.', 6-8s conclusion, safe for children, smooth animation",False,pending,success,0,,False
concentrate,뜻을 확인해야 함,명사,뜻을 확인해야 함,a 명사 related to 뜻을 확인해야 함,The concentrate is important.,concentrate(은) 는 중요하다.,관심사,스포츠,,,"cartoon style, sports field, active pose, illustrate: The concentrate is important., safe for children, clear and simple","8 second video, cartoon style: 0-2s introduce scene, 2-6s show action from 'The concentrate is important.', 6-8s conclusion, safe for children, smooth animation",False,pending,success,0,,False
general,뜻을 확인해야 함,명사,뜻을 확인해야 함,a 명사 related to 뜻을 확인해야 함,The general is important.,general(은) 는 중요하다.,학습,초등학교 6 학년 과학,,,"cartoon style, laboratory, science experiment, illustrate: The general is important., safe for children, clear and simple","8 second video, cartoon style: 0-2s introduce scene, 2-6s show action from 'The general is important.', 6-8s conclusion, safe for children, smooth animation",False,pending,success,0,,False
ecosystem,뜻을 확인해야 함,명사,뜻을 확인해야 함,a 명사 related to 뜻을 확인해야 함,The ecosystem is important.,ecosystem(은) 는 중요하다.,관심사,게임,,,"cartoon style, bright colors, game scene, illustrate: The ecosystem is important., safe for children, clear and simple","8 second video, cartoon style: 0-2s introduce scene, 2-6s show action from 'The ecosystem is important.', 6-8s conclusion, safe for children, smooth animation",False,pending,success,0,,False
desert,뜻을 확인해야 함,명사,뜻을 확인해야 함,a 명사 related to 뜻을 확인해야 함,The desert is important.,desert(은) 는 중요하다.,학습,초등학교 6 학년 사회,,,"cartoon style, classroom, social studies, illustrate: The desert is important., safe for children, clear and simple","8 second video, cartoon style: 0-2s introduce scene, 2-6s show action from 'The desert is important.', 6-8s conclusion, safe for children, smooth animation",False,pending,success,0,,False
creature,뜻을 확인해야 함,명사,뜻을 확인해야 함,a 명사 related to 뜻을 확인해야 함,The creature is important.,creature(은) 는 중요하다.,관심사,코딩,,,"cartoon style, computer screen, coding interface, illustrate: The creature is important., safe for children, clear and simple","8 second video, cartoon style: 0-2s introduce scene, 2-6s show action from 'The creature is important.', 6-8s conclusion, safe for children, smooth animation",False,pending,success,0,,False
mature,뜻을 확인해야 함,명사,뜻을 확인해야 함,a 명사 related to 뜻을 확인해야 함,The mature is important.,mature(은) 는 중요하다.,학습,초등학교 6 학년 과학,,,"cartoon style, laboratory, science experiment, illustrate: The mature is important., safe for children, clear and simple","8 second video, cartoon style: 0-2s introduce scene, 2-6s show action from 'The mature is important.', 6-8s conclusion, safe for children, smooth animation",False,pending,success,0,,False
habitat,뜻을 확인해야 함,명사,뜻을 확인해야 함,a 명사 related to 뜻을 확인해야 함,The habitat is important.,habitat(은) 는 중요하다.,관심사,인공지능,,,"cartoon style, robot, futuristic, illustrate: The habitat is important., safe for children, clear and simple","8 second video, cartoon style: 0-2s introduce scene, 2-6s show action from 'The habitat is important.', 6-8s conclusion, safe for children, smooth animation",False,pending,success,0,,False
maintain,뜻을 확인해야 함,명사,뜻을 확인해야 함,a 명사 related to 뜻을 확인해야 함,The maintain is important.,maintain(은) 는 중요하다.,학습,초등학교 6 학년 사회,,,"cartoon style, classroom, social studies, illustrate: The maintain is important., safe for children, clear and simple","8 second video, cartoon style: 0-2s introduce scene, 2-6s show action from 'The maintain is important.', 6-8s conclusion, safe for children, smooth animation",False,pending,success,0,,False
tide,뜻을 확인해야 함,명사,뜻을 확인해야 함,a 명사 related to 뜻을 확인해야 함,The tide is important.,tide(은) 는 중요하다.,관심사,소설 쓰기,,,"cartoon style, writing desk, notebook, illustrate: The tide is important., safe for children, clear and simple","8 second video, cartoon style: 0-2s introduce scene, 2-6s show action from 'The tide is important.', 6-8s conclusion, safe for children, smooth animation",False,pending,success,0,,False
balance,뜻을 확인해야 함,명사,뜻을 확인해야 함,a 명사 related to 뜻을 확인해야 함,The balance is important.,balance(은) 는 중요하다.,학습,초등학교 6 학년 과학,,,"cartoon style, laboratory, science experiment, illustrate: The balance is important., safe for children, clear and simple","8 second video, cartoon style: 0-2s introduce scene, 2-6s show action from 'The balance is important.', 6-8s conclusion, safe for children, smooth animation",False,pending,success,0,,False
grand,뜻을 확인해야 함,명사,뜻을 확인해야 함,a 명사 related to 뜻을 확인해야 함,The grand is important.,grand(은) 는 중요하다.,관심사,음악,,,"cartoon style, musical instruments, stage, illustrate: The grand is important., safe for children, clear and simple","8 second video, cartoon style: 0-2s introduce scene, 2-6s show action from 'The grand is important.', 6-8s conclusion, safe for children, smooth animation",False,pending,success,0,,False
grant,뜻을 확인해야 함,명사,뜻을 확인해야 함,a 명사 related to 뜻을 확인해야 함,The grant is important.,grant(은) 는 중요하다.,학습,초등학교 6 학년 사회,,,"cartoon style, classroom, social studies, illustrate: The grant is important., safe for children, clear and simple","8 second video, cartoon style: 0-2s introduce scene, 2-6s show action from 'The grant is important.', 6-8s conclusion, safe for children, smooth animation",False,pending,success,0,,False
huge,뜻을 확인해야 함,명사,뜻을 확인해야 함,a 명사 related to 뜻을 확인해야 함,The huge is important.,huge(은) 는 중요하다.,관심사,스포츠,,,"cartoon style, sports field, active pose, illustrate: The huge is important., safe for children, clear and simple","8 second video, cartoon style: 0-2s introduce scene, 2-6s show action from 'The huge is important.', 6-8s conclusion, safe for children, smooth animation",False,pending,success,0,,False
pile,뜻을 확인해야 함,명사,뜻을 확인해야 함,a 명사 related to 뜻을 확인해야 함,The pile is important.,pile(은) 는 중요하다.,학습,초등학교 6 학년 과학,,,"cartoon style, laboratory, science experiment, illustrate: The pile is important., safe for children, clear and simple","8 second video, cartoon style: 0-2s introduce scene, 2-6s show action from 'The pile is important.', 6-8s conclusion, safe for children, smooth animation",False,pending,success,0,,False
react,뜻을 확인해야 함,명사,뜻을 확인해야 함,a 명사 related to 뜻을 확인해야 함,The react is important.,react(은) 는 중요하다.,관심사,게임,,,"cartoon style, bright colors, game scene, illustrate: The react is important., safe for children, clear and simple","8 second video, cartoon style: 0-2s introduce scene, 2-6s show action from 'The react is important.', 6-8s conclusion, safe for children, smooth animation",False,pending,success,0,,False
exist,뜻을 확인해야 함,명사,뜻을 확인해야 함,a 명사 related to 뜻을 확인해야 함,The exist is important.,exist(은) 는 중요하다.,학습,초등학교 6 학년 사회,,,"cartoon style, classroom, social studies, illustrate: The exist is important., safe for children, clear and simple","8 second video, cartoon style: 0-2s introduce scene, 2-6s show action from 'The exist is important.', 6-8s conclusion, safe for children, smooth animation",False,pending,success,0,,False
shade,뜻을 확인해야 함,명사,뜻을 확인해야 함,a 명사 related to 뜻을 확인해야 함,The shade is important.,shade(은) 는 중요하다.,관심사,코딩,,,"cartoon style, computer screen, coding interface, illustrate: The shade is important., safe for children, clear and simple","8 second video, cartoon style: 0-2s introduce scene, 2-6s show action from 'The shade is important.', 6-8s conclusion, safe for children, smooth animation",False,pending,success,0,,False
element,뜻을 확인해야 함,명사,뜻을 확인해야 함,a 명사 related to 뜻을 확인해야 함,The element is important.,element(은) 는 중요하다.,학습,초등학교 6 학년 과학,,,"cartoon style, laboratory, science experiment, illustrate: The element is important., safe for children, clear and simple","8 second video, cartoon style: 0-2s introduce scene, 2-6s show action from 'The element is important.', 6-8s conclusion, safe for children, smooth animation",False,pending,success,0,,False
layer,뜻을 확인해야 함,명사,뜻을 확인해야 함,a 명사 related to 뜻을 확인해야 함,The layer is important.,layer(은) 는 중요하다.,관심사,인공지능,,,"cartoon style, robot, futuristic, illustrate: The layer is important., safe for children, clear and simple","8 second video, cartoon style: 0-2s introduce scene, 2-6s show action from 'The layer is important.', 6-8s conclusion, safe for children, smooth animation",False,pending,success,0,,False
horizon,뜻을 확인해야 함,명사,뜻을 확인해야 함,a 명사 related to 뜻을 확인해야 함,The horizon is important.,horizon(은) 는 중요하다.,학습,초등학교 6 학년 사회,,,"cartoon style, classroom, social studies, illustrate: The horizon is important., safe for children, clear and simple","8 second video, cartoon style: 0-2s introduce scene, 2-6s show action from 'The horizon is important.', 6-8s conclusion, safe for children, smooth animation",False,pending,success,0,,False
observe,뜻을 확인해야 함,명사,뜻을 확인해야 함,a 명사 related to 뜻을 확인해야 함,The observe is important.,observe(은) 는 중요하다.,관심사,소설 쓰기,,,"cartoon style, writing desk, notebook, illustrate: The observe is important., safe for children, clear and simple","8 second video, cartoon style: 0-2s introduce scene, 2-6s show action from 'The observe is important.', 6-8s conclusion, safe for children, smooth animation",False,pending,success,0,,False
block,뜻을 확인해야 함,명사,뜻을 확인해야 함,a 명사 related to 뜻을 확인해야 함,The block is important.,block(은) 는 중요하다.,학습,초등학교 6 학년 과학,,,"cartoon style, laboratory, science experiment, illustrate: The block is important., safe for children, clear and simple","8 second video, cartoon style: 0-2s introduce scene, 2-6s show action from 'The block is important.', 6-8s conclusion, safe for children, smooth animation",False,pending,success,0,,False
reason,뜻을 확인해야 함,명사,뜻을 확인해야 함,a 명사 related to 뜻을 확인해야 함,The reason is important.,reason(은) 는 중요하다.,관심사,음악,,,"cartoon style, musical instruments, stage, illustrate: The reason is important., safe for children, clear and simple","8 second video, cartoon style: 0-2s introduce scene, 2-6s show action from 'The reason is important.', 6-8s conclusion, safe for children, smooth animation",False,pending,success,0,,False
herd,뜻을 확인해야 함,명사,뜻을 확인해야 함,a 명사 related to 뜻을 확인해야 함,The herd is important.,herd(은) 는 중요하다.,학습,초등학교 6 학년 사회,,,"cartoon style, classroom, social studies, illustrate: The herd is important., safe for children, clear and simple","8 second video, cartoon style: 0-2s introduce scene, 2-6s show action from 'The herd is important.', 6-8s conclusion, safe for children, smooth animation",False,pending,success,0,,False
filter,뜻을 확인해야 함,명사,뜻을 확인해야 함,a 명사 related to 뜻을 확인해야 함,The filter is important.,filter(은) 는 중요하다.,관심사,스포츠,,,"cartoon style, sports field, active pose, illustrate: The filter is important., safe for children, clear and simple","8 second video, cartoon style: 0-2s introduce scene, 2-6s show action from 'The filter is important.', 6-8s conclusion, safe for children, smooth animation",False,pending,success,0,,False
eco-friendly,뜻을 확인해야 함,명사,뜻을 확인해야 함,a 명사 related to 뜻을 확인해야 함,The eco-friendly is important.,eco-friendly(은) 는 중요하다.,학습,초등학교 6 학년 과학,,,"cartoon style, laboratory, science experiment, illustrate: The eco-friendly is important., safe for children, clear and simple","8 second video, cartoon style: 0-2s introduce scene, 2-6s show action from 'The eco-friendly is important.', 6-8s conclusion, safe for children, smooth animation",False,pending,success,0,,False
portion,뜻을 확인해야 함,명사,뜻을 확인해야 함,a 명사 related to 뜻을 확인해야 함,The portion is important.,portion(은) 는 중요하다.,관심사,게임,,,"cartoon style, bright colors, game scene, illustrate: The portion is important., safe for children, clear and simple","8 second video, cartoon style: 0-2s introduce scene, 2-6s show action from 'The portion is important.', 6-8s conclusion, safe for children, smooth animation",False,pending,success,0,,False
deadly,뜻을 확인해야 함,명사,뜻을 확인해야 함,a 명사 related to 뜻을 확인해야 함,The deadly is important.,deadly(은) 는 중요하다.,학습,초등학교 6 학년 사회,,,"cartoon style, classroom, social studies, illustrate: The deadly is important., safe for children, clear and simple","8 second video, cartoon style: 0-2s introduce scene, 2-6s show action from 'The deadly is important.', 6-8s conclusion, safe for children, smooth animation",False,pending,success,0,,False
tension,뜻을 확인해야 함,명사,뜻을 확인해야 함,a 명사 related to 뜻을 확인해야 함,The tension is important.,tension(은) 는 중요하다.,관심사,코딩,,,"cartoon style, computer screen, coding interface, illustrate: The tension is important., safe for children, clear and simple","8 second video, cartoon style: 0-2s introduce scene, 2-6s show action from 'The tension is important.', 6-8s conclusion, safe for children, smooth animation",False,pending,success,0,,False
migrate,뜻을 확인해야 함,명사,뜻을 확인해야 함,a 명사 related to 뜻을 확인해야 함,The migrate is important.,migrate(은) 는 중요하다.,학습,초등학교 6 학년 과학,,,"cartoon style, laboratory, science experiment, illustrate: The migrate is important., safe for children, clear and simple","8 second video, cartoon style: 0-2s introduce scene, 2-6s show action from 'The migrate is important.', 6-8s conclusion, safe for children, smooth animation",False,pending,success,0,,False
access,뜻을 확인해야 함,명사,뜻을 확인해야 함,a 명사 related to 뜻을 확인해야 함,The access is important.,access(은) 는 중요하다.,관심사,인공지능,,,"cartoon style, robot, futuristic, illustrate: The access is important., safe for children, clear and simple","8 second video, cartoon style: 0-2s introduce scene, 2-6s show action from 'The access is important.', 6-8s conclusion, safe for children, smooth animation",False,pending,success,0,,False
excess,뜻을 확인해야 함,명사,뜻을 확인해야 함,a 명사 related to 뜻을 확인해야 함,The excess is important.,excess(은) 는 중요하다.,학습,초등학교 6 학년 사회,,,"cartoon style, classroom, social studies, illustrate: The excess is important., safe for children, clear and simple","8 second video, cartoon style: 0-2s introduce scene, 2-6s show action from 'The excess is important.', 6-8s conclusion, safe for children, smooth animation",False,pending,success,0,,False
expose,뜻을 확인해야 함,명사,뜻을 확인해야 함,a 명사 related to 뜻을 확인해야 함,The expose is important.,expose(은) 는 중요하다.,관심사,소설 쓰기,,,"cartoon style, writing desk, notebook, illustrate: The expose is important., safe for children, clear and simple","8 second video, cartoon style: 0-2s introduce scene, 2-6s show action from 'The expose is important.', 6-8s conclusion, safe for children, smooth animation",False,pending,success,0,,False
shelter,뜻을 확인해야 함,명사,뜻을 확인해야 함,a 명사 related to 뜻을 확인해야 함,The shelter is important.,shelter(은) 는 중요하다.,학습,초등학교 6 학년 과학,,,"cartoon style, laboratory, science experiment, illustrate: The shelter is important., safe for children, clear and simple","8 second video, cartoon style: 0-2s introduce scene, 2-6s show action from 'The shelter is important.', 6-8s conclusion, safe for children, smooth animation",False,pending,success,0,,False
absorb,뜻을 확인해야 함,명사,뜻을 확인해야 함,a 명사 related to 뜻을 확인해야 함,The absorb is important.,absorb(은) 는 중요하다.,관심사,음악,,,"cartoon style, musical instruments, stage, illustrate: The absorb is important., safe for children, clear and simple","8 second video, cartoon style: 0-2s introduce scene, 2-6s show action from 'The absorb is important.', 6-8s conclusion, safe for children, smooth animation",False,pending,success,0,,False
incredible,뜻을 확인해야 함,명사,뜻을 확인해야 함,a 명사 related to 뜻을 확인해야 함,The incredible is important.,incredible(은) 는 중요하다.,학습,초등학교 6 학년 사회,,,"cartoon style, classroom, social studies, illustrate: The incredible is important., safe for children, clear and simple","8 second video, cartoon style: 0-2s introduce scene, 2-6s show action from 'The incredible is important.', 6-8s conclusion, safe for children, smooth animation",False,pending,success,0,,False
consist,뜻을 확인해야 함,명사,뜻을 확인해야 함,a 명사 related to 뜻을 확인해야 함,The consist is important.,consist(은) 는 중요하다.,관심사,스포츠,,,"cartoon style, sports field, active pose, illustrate: The consist is important., safe for children, clear and simple","8 second video, cartoon style: 0-2s introduce scene, 2-6s show action from 'The consist is important.', 6-8s conclusion, safe for children, smooth animation",False,pending,success,0,,False
peak,뜻을 확인해야 함,명사,뜻을 확인해야 함,a 명사 related to 뜻을 확인해야 함,The peak is important.,peak(은) 는 중요하다.,학습,초등학교 6 학년 과학,,,"cartoon style, laboratory, science experiment, illustrate: The peak is important., safe for children, clear and simple","8 second video, cartoon style: 0-2s introduce scene, 2-6s show action from 'The peak is important.', 6-8s conclusion, safe for children, smooth animation",False,pending,success,0,,False
weed,뜻을 확인해야 함,명사,뜻을 확인해야 함,a 명사 related to 뜻을 확인해야 함,The weed is important.,weed(은) 는 중요하다.,관심사,게임,,,"cartoon style, bright colors, game scene, illustrate: The weed is important., safe for children, clear and simple","8 second video, cartoon style: 0-2s introduce scene, 2-6s show action from 'The weed is important.', 6-8s conclusion, safe for children, smooth animation",False,pending,success,0,,False
scare,뜻을 확인해야 함,명사,뜻을 확인해야 함,a 명사 related to 뜻을 확인해야 함,The scare is important.,scare(은) 는 중요하다.,학습,초등학교 6 학년 사회,,,"cartoon style, classroom, social studies, illustrate: The scare is important., safe for children, clear and simple","8 second video, cartoon style: 0-2s introduce scene, 2-6s show action from 'The scare is important.', 6-8s conclusion, safe for children, smooth animation",False,pending,success,0,,False
diminish,뜻을 확인해야 함,명사,뜻을 확인해야 함,a 명사 related to 뜻을 확인해야 함,The diminish is important.,diminish(은) 는 중요하다.,관심사,코딩,,,"cartoon style, computer screen, coding interface, illustrate: The diminish is important., safe for children, clear and simple","8 second video, cartoon style: 0-2s introduce scene, 2-6s show action from 'The diminish is important.', 6-8s conclusion, safe for children, smooth animation",False,pending,success,0,,False
yield,뜻을 확인해야 함,명사,뜻을 확인해야 함,a 명사 related to 뜻을 확인해야 함,The yield is important.,yield(은) 는 중요하다.,학습,초등학교 6 학년 과학,,,"cartoon style, laboratory, science experiment, illustrate: The yield is important., safe for children, clear and simple","8 second video, cartoon style: 0-2s introduce scene, 2-6s show action from 'The yield is important.', 6-8s conclusion, safe for children, smooth animation",False,pending,success,0,,False
climate,뜻을 확인해야 함,명사,뜻을 확인해야 함,a 명사 related to 뜻을 확인해야 함,The climate is important.,climate(은) 는 중요하다.,관심사,인공지능,,,"cartoon style, robot, futuristic, illustrate: The climate is important., safe for children, clear and simple","8 second video, cartoon style: 0-2s introduce scene, 2-6s show action from 'The climate is important.', 6-8s conclusion, safe for children, smooth animation",False,pending,success,0,,False
landscape,뜻을 확인해야 함,명사,뜻을 확인해야 함,a 명사 related to 뜻을 확인해야 함,The landscape is important.,landscape(은) 는 중요하다.,학습,초등학교 6 학년 사회,,,"cartoon style, classroom, social studies, illustrate: The landscape is important., safe for children, clear and simple","8 second video, cartoon style: 0-2s introduce scene, 2-6s show action from 'The landscape is important.', 6-8s conclusion, safe for children, smooth animation",False,pending,success,0,,False
storm,뜻을 확인해야 함,명사,뜻을 확인해야 함,a 명사 related to 뜻을 확인해야 함,The storm is important.,storm(은) 는 중요하다.,관심사,소설 쓰기,,,"cartoon style, writing desk, notebook, illustrate: The storm is important., safe for children, clear and simple","8 second video, cartoon style: 0-2s introduce scene, 2-6s show action from 'The storm is important.', 6-8s conclusion, safe for children, smooth animation",False,pending,success,0,,False
average,뜻을 확인해야 함,명사,뜻을 확인해야 함,a 명사 related to 뜻을 확인해야 함,The average is important.,average(은) 는 중요하다.,학습,초등학교 6 학년 과학,,,"cartoon style, laboratory, science experiment, illustrate: The average is important., safe for children, clear and simple","8 second video, cartoon style: 0-2s introduce scene, 2-6s show action from 'The average is important.', 6-8s conclusion, safe for children, smooth animation",False,pending,success,0,,False
drown,뜻을 확인해야 함,명사,뜻을 확인해야 함,a 명사 related to 뜻을 확인해야 함,The drown is important.,drown(은) 는 중요하다.,관심사,음악,,,"cartoon style, musical instruments, stage, illustrate: The drown is important., safe for children, clear and simple","8 second video, cartoon style: 0-2s introduce scene, 2-6s show action from 'The drown is important.', 6-8s conclusion, safe for children, smooth animation",False,pending,success,0,,False
happen,뜻을 확인해야 함,명사,뜻을 확인해야 함,a 명사 related to 뜻을 확인해야 함,The happen is important.,happen(은) 는 중요하다.,학습,초등학교 6 학년 사회,,,"cartoon style, classroom, social studies, illustrate: The happen is important., safe for children, clear and simple","8 second video, cartoon style: 0-2s introduce scene, 2-6s show action from 'The happen is important.', 6-8s conclusion, safe for children, smooth animation",False,pending,success,0,,False
rough,뜻을 확인해야 함,명사,뜻을 확인해야 함,a 명사 related to 뜻을 확인해야 함,The rough is important.,rough(은) 는 중요하다.,관심사,스포츠,,,"cartoon style, sports field, active pose, illustrate: The rough is important., safe for children, clear and simple","8 second video, cartoon style: 0-2s introduce scene, 2-6s show action from 'The rough is important.', 6-8s conclusion, safe for children, smooth animation",False,pending,success,0,,False
geography,뜻을 확인해야 함,명사,뜻을 확인해야 함,a 명사 related to 뜻을 확인해야 함,The geography is important.,geography(은) 는 중요하다.,학습,초등학교 6 학년 과학,,,"cartoon style, laboratory, science experiment, illustrate: The geography is important., safe for children, clear and simple","8 second video, cartoon style: 0-2s introduce scene, 2-6s show action from 'The geography is important.', 6-8s conclusion, safe for children, smooth animation",False,pending,success,0,,False
effect,뜻을 확인해야 함,명사,뜻을 확인해야 함,a 명사 related to 뜻을 확인해야 함,The effect is important.,effect(은) 는 중요하다.,관심사,게임,,,"cartoon style, bright colors, game scene, illustrate: The effect is important., safe for children, clear and simple","8 second video, cartoon style: 0-2s introduce scene, 2-6s show action from 'The effect is important.', 6-8s conclusion, safe for children, smooth animation",False,pending,success,0,,False
affect,뜻을 확인해야 함,명사,뜻을 확인해야 함,a 명사 related to 뜻을 확인해야 함,The affect is important.,affect(은) 는 중요하다.,학습,초등학교 6 학년 사회,,,"cartoon style, classroom, social studies, illustrate: The affect is important., safe for children, clear and simple","8 second video, cartoon style: 0-2s introduce scene, 2-6s show action from 'The affect is important.', 6-8s conclusion, safe for children, smooth animation",False,pending,success,0,,False
valley,뜻을 확인해야 함,명사,뜻을 확인해야 함,a 명사 related to 뜻을 확인해야 함,The valley is important.,valley(은) 는 중요하다.,관심사,코딩,,,"cartoon style, computer screen, coding interface, illustrate: The valley is important., safe for children, clear and simple","8 second video, cartoon style: 0-2s introduce scene, 2-6s show action from 'The valley is important.', 6-8s conclusion, safe for children, smooth animation",False,pending,success,0,,False
influence,뜻을 확인해야 함,명사,뜻을 확인해야 함,a 명사 related to 뜻을 확인해야 함,The influence is important.,influence(은) 는 중요하다.,학습,초등학교 6 학년 과학,,,"cartoon style, laboratory, science experiment, illustrate: The influence is important., safe for children, clear and simple","8 second video, cartoon style: 0-2s introduce scene, 2-6s show action from 'The influence is important.', 6-8s conclusion, safe for children, smooth animation",False,pending,success,0,,False
damage,뜻을 확인해야 함,명사,뜻을 확인해야 함,a 명사 related to 뜻을 확인해야 함,The damage is important.,damage(은) 는 중요하다.,관심사,인공지능,,,"cartoon style, robot, futuristic, illustrate: The damage is important., safe for children, clear and simple","8 second video, cartoon style: 0-2s introduce scene, 2-6s show action from 'The damage is important.', 6-8s conclusion, safe for children, smooth animation",False,pending,success,0,,False
lack,뜻을 확인해야 함,명사,뜻을 확인해야 함,a 명사 related to 뜻을 확인해야 함,The lack is important.,lack(은) 는 중요하다.,학습,초등학교 6 학년 사회,,,"cartoon style, classroom, social studies, illustrate: The lack is important., safe for children, clear and simple","8 second video, cartoon style: 0-2s introduce scene, 2-6s show action from 'The lack is important.', 6-8s conclusion, safe for children, smooth animation",False,pending,success,0,,False
predict,뜻을 확인해야 함,명사,뜻을 확인해야 함,a 명사 related to 뜻을 확인해야 함,The predict is important.,predict(은) 는 중요하다.,관심사,소설 쓰기,,,"cartoon style, writing desk, notebook, illustrate: The predict is important., safe for children, clear and simple","8 second video, cartoon style: 0-2s introduce scene, 2-6s show action from 'The predict is important.', 6-8s conclusion, safe for children, smooth animation",False,pending,success,0,,False
aware,뜻을 확인해야 함,명사,뜻을 확인해야 함,a 명사 related to 뜻을 확인해야 함,The aware is important.,aware(은) 는 중요하다.,학습,초등학교 6 학년 과학,,,"cartoon style, laboratory, science experiment, illustrate: The aware is important., safe for children, clear and simple","8 second video, cartoon style: 0-2s introduce scene, 2-6s show action from 'The aware is important.', 6-8s conclusion, safe for children, smooth animation",False,pending,success,0,,False
correct,뜻을 확인해야 함,명사,뜻을 확인해야 함,a 명사 related to 뜻을 확인해야 함,The correct is important.,correct(은) 는 중요하다.,관심사,음악,,,"cartoon style, musical instruments, stage, illustrate: The correct is important., safe for children, clear and simple","8 second video, cartoon style: 0-2s introduce scene, 2-6s show action from 'The correct is important.', 6-8s conclusion, safe for children, smooth animation",False,pending,success,0,,False
earthquake,뜻을 확인해야 함,명사,뜻을 확인해야 함,a 명사 related to 뜻을 확인해야 함,The earthquake is important.,earthquake(은) 는 중요하다.,학습,초등학교 6 학년 사회,,,"cartoon style, classroom, social studies, illustrate: The earthquake is important., safe for children, clear and simple","8 second video, cartoon style: 0-2s introduce scene, 2-6s show action from 'The earthquake is important.', 6-8s conclusion, safe for children, smooth animation",False,pending,success,0,,False
due,뜻을 확인해야 함,명사,뜻을 확인해야 함,a 명사 related to 뜻을 확인해야 함,The due is important.,due(은) 는 중요하다.,관심사,스포츠,,,"cartoon style, sports field, active pose, illustrate: The due is important., safe for children, clear and simple","8 second video, cartoon style: 0-2s introduce scene, 2-6s show action from 'The due is important.', 6-8s conclusion, safe for children, smooth animation",False,pending,success,0,,False
level,뜻을 확인해야 함,명사,뜻을 확인해야 함,a 명사 related to 뜻을 확인해야 함,The level is important.,level(은) 는 중요하다.,학습,초등학교 6 학년 과학,,,"cartoon style, laboratory, science experiment, illustrate: The level is important., safe for children, clear and simple","8 second video, cartoon style: 0-2s introduce scene, 2-6s show action from 'The level is important.', 6-8s conclusion, safe for children, smooth animation",False,pending,success,0,,False
shift,뜻을 확인해야 함,명사,뜻을 확인해야 함,a 명사 related to 뜻을 확인해야 함,The shift is important.,shift(은) 는 중요하다.,관심사,게임,,,"cartoon style, bright colors, game scene, illustrate: The shift is important., safe for children, clear and simple","8 second video, cartoon style: 0-2s introduce scene, 2-6s show action from 'The shift is important.', 6-8s conclusion, safe for children, smooth animation",False,pending,success,0,,False
narrow,뜻을 확인해야 함,명사,뜻을 확인해야 함,a 명사 related to 뜻을 확인해야 함,The narrow is important.,narrow(은) 는 중요하다.,학습,초등학교 6 학년 사회,,,"cartoon style, classroom, social studies, illustrate: The narrow is important., safe for children, clear and simple","8 second video, cartoon style: 0-2s introduce scene, 2-6s show action from 'The narrow is important.', 6-8s conclusion, safe for children, smooth animation",False,pending,success,0,,False
drought,뜻을 확인해야 함,명사,뜻을 확인해야 함,a 명사 related to 뜻을 확인해야 함,The drought is important.,drought(은) 는 중요하다.,관심사,코딩,,,"cartoon style, computer screen, coding interface, illustrate: The drought is important., safe for children, clear and simple","8 second video, cartoon style: 0-2s introduce scene, 2-6s show action from 'The drought is important.', 6-8s conclusion, safe for children, smooth animation",False,pending,success,0,,False
boundary,뜻을 확인해야 함,명사,뜻을 확인해야 함,a 명사 related to 뜻을 확인해야 함,The boundary is important.,boundary(은) 는 중요하다.,학습,초등학교 6 학년 과학,,,"cartoon style, laboratory, science experiment, illustrate: The boundary is important., safe for children, clear and simple","8 second video, cartoon style: 0-2s introduce scene, 2-6s show action from 'The boundary is important.', 6-8s conclusion, safe for children, smooth animation",False,pending,success,0,,False
alarming,뜻을 확인해야 함,명사,뜻을 확인해야 함,a 명사 related to 뜻을 확인해야 함,The alarming is important.,alarming(은) 는 중요하다.,관심사,인공지능,,,"cartoon style, robot, futuristic, illustrate: The alarming is important., safe for children, clear and simple","8 second video, cartoon style: 0-2s introduce scene, 2-6s show action from 'The alarming is important.', 6-8s conclusion, safe for children, smooth animation",False,pending,success,0,,False
harsh,뜻을 확인해야 함,명사,뜻을 확인해야 함,a 명사 related to 뜻을 확인해야 함,The harsh is important.,harsh(은) 는 중요하다.,학습,초등학교 6 학년 사회,,,"cartoon style, classroom, social studies, illustrate: The harsh is important., safe for children, clear and simple","8 second video, cartoon style: 0-2s introduce scene, 2-6s show action from 'The harsh is important.', 6-8s conclusion, safe for children, smooth animation",False,pending,success,0,,False
cease,뜻을 확인해야 함,명사,뜻을 확인해야 함,a 명사 related to 뜻을 확인해야 함,The cease is important.,cease(은) 는 중요하다.,관심사,소설 쓰기,,,"cartoon style, writing desk, notebook, illustrate: The cease is important., safe for children, clear and simple","8 second video, cartoon style: 0-2s introduce scene, 2-6s show action from 'The cease is important.', 6-8s conclusion, safe for children, smooth animation",False,pending,success,0,,False
estimate,뜻을 확인해야 함,명사,뜻을 확인해야 함,a 명사 related to 뜻을 확인해야 함,The estimate is important.,estimate(은) 는 중요하다.,학습,초등학교 6 학년 과학,,,"cartoon style, laboratory, science experiment, illustrate: The estimate is important., safe for children, clear and simple","8 second video, cartoon style: 0-2s introduce scene, 2-6s show action from 'The estimate is important.', 6-8s conclusion, safe for children, smooth animation",False,pending,success,0,,False
plane,뜻을 확인해야 함,명사,뜻을 확인해야 함,a 명사 related to 뜻을 확인해야 함,The plane is important.,plane(은) 는 중요하다.,관심사,음악,,,"cartoon style, musical instruments, stage, illustrate: The plane is important., safe for children, clear and simple","8 second video, cartoon style: 0-2s introduce scene, 2-6s show action from 'The plane is important.', 6-8s conclusion, safe for children, smooth animation",False,pending,success,0,,False
plain,뜻을 확인해야 함,명사,뜻을 확인해야 함,a 명사 related to 뜻을 확인해야 함,The plain is important.,plain(은) 는 중요하다.,학습,초등학교 6 학년 사회,,,"cartoon style, classroom, social studies, illustrate: The plain is important., safe for children, clear and simple","8 second video, cartoon style: 0-2s introduce scene, 2-6s show action from 'The plain is important.', 6-8s conclusion, safe for children, smooth animation",False,pending,success,0,,False
forecast,뜻을 확인해야 함,명사,뜻을 확인해야 함,a 명사 related to 뜻을 확인해야 함,The forecast is important.,forecast(은) 는 중요하다.,관심사,스포츠,,,"cartoon style, sports field, active pose, illustrate: The forecast is important., safe for children, clear and simple","8 second video, cartoon style: 0-2s introduce scene, 2-6s show action from 'The forecast is important.', 6-8s conclusion, safe for children, smooth animation",False,pending,success,0,,False
incident,뜻을 확인해야 함,명사,뜻을 확인해야 함,a 명사 related to 뜻을 확인해야 함,The incident is important.,incident(은) 는 중요하다.,학습,초등학교 6 학년 과학,,,"cartoon style, laboratory, science experiment, illustrate: The incident is important., safe for children, clear and simple","8 second video, cartoon style: 0-2s introduce scene, 2-6s show action from 'The incident is important.', 6-8s conclusion, safe for children, smooth animation",False,pending,success,0,,False
continent,뜻을 확인해야 함,명사,뜻을 확인해야 함,a 명사 related to 뜻을 확인해야 함,The continent is important.,continent(은) 는 중요하다.,관심사,게임,,,"cartoon style, bright colors, game scene, illustrate: The continent is important., safe for children, clear and simple","8 second video, cartoon style: 0-2s introduce scene, 2-6s show action from 'The continent is important.', 6-8s conclusion, safe for children, smooth animation",False,pending,success,0,,False
spoil,뜻을 확인해야 함,명사,뜻을 확인해야 함,a 명사 related to 뜻을 확인해야 함,The spoil is important.,spoil(은) 는 중요하다.,학습,초등학교 6 학년 사회,,,"cartoon style, classroom, social studies, illustrate: The spoil is important., safe for children, clear and simple","8 second video, cartoon style: 0-2s introduce scene, 2-6s show action from 'The spoil is important.', 6-8s conclusion, safe for children, smooth animation",False,pending,success,0,,False
tremendous,뜻을 확인해야 함,명사,뜻을 확인해야 함,a 명사 related to 뜻을 확인해야 함,The tremendous is important.,tremendous(은) 는 중요하다.,관심사,코딩,,,"cartoon style, computer screen, coding interface, illustrate: The tremendous is important., safe for children, clear and simple","8 second video, cartoon style: 0-2s introduce scene, 2-6s show action from 'The tremendous is important.', 6-8s conclusion, safe for children, smooth animation",False,pending,success,0,,False
steep,뜻을 확인해야 함,명사,뜻을 확인해야 함,a 명사 related to 뜻을 확인해야 함,The steep is important.,steep(은) 는 중요하다.,학습,초등학교 6 학년 과학,,,"cartoon style, laboratory, science experiment, illustrate: The steep is important., safe for children, clear and simple","8 second video, cartoon style: 0-2s introduce scene, 2-6s show action from 'The steep is important.', 6-8s conclusion, safe for children, smooth animation",False,pending,success,0,,False
territory,뜻을 확인해야 함,명사,뜻을 확인해야 함,a 명사 related to 뜻을 확인해야 함,The territory is important.,territory(은) 는 중요하다.,관심사,인공지능,,,"cartoon style, robot, futuristic, illustrate: The territory is important., safe for children, clear and simple","8 second video, cartoon style: 0-2s introduce scene, 2-6s show action from 'The territory is important.', 6-8s conclusion, safe for children, smooth animation",False,pending,success,0,,False
split,뜻을 확인해야 함,명사,뜻을 확인해야 함,a 명사 related to 뜻을 확인해야 함,The split is important.,split(은) 는 중요하다.,학습,초등학교 6 학년 사회,,,"cartoon style, classroom, social studies, illustrate: The split is important., safe for children, clear and simple","8 second video, cartoon style: 0-2s introduce scene, 2-6s show action from 'The split is important.', 6-8s conclusion, safe for children, smooth animation",False,pending,success,0,,False
flash,뜻을 확인해야 함,명사,뜻을 확인해야 함,a 명사 related to 뜻을 확인해야 함,The flash is important.,flash(은) 는 중요하다.,관심사,소설 쓰기,,,"cartoon style, writing desk, notebook, illustrate: The flash is important., safe for children, clear and simple","8 second video, cartoon style: 0-2s introduce scene, 2-6s show action from 'The flash is important.', 6-8s conclusion, safe for children, smooth animation",False,pending,success,0,,False
deposit,뜻을 확인해야 함,명사,뜻을 확인해야 함,a 명사 related to 뜻을 확인해야 함,The deposit is important.,deposit(은) 는 중요하다.,학습,초등학교 6 학년 과학,,,"cartoon style, laboratory, science experiment, illustrate: The deposit is important., safe for children, clear and simple","8 second video, cartoon style: 0-2s introduce scene, 2-6s show action from 'The deposit is important.', 6-8s conclusion, safe for children, smooth animation",False,pending,success,0,,False
resource,뜻을 확인해야 함,명사,뜻을 확인해야 함,a 명사 related to 뜻을 확인해야 함,The resource is important.,resource(은) 는 중요하다.,관심사,음악,,,"cartoon style, musical instruments, stage, illustrate: The resource is important., safe for children, clear and simple","8 second video, cartoon style: 0-2s introduce scene, 2-6s show action from 'The resource is important.', 6-8s conclusion, safe for children, smooth animation",False,pending,success,0,,False
fossil,뜻을 확인해야 함,명사,뜻을 확인해야 함,a 명사 related to 뜻을 확인해야 함,The fossil is important.,fossil(은) 는 중요하다.,학습,초등학교 6 학년 사회,,,"cartoon style, classroom, social studies, illustrate: The fossil is important., safe for children, clear and simple","8 second video, cartoon style: 0-2s introduce scene, 2-6s show action from 'The fossil is important.', 6-8s conclusion, safe for children, smooth animation",False,pending,success,0,,False
supply,뜻을 확인해야 함,명사,뜻을 확인해야 함,a 명사 related to 뜻을 확인해야 함,The supply is important.,supply(은) 는 중요하다.,관심사,스포츠,,,"cartoon style, sports field, active pose, illustrate: The supply is important., safe for children, clear and simple","8 second video, cartoon style: 0-2s introduce scene, 2-6s show action from 'The supply is important.', 6-8s conclusion, safe for children, smooth animation",False,pending,success,0,,False
common,뜻을 확인해야 함,명사,뜻을 확인해야 함,a 명사 related to 뜻을 확인해야 함,The common is important.,common(은) 는 중요하다.,학습,초등학교 6 학년 과학,,,"cartoon style, laboratory, science experiment, illustrate: The common is important., safe for children, clear and simple","8 second video, cartoon style: 0-2s introduce scene, 2-6s show action from 'The common is important.', 6-8s conclusion, safe for children, smooth animation",False,pending,success,0,,False
explanation,뜻을 확인해야 함,명사,뜻을 확인해야 함,a 명사 related to 뜻을 확인해야 함,The explanation is important.,explanation(은) 는 중요하다.,관심사,게임,,,"cartoon style, bright colors, game scene, illustrate: The explanation is important., safe for children, clear and simple","8 second video, cartoon style: 0-2s introduce scene, 2-6s show action from 'The explanation is important.', 6-8s conclusion, safe for children, smooth animation",False,pending,success,0,,False
nuclear,뜻을 확인해야 함,명사,뜻을 확인해야 함,a 명사 related to 뜻을 확인해야 함,The nuclear is important.,nuclear(은) 는 중요하다.,학습,초등학교 6 학년 사회,,,"cartoon style, classroom, social studies, illustrate: The nuclear is important., safe for children, clear and simple","8 second video, cartoon style: 0-2s introduce scene, 2-6s show action from 'The nuclear is important.', 6-8s conclusion, safe for children, smooth animation",False,pending,success,0,,False
material,뜻을 확인해야 함,명사,뜻을 확인해야 함,a 명사 related to 뜻을 확인해야 함,The material is important.,material(은) 는 중요하다.,관심사,코딩,,,"cartoon style, computer screen, coding interface, illustrate: The material is important., safe for children, clear and simple","8 second video, cartoon style: 0-2s introduce scene, 2-6s show action from 'The material is important.', 6-8s conclusion, safe for children, smooth animation",False,pending,success,0,,False
essential,뜻을 확인해야 함,명사,뜻을 확인해야 함,a 명사 related to 뜻을 확인해야 함,The essential is important.,essential(은) 는 중요하다.,학습,초등학교 6 학년 과학,,,"cartoon style, laboratory, science experiment, illustrate: The essential is important., safe for children, clear and simple","8 second video, cartoon style: 0-2s introduce scene, 2-6s show action from 'The essential is important.', 6-8s conclusion, safe for children, smooth animation",False,pending,success,0,,False
metal,뜻을 확인해야 함,명사,뜻을 확인해야 함,a 명사 related to 뜻을 확인해야 함,The metal is important.,metal(은) 는 중요하다.,관심사,인공지능,,,"cartoon style, robot, futuristic, illustrate: The metal is important., safe for children, clear and simple","8 second video, cartoon style: 0-2s introduce scene, 2-6s show action from 'The metal is important.', 6-8s conclusion, safe for children, smooth animation",False,pending,success,0,,False
mental,뜻을 확인해야 함,명사,뜻을 확인해야 함,a 명사 related to 뜻을 확인해야 함,The mental is important.,mental(은) 는 중요하다.,학습,초등학교 6 학년 사회,,,"cartoon style, classroom, social studies, illustrate: The mental is important., safe for children, clear and simple","8 second video, cartoon style: 0-2s introduce scene, 2-6s show action from 'The mental is important.', 6-8s conclusion, safe for children, smooth animation",False,pending,success,0,,False
solve,뜻을 확인해야 함,명사,뜻을 확인해야 함,a 명사 related to 뜻을 확인해야 함,The solve is important.,solve(은) 는 중요하다.,관심사,소설 쓰기,,,"cartoon style, writing desk, notebook, illustrate: The solve is important., safe for children, clear and simple","8 second video, cartoon style: 0-2s introduce scene, 2-6s show action from 'The solve is important.', 6-8s conclusion, safe for children, smooth animation",False,pending,success,0,,False
survive,뜻을 확인해야 함,명사,뜻을 확인해야 함,a 명사 related to 뜻을 확인해야 함,The survive is important.,survive(은) 는 중요하다.,학습,초등학교 6 학년 과학,,,"cartoon style, laboratory, science experiment, illustrate: The survive is important., safe for children, clear and simple","8 second video, cartoon style: 0-2s introduce scene, 2-6s show action from 'The survive is important.', 6-8s conclusion, safe for children, smooth animation",False,pending,success,0,,False
source,뜻을 확인해야 함,명사,뜻을 확인해야 함,a 명사 related to 뜻을 확인해야 함,The source is important.,source(은) 는 중요하다.,관심사,음악,,,"cartoon style, musical instruments, stage, illustrate: The source is important., safe for children, clear and simple","8 second video, cartoon style: 0-2s introduce scene, 2-6s show action from 'The source is important.', 6-8s conclusion, safe for children, smooth animation",False,pending,success,0,,False
produce,뜻을 확인해야 함,명사,뜻을 확인해야 함,a 명사 related to 뜻을 확인해야 함,The produce is important.,produce(은) 는 중요하다.,학습,초등학교 6 학년 사회,,,"cartoon style, classroom, social studies, illustrate: The produce is important., safe for children, clear and simple","8 second video, cartoon style: 0-2s introduce scene, 2-6s show action from 'The produce is important.', 6-8s conclusion, safe for children, smooth animation",False,pending,success,0,,False
electronic,뜻을 확인해야 함,명사,뜻을 확인해야 함,a 명사 related to 뜻을 확인해야 함,The electronic is important.,electronic(은) 는 중요하다.,관심사,스포츠,,,"cartoon style, sports field, active pose, illustrate: The electronic is important., safe for children, clear and simple","8 second video, cartoon style: 0-2s introduce scene, 2-6s show action from 'The electronic is important.', 6-8s conclusion, safe for children, smooth animation",False,pending,success,0,,False
coal,뜻을 확인해야 함,명사,뜻을 확인해야 함,a 명사 related to 뜻을 확인해야 함,The coal is important.,coal(은) 는 중요하다.,학습,초등학교 6 학년 과학,,,"cartoon style, laboratory, science experiment, illustrate: The coal is important., safe for children, clear and simple","8 second video, cartoon style: 0-2s introduce scene, 2-6s show action from 'The coal is important.', 6-8s conclusion, safe for children, smooth animation",False,pending,success,0,,False
benefit,뜻을 확인해야 함,명사,뜻을 확인해야 함,a 명사 related to 뜻을 확인해야 함,The benefit is important.,benefit(은) 는 중요하다.,관심사,게임,,,"cartoon style, bright colors, game scene, illustrate: The benefit is important., safe for children, clear and simple","8 second video, cartoon style: 0-2s introduce scene, 2-6s show action from 'The benefit is important.', 6-8s conclusion, safe for children, smooth animation",False,pending,success,0,,False
vacuum,뜻을 확인해야 함,명사,뜻을 확인해야 함,a 명사 related to 뜻을 확인해야 함,The vacuum is important.,vacuum(은) 는 중요하다.,학습,초등학교 6 학년 사회,,,"cartoon style, classroom, social studies, illustrate: The vacuum is important., safe for children, clear and simple","8 second video, cartoon style: 0-2s introduce scene, 2-6s show action from 'The vacuum is important.', 6-8s conclusion, safe for children, smooth animation",False,pending,success,0,,False
treasure,뜻을 확인해야 함,명사,뜻을 확인해야 함,a 명사 related to 뜻을 확인해야 함,The treasure is important.,treasure(은) 는 중요하다.,관심사,코딩,,,"cartoon style, computer screen, coding interface, illustrate: The treasure is important., safe for children, clear and simple","8 second video, cartoon style: 0-2s introduce scene, 2-6s show action from 'The treasure is important.', 6-8s conclusion, safe for children, smooth animation",False,pending,success,0,,False
address,뜻을 확인해야 함,명사,뜻을 확인해야 함,a 명사 related to 뜻을 확인해야 함,The address is important.,address(은) 는 중요하다.,학습,초등학교 6 학년 과학,,,"cartoon style, laboratory, science experiment, illustrate: The address is important., safe for children, clear and simple","8 second video, cartoon style: 0-2s introduce scene, 2-6s show action from 'The address is important.', 6-8s conclusion, safe for children, smooth animation",False,pending,success,0,,False
shortage,뜻을 확인해야 함,명사,뜻을 확인해야 함,a 명사 related to 뜻을 확인해야 함,The shortage is important.,shortage(은) 는 중요하다.,관심사,인공지능,,,"cartoon style, robot, futuristic, illustrate: The shortage is important., safe for children, clear and simple","8 second video, cartoon style: 0-2s introduce scene, 2-6s show action from 'The shortage is important.', 6-8s conclusion, safe for children, smooth animation",False,pending,success,0,,False
renewable,뜻을 확인해야 함,명사,뜻을 확인해야 함,a 명사 related to 뜻을 확인해야 함,The renewable is important.,renewable(은) 는 중요하다.,학습,초등학교 6 학년 사회,,,"cartoon style, classroom, social studies, illustrate: The renewable is important., safe for children, clear and simple","8 second video, cartoon style: 0-2s introduce scene, 2-6s show action from 'The renewable is important.', 6-8s conclusion, safe for children, smooth animation",False,pending,success,0,,False
potential,뜻을 확인해야 함,명사,뜻을 확인해야 함,a 명사 related to 뜻을 확인해야 함,The potential is important.,potential(은) 는 중요하다.,관심사,소설 쓰기,,,"cartoon style, writing desk, notebook, illustrate: The potential is important., safe for children, clear and simple","8 second video, cartoon style: 0-2s introduce scene, 2-6s show action from 'The potential is important.', 6-8s conclusion, safe for children, smooth animation",False,pending,success,0,,False
native,뜻을 확인해야 함,명사,뜻을 확인해야 함,a 명사 related to 뜻을 확인해야 함,The native is important.,native(은) 는 중요하다.,학습,초등학교 6 학년 과학,,,"cartoon style, laboratory, science experiment, illustrate: The native is important., safe for children, clear and simple","8 second video, cartoon style: 0-2s introduce scene, 2-6s show action from 'The native is important.', 6-8s conclusion, safe for children, smooth animation",False,pending,success,0,,False
grain,뜻을 확인해야 함,명사,뜻을 확인해야 함,a 명사 related to 뜻을 확인해야 함,The grain is important.,grain(은) 는 중요하다.,관심사,음악,,,"cartoon style, musical instruments, stage, illustrate: The grain is important., safe for children, clear and simple","8 second video, cartoon style: 0-2s introduce scene, 2-6s show action from 'The grain is important.', 6-8s conclusion, safe for children, smooth animation",False,pending,success,0,,False
extreme,뜻을 확인해야 함,명사,뜻을 확인해야 함,a 명사 related to 뜻을 확인해야 함,The extreme is important.,extreme(은) 는 중요하다.,학습,초등학교 6 학년 사회,,,"cartoon style, classroom, social studies, illustrate: The extreme is important., safe for children, clear and simple","8 second video, cartoon style: 0-2s introduce scene, 2-6s show action from 'The extreme is important.', 6-8s conclusion, safe for children, smooth animation",False,pending,success,0,,False
typical,뜻을 확인해야 함,명사,뜻을 확인해야 함,a 명사 related to 뜻을 확인해야 함,The typical is important.,typical(은) 는 중요하다.,관심사,스포츠,,,"cartoon style, sports field, active pose, illustrate: The typical is important., safe for children, clear and simple","8 second video, cartoon style: 0-2s introduce scene, 2-6s show action from 'The typical is important.', 6-8s conclusion, safe for children, smooth animation",False,pending,success,0,,False
contact,뜻을 확인해야 함,명사,뜻을 확인해야 함,a 명사 related to 뜻을 확인해야 함,The contact is important.,contact(은) 는 중요하다.,학습,초등학교 6 학년 과학,,,"cartoon style, laboratory, science experiment, illustrate: The contact is important., safe for children, clear and simple","8 second video, cartoon style: 0-2s introduce scene, 2-6s show action from 'The contact is important.', 6-8s conclusion, safe for children, smooth animation",False,pending,success,0,,False
content,뜻을 확인해야 함,명사,뜻을 확인해야 함,a 명사 related to 뜻을 확인해야 함,The content is important.,content(은) 는 중요하다.,관심사,게임,,,"cartoon style, bright colors, game scene, illustrate: The content is important., safe for children, clear and simple","8 second video, cartoon style: 0-2s introduce scene, 2-6s show action from 'The content is important.', 6-8s conclusion, safe for children, smooth animation",False,pending,success,0,,False
context,뜻을 확인해야 함,명사,뜻을 확인해야 함,a 명사 related to 뜻을 확인해야 함,The context is important.,context(은) 는 중요하다.,학습,초등학교 6 학년 사회,,,"cartoon style, classroom, social studies, illustrate: The context is important., safe for children, clear and simple","8 second video, cartoon style: 0-2s introduce scene, 2-6s show action from 'The context is important.', 6-8s conclusion, safe for children, smooth animation",False,pending,success,0,,False
aspect,뜻을 확인해야 함,명사,뜻을 확인해야 함,a 명사 related to 뜻을 확인해야 함,The aspect is important.,aspect(은) 는 중요하다.,관심사,코딩,,,"cartoon style, computer screen, coding interface, illustrate: The aspect is important., safe for children, clear and simple","8 second video, cartoon style: 0-2s introduce scene, 2-6s show action from 'The aspect is important.', 6-8s conclusion, safe for children, smooth animation",False,pending,success,0,,False
float,뜻을 확인해야 함,명사,뜻을 확인해야 함,a 명사 related to 뜻을 확인해야 함,The float is important.,float(은) 는 중요하다.,학습,초등학교 6 학년 과학,,,"cartoon style, laboratory, science experiment, illustrate: The float is important., safe for children, clear and simple","8 second video, cartoon style: 0-2s introduce scene, 2-6s show action from 'The float is important.', 6-8s conclusion, safe for children, smooth animation",False,pending,success,0,,False
ingredient,뜻을 확인해야 함,명사,뜻을 확인해야 함,a 명사 related to 뜻을 확인해야 함,The ingredient is important.,ingredient(은) 는 중요하다.,관심사,인공지능,,,"cartoon style, robot, futuristic, illustrate: The ingredient is important., safe for children, clear and simple","8 second video, cartoon style: 0-2s introduce scene, 2-6s show action from 'The ingredient is important.', 6-8s conclusion, safe for children, smooth animation",False,pending,success,0,,False
ban,뜻을 확인해야 함,명사,뜻을 확인해야 함,a 명사 related to 뜻을 확인해야 함,The ban is important.,ban(은) 는 중요하다.,학습,초등학교 6 학년 사회,,,"cartoon style, classroom, social studies, illustrate: The ban is important., safe for children, clear and simple","8 second video, cartoon style: 0-2s introduce scene, 2-6s show action from 'The ban is important.', 6-8s conclusion, safe for children, smooth animation",False,pending,success,0,,False
witness,뜻을 확인해야 함,명사,뜻을 확인해야 함,a 명사 related to 뜻을 확인해야 함,The witness is important.,witness(은) 는 중요하다.,관심사,소설 쓰기,,,"cartoon style, writing desk, notebook, illustrate: The witness is important., safe for children, clear and simple","8 second video, cartoon style: 0-2s introduce scene, 2-6s show action from 'The witness is important.', 6-8s conclusion, safe for children, smooth animation",False,pending,success,0,,False
solar,뜻을 확인해야 함,명사,뜻을 확인해야 함,a 명사 related to 뜻을 확인해야 함,The solar is important.,solar(은) 는 중요하다.,학습,초등학교 6 학년 과학,,,"cartoon style, laboratory, science experiment, illustrate: The solar is important., safe for children, clear and simple","8 second video, cartoon style: 0-2s introduce scene, 2-6s show action from 'The solar is important.', 6-8s conclusion, safe for children, smooth animation",False,pending,success,0,,False
starve,뜻을 확인해야 함,명사,뜻을 확인해야 함,a 명사 related to 뜻을 확인해야 함,The starve is important.,starve(은) 는 중요하다.,관심사,음악,,,"cartoon style, musical instruments, stage, illustrate: The starve is important., safe for children, clear and simple","8 second video, cartoon style: 0-2s introduce scene, 2-6s show action from 'The starve is important.', 6-8s conclusion, safe for children, smooth animation",False,pending,success,0,,False
attribute,뜻을 확인해야 함,명사,뜻을 확인해야 함,a 명사 related to 뜻을 확인해야 함,The attribute is important.,attribute(은) 는 중요하다.,학습,초등학교 6 학년 사회,,,"cartoon style, classroom, social studies, illustrate: The attribute is important., safe for children, clear and simple","8 second video, cartoon style: 0-2s introduce scene, 2-6s show action from 'The attribute is important.', 6-8s conclusion, safe for children, smooth animation",False,pending,success,0,,False
appliance,뜻을 확인해야 함,명사,뜻을 확인해야 함,a 명사 related to 뜻을 확인해야 함,The appliance is important.,appliance(은) 는 중요하다.,관심사,스포츠,,,"cartoon style, sports field, active pose, illustrate: The appliance is important., safe for children, clear and simple","8 second video, cartoon style: 0-2s introduce scene, 2-6s show action from 'The appliance is important.', 6-8s conclusion, safe for children, smooth animation",False,pending,success,0,,False
plant,뜻을 확인해야 함,명사,뜻을 확인해야 함,a 명사 related to 뜻을 확인해야 함,The plant is important.,plant(은) 는 중요하다.,학습,초등학교 6 학년 과학,,,"cartoon style, laboratory, science experiment, illustrate: The plant is important., safe for children, clear and simple","8 second video, cartoon style: 0-2s introduce scene, 2-6s show action from 'The plant is important.', 6-8s conclusion, safe for children, smooth animation",False,pending,success,0,,False
environment,뜻을 확인해야 함,명사,뜻을 확인해야 함,a 명사 related to 뜻을 확인해야 함,The environment is important.,environment(은) 는 중요하다.,관심사,게임,,,"cartoon style, bright colors, game scene, illustrate: The environment is important., safe for children, clear and simple","8 second video, cartoon style: 0-2s introduce scene, 2-6s show action from 'The environment is important.', 6-8s conclusion, safe for children, smooth animation",False,pending,success,0,,False
release,뜻을 확인해야 함,명사,뜻을 확인해야 함,a 명사 related to 뜻을 확인해야 함,The release is important.,release(은) 는 중요하다.,학습,초등학교 6 학년 사회,,,"cartoon style, classroom, social studies, illustrate: The release is important., safe for children, clear and simple","8 second video, cartoon style: 0-2s introduce scene, 2-6s show action from 'The release is important.', 6-8s conclusion, safe for children, smooth animation",False,pending,success,0,,False
disaster,뜻을 확인해야 함,명사,뜻을 확인해야 함,a 명사 related to 뜻을 확인해야 함,The disaster is important.,disaster(은) 는 중요하다.,관심사,코딩,,,"cartoon style, computer screen, coding interface, illustrate: The disaster is important., safe for children, clear and simple","8 second video, cartoon style: 0-2s introduce scene, 2-6s show action from 'The disaster is important.', 6-8s conclusion, safe for children, smooth animation",False,pending,success,0,,False
destroy,뜻을 확인해야 함,명사,뜻을 확인해야 함,a 명사 related to 뜻을 확인해야 함,The destroy is important.,destroy(은) 는 중요하다.,학습,초등학교 6 학년 과학,,,"cartoon style, laboratory, science experiment, illustrate: The destroy is important., safe for children, clear and simple","8 second video, cartoon style: 0-2s introduce scene, 2-6s show action from 'The destroy is important.', 6-8s conclusion, safe for children, smooth animation",False,pending,success,0,,False
waste,뜻을 확인해야 함,명사,뜻을 확인해야 함,a 명사 related to 뜻을 확인해야 함,The waste is important.,waste(은) 는 중요하다.,관심사,인공지능,,,"cartoon style, robot, futuristic, illustrate: The waste is important., safe for children, clear and simple","8 second video, cartoon style: 0-2s introduce scene, 2-6s show action from 'The waste is important.', 6-8s conclusion, safe for children, smooth animation",False,pending,success,0,,False
period,뜻을 확인해야 함,명사,뜻을 확인해야 함,a 명사 related to 뜻을 확인해야 함,The period is important.,period(은) 는 중요하다.,학습,초등학교 6 학년 사회,,,"cartoon style, classroom, social studies, illustrate: The period is important., safe for children, clear and simple","8 second video, cartoon style: 0-2s introduce scene, 2-6s show action from 'The period is important.', 6-8s conclusion, safe for children, smooth animation",False,pending,success,0,,False
announce,뜻을 확인해야 함,명사,뜻을 확인해야 함,a 명사 related to 뜻을 확인해야 함,The announce is important.,announce(은) 는 중요하다.,관심사,소설 쓰기,,,"cartoon style, writing desk, notebook, illustrate: The announce is important., safe for children, clear and simple","8 second video, cartoon style: 0-2s introduce scene, 2-6s show action from 'The announce is important.', 6-8s conclusion, safe for children, smooth animation",False,pending,success,0,,False
occur,뜻을 확인해야 함,명사,뜻을 확인해야 함,a 명사 related to 뜻을 확인해야 함,The occur is important.,occur(은) 는 중요하다.,학습,초등학교 6 학년 과학,,,"cartoon style, laboratory, science experiment, illustrate: The occur is important., safe for children, clear and simple","8 second video, cartoon style: 0-2s introduce scene, 2-6s show action from 'The occur is important.', 6-8s conclusion, safe for children, smooth animation",False,pending,success,0,,False
quality,뜻을 확인해야 함,명사,뜻을 확인해야 함,a 명사 related to 뜻을 확인해야 함,The quality is important.,quality(은) 는 중요하다.,관심사,음악,,,"cartoon style, musical instruments, stage, illustrate: The quality is important., safe for children, clear and simple","8 second video, cartoon style: 0-2s introduce scene, 2-6s show action from 'The quality is important.', 6-8s conclusion, safe for children, smooth animation",False,pending,success,0,,False
quantity,뜻을 확인해야 함,명사,뜻을 확인해야 함,a 명사 related to 뜻을 확인해야 함,The quantity is important.,quantity(은) 는 중요하다.,학습,초등학교 6 학년 사회,,,"cartoon style, classroom, social studies, illustrate: The quantity is important., safe for children, clear and simple","8 second video, cartoon style: 0-2s introduce scene, 2-6s show action from 'The quantity is important.', 6-8s conclusion, safe for children, smooth animation",False,pending,success,0,,False
protect,뜻을 확인해야 함,명사,뜻을 확인해야 함,a 명사 related to 뜻을 확인해야 함,The protect is important.,protect(은) 는 중요하다.,관심사,스포츠,,,"cartoon style, sports field, active pose, illustrate: The protect is important., safe for children, clear and simple","8 second video, cartoon style: 0-2s introduce scene, 2-6s show action from 'The protect is important.', 6-8s conclusion, safe for children, smooth animation",False,pending,success,0,,False
loss,뜻을 확인해야 함,명사,뜻을 확인해야 함,a 명사 related to 뜻을 확인해야 함,The loss is important.,loss(은) 는 중요하다.,학습,초등학교 6 학년 과학,,,"cartoon style, laboratory, science experiment, illustrate: The loss is important., safe for children, clear and simple","8 second video, cartoon style: 0-2s introduce scene, 2-6s show action from 'The loss is important.', 6-8s conclusion, safe for children, smooth animation",False,pending,success,0,,False
generate,뜻을 확인해야 함,명사,뜻을 확인해야 함,a 명사 related to 뜻을 확인해야 함,The generate is important.,generate(은) 는 중요하다.,관심사,게임,,,"cartoon style, bright colors, game scene, illustrate: The generate is important., safe for children, clear and simple","8 second video, cartoon style: 0-2s introduce scene, 2-6s show action from 'The generate is important.', 6-8s conclusion, safe for children, smooth animation",False,pending,success,0,,False
amazed,뜻을 확인해야 함,명사,뜻을 확인해야 함,a 명사 related to 뜻을 확인해야 함,The amazed is important.,amazed(은) 는 중요하다.,학습,초등학교 6 학년 사회,,,"cartoon style, classroom, social studies, illustrate: The amazed is important., safe for children, clear and simple","8 second video, cartoon style: 0-2s introduce scene, 2-6s show action from 'The amazed is important.', 6-8s conclusion, safe for children, smooth animation",False,pending,success,0,,False
harm,뜻을 확인해야 함,명사,뜻을 확인해야 함,a 명사 related to 뜻을 확인해야 함,The harm is important.,harm(은) 는 중요하다.,관심사,코딩,,,"cartoon style, computer screen, coding interface, illustrate: The harm is important., safe for children, clear and simple","8 second video, cartoon style: 0-2s introduce scene, 2-6s show action from 'The harm is important.', 6-8s conclusion, safe for children, smooth animation",False,pending,success,0,,False
intense,뜻을 확인해야 함,명사,뜻을 확인해야 함,a 명사 related to 뜻을 확인해야 함,The intense is important.,intense(은) 는 중요하다.,학습,초등학교 6 학년 과학,,,"cartoon style, laboratory, science experiment, illustrate: The intense is important., safe for children, clear and simple","8 second video, cartoon style: 0-2s introduce scene, 2-6s show action from 'The intense is important.', 6-8s conclusion, safe for children, smooth animation",False,pending,success,0,,False
amount,뜻을 확인해야 함,명사,뜻을 확인해야 함,a 명사 related to 뜻을 확인해야 함,The amount is important.,amount(은) 는 중요하다.,관심사,인공지능,,,"cartoon style, robot, futuristic, illustrate: The amount is important., safe for children, clear and simple","8 second video, cartoon style: 0-2s introduce scene, 2-6s show action from 'The amount is important.', 6-8s conclusion, safe for children, smooth animation",False,pending,success,0,,False
marine,뜻을 확인해야 함,명사,뜻을 확인해야 함,a 명사 related to 뜻을 확인해야 함,The marine is important.,marine(은) 는 중요하다.,학습,초등학교 6 학년 사회,,,"cartoon style, classroom, social studies, illustrate: The marine is important., safe for children, clear and simple","8 second video, cartoon style: 0-2s introduce scene, 2-6s show action from 'The marine is important.', 6-8s conclusion, safe for children, smooth animation",False,pending,success,0,,False
permanent,뜻을 확인해야 함,명사,뜻을 확인해야 함,a 명사 related to 뜻을 확인해야 함,The permanent is important.,permanent(은) 는 중요하다.,관심사,소설 쓰기,,,"cartoon style, writing desk, notebook, illustrate: The permanent is important., safe for children, clear and simple","8 second video, cartoon style: 0-2s introduce scene, 2-6s show action from 'The permanent is important.', 6-8s conclusion, safe for children, smooth animation",False,pending,success,0,,False
fine,뜻을 확인해야 함,명사,뜻을 확인해야 함,a 명사 related to 뜻을 확인해야 함,The fine is important.,fine(은) 는 중요하다.,학습,초등학교 6 학년 과학,,,"cartoon style, laboratory, science experiment, illustrate: The fine is important., safe for children, clear and simple","8 second video, cartoon style: 0-2s introduce scene, 2-6s show action from 'The fine is important.', 6-8s conclusion, safe for children, smooth animation",False,pending,success,0,,False
pesticide,뜻을 확인해야 함,명사,뜻을 확인해야 함,a 명사 related to 뜻을 확인해야 함,The pesticide is important.,pesticide(은) 는 중요하다.,관심사,음악,,,"cartoon style, musical instruments, stage, illustrate: The pesticide is important., safe for children, clear and simple","8 second video, cartoon style: 0-2s introduce scene, 2-6s show action from 'The pesticide is important.', 6-8s conclusion, safe for children, smooth animation",False,pending,success,0,,False
alternative,뜻을 확인해야 함,명사,뜻을 확인해야 함,a 명사 related to 뜻을 확인해야 함,The alternative is important.,alternative(은) 는 중요하다.,학습,초등학교 6 학년 사회,,,"cartoon style, classroom, social studies, illustrate: The alternative is important., safe for children, clear and simple","8 second video, cartoon style: 0-2s introduce scene, 2-6s show action from 'The alternative is important.', 6-8s conclusion, safe for children, smooth animation",False,pending,success,0,,False
respect,뜻을 확인해야 함,명사,뜻을 확인해야 함,a 명사 related to 뜻을 확인해야 함,The respect is important.,respect(은) 는 중요하다.,관심사,스포츠,,,"cartoon style, sports field, active pose, illustrate: The respect is important., safe for children, clear and simple","8 second video, cartoon style: 0-2s introduce scene, 2-6s show action from 'The respect is important.', 6-8s conclusion, safe for children, smooth animation",False,pending,success,0,,False
vast,뜻을 확인해야 함,명사,뜻을 확인해야 함,a 명사 related to 뜻을 확인해야 함,The vast is important.,vast(은) 는 중요하다.,학습,초등학교 6 학년 과학,,,"cartoon style, laboratory, science experiment, illustrate: The vast is important., safe for children, clear and simple","8 second video, cartoon style: 0-2s introduce scene, 2-6s show action from 'The vast is important.', 6-8s conclusion, safe for children, smooth animation",False,pending,success,0,,False
refreshing,뜻을 확인해야 함,명사,뜻을 확인해야 함,a 명사 related to 뜻을 확인해야 함,The refreshing is important.,refreshing(은) 는 중요하다.,관심사,게임,,,"cartoon style, bright colors, game scene, illustrate: The refreshing is important., safe for children, clear and simple","8 second video, cartoon style: 0-2s introduce scene, 2-6s show action from 'The refreshing is important.', 6-8s conclusion, safe for children, smooth animation",False,pending,success,0,,False
responsible,뜻을 확인해야 함,명사,뜻을 확인해야 함,a 명사 related to 뜻을 확인해야 함,The responsible is important.,responsible(은) 는 중요하다.,학습,초등학교 6 학년 사회,,,"cartoon style, classroom, social studies, illustrate: The responsible is important., safe for children, clear and simple","8 second video, cartoon style: 0-2s introduce scene, 2-6s show action from 'The responsible is important.', 6-8s conclusion, safe for children, smooth animation",False,pending,success,0,,False
confuse,뜻을 확인해야 함,명사,뜻을 확인해야 함,a 명사 related to 뜻을 확인해야 함,The confuse is important.,confuse(은) 는 중요하다.,관심사,코딩,,,"cartoon style, computer screen, coding interface, illustrate: The confuse is important., safe for children, clear and simple","8 second video, cartoon style: 0-2s introduce scene, 2-6s show action from 'The confuse is important.', 6-8s conclusion, safe for children, smooth animation",False,pending,success,0,,False
separate,뜻을 확인해야 함,명사,뜻을 확인해야 함,a 명사 related to 뜻을 확인해야 함,The separate is important.,separate(은) 는 중요하다.,학습,초등학교 6 학년 과학,,,"cartoon style, laboratory, science experiment, illustrate: The separate is important., safe for children, clear and simple","8 second video, cartoon style: 0-2s introduce scene, 2-6s show action from 'The separate is important.', 6-8s conclusion, safe for children, smooth animation",False,pending,success,0,,False
delicate,뜻을 확인해야 함,명사,뜻을 확인해야 함,a 명사 related to 뜻을 확인해야 함,The delicate is important.,delicate(은) 는 중요하다.,관심사,인공지능,,,"cartoon style, robot, futuristic, illustrate: The delicate is important., safe for children, clear and simple","8 second video, cartoon style: 0-2s introduce scene, 2-6s show action from 'The delicate is important.', 6-8s conclusion, safe for children, smooth animation",False,pending,success,0,,False
dedicate,뜻을 확인해야 함,명사,뜻을 확인해야 함,a 명사 related to 뜻을 확인해야 함,The dedicate is important.,dedicate(은) 는 중요하다.,학습,초등학교 6 학년 사회,,,"cartoon style, classroom, social studies, illustrate: The dedicate is important., safe for children, clear and simple","8 second video, cartoon style: 0-2s introduce scene, 2-6s show action from 'The dedicate is important.', 6-8s conclusion, safe for children, smooth animation",False,pending,success,0,,False
extinction,뜻을 확인해야 함,명사,뜻을 확인해야 함,a 명사 related to 뜻을 확인해야 함,The extinction is important.,extinction(은) 는 중요하다.,관심사,소설 쓰기,,,"cartoon style, writing desk, notebook, illustrate: The extinction is important., safe for children, clear and simple","8 second video, cartoon style: 0-2s introduce scene, 2-6s show action from 'The extinction is important.', 6-8s conclusion, safe for children, smooth animation",False,pending,success,0,,False
superior,뜻을 확인해야 함,명사,뜻을 확인해야 함,a 명사 related to 뜻을 확인해야 함,The superior is important.,superior(은) 는 중요하다.,학습,초등학교 6 학년 과학,,,"cartoon style, laboratory, science experiment, illustrate: The superior is important., safe for children, clear and simple","8 second video, cartoon style: 0-2s introduce scene, 2-6s show action from 'The superior is important.', 6-8s conclusion, safe for children, smooth animation",False,pending,success,0,,False
consequence,뜻을 확인해야 함,명사,뜻을 확인해야 함,a 명사 related to 뜻을 확인해야 함,The consequence is important.,consequence(은) 는 중요하다.,관심사,음악,,,"cartoon style, musical instruments, stage, illustrate: The consequence is important., safe for children, clear and simple","8 second video, cartoon style: 0-2s introduce scene, 2-6s show action from 'The consequence is important.', 6-8s conclusion, safe for children, smooth animation",False,pending,success,0,,False
fabric,뜻을 확인해야 함,명사,뜻을 확인해야 함,a 명사 related to 뜻을 확인해야 함,The fabric is important.,fabric(은) 는 중요하다.,학습,초등학교 6 학년 사회,,,"cartoon style, classroom, social studies, illustrate: The fabric is important., safe for children, clear and simple","8 second video, cartoon style: 0-2s introduce scene, 2-6s show action from 'The fabric is important.', 6-8s conclusion, safe for children, smooth animation",False,pending,success,0,,False
interrupt,뜻을 확인해야 함,명사,뜻을 확인해야 함,a 명사 related to 뜻을 확인해야 함,The interrupt is important.,interrupt(은) 는 중요하다.,관심사,스포츠,,,"cartoon style, sports field, active pose, illustrate: The interrupt is important., safe for children, clear and simple","8 second video, cartoon style: 0-2s introduce scene, 2-6s show action from 'The interrupt is important.', 6-8s conclusion, safe for children, smooth animation",False,pending,success,0,,False
concrete,뜻을 확인해야 함,명사,뜻을 확인해야 함,a 명사 related to 뜻을 확인해야 함,The concrete is important.,concrete(은) 는 중요하다.,학습,초등학교 6 학년 과학,,,"cartoon style, laboratory, science experiment, illustrate: The concrete is important., safe for children, clear and simple","8 second video, cartoon style: 0-2s introduce scene, 2-6s show action from 'The concrete is important.', 6-8s conclusion, safe for children, smooth animation",False,pending,success,0,,False
acknowledge,뜻을 확인해야 함,명사,뜻을 확인해야 함,a 명사 related to 뜻을 확인해야 함,The acknowledge is important.,acknowledge(은) 는 중요하다.,관심사,게임,,,"cartoon style, bright colors, game scene, illustrate: The acknowledge is important., safe for children, clear and simple","8 second video, cartoon style: 0-2s introduce scene, 2-6s show action from 'The acknowledge is important.', 6-8s conclusion, safe for children, smooth animation",False,pending,success,0,,False
considerable,뜻을 확인해야 함,명사,뜻을 확인해야 함,a 명사 related to 뜻을 확인해야 함,The considerable is important.,considerable(은) 는 중요하다.,학습,초등학교 6 학년 사회,,,"cartoon style, classroom, social studies, illustrate: The considerable is important., safe for children, clear and simple","8 second video, cartoon style: 0-2s introduce scene, 2-6s show action from 'The considerable is important.', 6-8s conclusion, safe for children, smooth animation",False,pending,success,0,,False
discard,뜻을 확인해야 함,명사,뜻을 확인해야 함,a 명사 related to 뜻을 확인해야 함,The discard is important.,discard(은) 는 중요하다.,관심사,코딩,,,"cartoon style, computer screen, coding interface, illustrate: The discard is important., safe for children, clear and simple","8 second video, cartoon style: 0-2s introduce scene, 2-6s show action from 'The discard is important.', 6-8s conclusion, safe for children, smooth animation",False,pending,success,0,,False
matter,뜻을 확인해야 함,명사,뜻을 확인해야 함,a 명사 related to 뜻을 확인해야 함,The matter is important.,matter(은) 는 중요하다.,학습,초등학교 6 학년 과학,,,"cartoon style, laboratory, science experiment, illustrate: The matter is important., safe for children, clear and simple","8 second video, cartoon style: 0-2s introduce scene, 2-6s show action from 'The matter is important.', 6-8s conclusion, safe for children, smooth animation",False,pending,success,0,,False
legal,뜻을 확인해야 함,명사,뜻을 확인해야 함,a 명사 related to 뜻을 확인해야 함,The legal is important.,legal(은) 는 중요하다.,관심사,인공지능,,,"cartoon style, robot, futuristic, illustrate: The legal is important., safe for children, clear and simple","8 second video, cartoon style: 0-2s introduce scene, 2-6s show action from 'The legal is important.', 6-8s conclusion, safe for children, smooth animation",False,pending,success,0,,False
obey,뜻을 확인해야 함,명사,뜻을 확인해야 함,a 명사 related to 뜻을 확인해야 함,The obey is important.,obey(은) 는 중요하다.,학습,초등학교 6 학년 사회,,,"cartoon style, classroom, social studies, illustrate: The obey is important., safe for children, clear and simple","8 second video, cartoon style: 0-2s introduce scene, 2-6s show action from 'The obey is important.', 6-8s conclusion, safe for children, smooth animation",False,pending,success,0,,False
arrest,뜻을 확인해야 함,명사,뜻을 확인해야 함,a 명사 related to 뜻을 확인해야 함,The arrest is important.,arrest(은) 는 중요하다.,관심사,소설 쓰기,,,"cartoon style, writing desk, notebook, illustrate: The arrest is important., safe for children, clear and simple","8 second video, cartoon style: 0-2s introduce scene, 2-6s show action from 'The arrest is important.', 6-8s conclusion, safe for children, smooth animation",False,pending,success,0,,False
report,뜻을 확인해야 함,명사,뜻을 확인해야 함,a 명사 related to 뜻을 확인해야 함,The report is important.,report(은) 는 중요하다.,학습,초등학교 6 학년 과학,,,"cartoon style, laboratory, science experiment, illustrate: The report is important., safe for children, clear and simple","8 second video, cartoon style: 0-2s introduce scene, 2-6s show action from 'The report is important.', 6-8s conclusion, safe for children, smooth animation",False,pending,success,0,,False
innocent,뜻을 확인해야 함,명사,뜻을 확인해야 함,a 명사 related to 뜻을 확인해야 함,The innocent is important.,innocent(은) 는 중요하다.,관심사,음악,,,"cartoon style, musical instruments, stage, illustrate: The innocent is important., safe for children, clear and simple","8 second video, cartoon style: 0-2s introduce scene, 2-6s show action from 'The innocent is important.', 6-8s conclusion, safe for children, smooth animation",False,pending,success,0,,False
caution,뜻을 확인해야 함,명사,뜻을 확인해야 함,a 명사 related to 뜻을 확인해야 함,The caution is important.,caution(은) 는 중요하다.,학습,초등학교 6 학년 사회,,,"cartoon style, classroom, social studies, illustrate: The caution is important., safe for children, clear and simple","8 second video, cartoon style: 0-2s introduce scene, 2-6s show action from 'The caution is important.', 6-8s conclusion, safe for children, smooth animation",False,pending,success,0,,False
charge,뜻을 확인해야 함,명사,뜻을 확인해야 함,a 명사 related to 뜻을 확인해야 함,The charge is important.,charge(은) 는 중요하다.,관심사,스포츠,,,"cartoon style, sports field, active pose, illustrate: The charge is important., safe for children, clear and simple","8 second video, cartoon style: 0-2s introduce scene, 2-6s show action from 'The charge is important.', 6-8s conclusion, safe for children, smooth animation",False,pending,success,0,,False
violate,뜻을 확인해야 함,명사,뜻을 확인해야 함,a 명사 related to 뜻을 확인해야 함,The violate is important.,violate(은) 는 중요하다.,학습,초등학교 6 학년 과학,,,"cartoon style, laboratory, science experiment, illustrate: The violate is important., safe for children, clear and simple","8 second video, cartoon style: 0-2s introduce scene, 2-6s show action from 'The violate is important.', 6-8s conclusion, safe for children, smooth animation",False,pending,success,0,,False
law,뜻을 확인해야 함,명사,뜻을 확인해야 함,a 명사 related to 뜻을 확인해야 함,The law is important.,law(은) 는 중요하다.,관심사,게임,,,"cartoon style, bright colors, game scene, illustrate: The law is important., safe for children, clear and simple","8 second video, cartoon style: 0-2s introduce scene, 2-6s show action from 'The law is important.', 6-8s conclusion, safe for children, smooth animation",False,pending,success,0,,False
raw,뜻을 확인해야 함,명사,뜻을 확인해야 함,a 명사 related to 뜻을 확인해야 함,The raw is important.,raw(은) 는 중요하다.,학습,초등학교 6 학년 사회,,,"cartoon style, classroom, social studies, illustrate: The raw is important., safe for children, clear and simple","8 second video, cartoon style: 0-2s introduce scene, 2-6s show action from 'The raw is important.', 6-8s conclusion, safe for children, smooth animation",False,pending,success,0,,False
search,뜻을 확인해야 함,명사,뜻을 확인해야 함,a 명사 related to 뜻을 확인해야 함,The search is important.,search(은) 는 중요하다.,관심사,코딩,,,"cartoon style, computer screen, coding interface, illustrate: The search is important., safe for children, clear and simple","8 second video, cartoon style: 0-2s introduce scene, 2-6s show action from 'The search is important.', 6-8s conclusion, safe for children, smooth animation",False,pending,success,0,,False
raise,뜻을 확인해야 함,명사,뜻을 확인해야 함,a 명사 related to 뜻을 확인해야 함,The raise is important.,raise(은) 는 중요하다.,학습,초등학교 6 학년 과학,,,"cartoon style, laboratory, science experiment, illustrate: The raise is important., safe for children, clear and simple","8 second video, cartoon style: 0-2s introduce scene, 2-6s show action from 'The raise is important.', 6-8s conclusion, safe for children, smooth animation",False,pending,success,0,,False
aim,뜻을 확인해야 함,명사,뜻을 확인해야 함,a 명사 related to 뜻을 확인해야 함,The aim is important.,aim(은) 는 중요하다.,관심사,인공지능,,,"cartoon style, robot, futuristic, illustrate: The aim is important., safe for children, clear and simple","8 second video, cartoon style: 0-2s introduce scene, 2-6s show action from 'The aim is important.', 6-8s conclusion, safe for children, smooth animation",False,pending,success,0,,False
criminal,뜻을 확인해야 함,명사,뜻을 확인해야 함,a 명사 related to 뜻을 확인해야 함,The criminal is important.,criminal(은) 는 중요하다.,학습,초등학교 6 학년 사회,,,"cartoon style, classroom, social studies, illustrate: The criminal is important., safe for children, clear and simple","8 second video, cartoon style: 0-2s introduce scene, 2-6s show action from 'The criminal is important.', 6-8s conclusion, safe for children, smooth animation",False,pending,success,0,,False
suspect,뜻을 확인해야 함,명사,뜻을 확인해야 함,a 명사 related to 뜻을 확인해야 함,The suspect is important.,suspect(은) 는 중요하다.,관심사,소설 쓰기,,,"cartoon style, writing desk, notebook, illustrate: The suspect is important., safe for children, clear and simple","8 second video, cartoon style: 0-2s introduce scene, 2-6s show action from 'The suspect is important.', 6-8s conclusion, safe for children, smooth animation",False,pending,success,0,,False
neutral,뜻을 확인해야 함,명사,뜻을 확인해야 함,a 명사 related to 뜻을 확인해야 함,The neutral is important.,neutral(은) 는 중요하다.,학습,초등학교 6 학년 과학,,,"cartoon style, laboratory, science experiment, illustrate: The neutral is important., safe for children, clear and simple","8 second video, cartoon style: 0-2s introduce scene, 2-6s show action from 'The neutral is important.', 6-8s conclusion, safe for children, smooth animation",False,pending,success,0,,False
accuse,뜻을 확인해야 함,명사,뜻을 확인해야 함,a 명사 related to 뜻을 확인해야 함,The accuse is important.,accuse(은) 는 중요하다.,관심사,음악,,,"cartoon style, musical instruments, stage, illustrate: The accuse is important., safe for children, clear and simple","8 second video, cartoon style: 0-2s introduce scene, 2-6s show action from 'The accuse is important.', 6-8s conclusion, safe for children, smooth animation",False,pending,success,0,,False
firm,뜻을 확인해야 함,명사,뜻을 확인해야 함,a 명사 related to 뜻을 확인해야 함,The firm is important.,firm(은) 는 중요하다.,학습,초등학교 6 학년 사회,,,"cartoon style, classroom, social studies, illustrate: The firm is important., safe for children, clear and simple","8 second video, cartoon style: 0-2s introduce scene, 2-6s show action from 'The firm is important.', 6-8s conclusion, safe for children, smooth animation",False,pending,success,0,,False
aid,뜻을 확인해야 함,명사,뜻을 확인해야 함,a 명사 related to 뜻을 확인해야 함,The aid is important.,aid(은) 는 중요하다.,관심사,스포츠,,,"cartoon style, sports field, active pose, illustrate: The aid is important., safe for children, clear and simple","8 second video, cartoon style: 0-2s introduce scene, 2-6s show action from 'The aid is important.', 6-8s conclusion, safe for children, smooth animation",False,pending,success,0,,False
interest,뜻을 확인해야 함,명사,뜻을 확인해야 함,a 명사 related to 뜻을 확인해야 함,The interest is important.,interest(은) 는 중요하다.,학습,초등학교 6 학년 과학,,,"cartoon style, laboratory, science experiment, illustrate: The interest is important., safe for children, clear and simple","8 second video, cartoon style: 0-2s introduce scene, 2-6s show action from 'The interest is important.', 6-8s conclusion, safe for children, smooth animation",False,pending,success,0,,False
complex,뜻을 확인해야 함,명사,뜻을 확인해야 함,a 명사 related to 뜻을 확인해야 함,The complex is important.,complex(은) 는 중요하다.,관심사,게임,,,"cartoon style, bright colors, game scene, illustrate: The complex is important., safe for children, clear and simple","8 second video, cartoon style: 0-2s introduce scene, 2-6s show action from 'The complex is important.', 6-8s conclusion, safe for children, smooth animation",False,pending,success,0,,False
organize,뜻을 확인해야 함,명사,뜻을 확인해야 함,a 명사 related to 뜻을 확인해야 함,The organize is important.,organize(은) 는 중요하다.,학습,초등학교 6 학년 사회,,,"cartoon style, classroom, social studies, illustrate: The organize is important., safe for children, clear and simple","8 second video, cartoon style: 0-2s introduce scene, 2-6s show action from 'The organize is important.', 6-8s conclusion, safe for children, smooth animation",False,pending,success,0,,False
plenty,뜻을 확인해야 함,명사,뜻을 확인해야 함,a 명사 related to 뜻을 확인해야 함,The plenty is important.,plenty(은) 는 중요하다.,관심사,코딩,,,"cartoon style, computer screen, coding interface, illustrate: The plenty is important., safe for children, clear and simple","8 second video, cartoon style: 0-2s introduce scene, 2-6s show action from 'The plenty is important.', 6-8s conclusion, safe for children, smooth animation",False,pending,success,0,,False
phenomenon,뜻을 확인해야 함,명사,뜻을 확인해야 함,a 명사 related to 뜻을 확인해야 함,The phenomenon is important.,phenomenon(은) 는 중요하다.,학습,초등학교 6 학년 과학,,,"cartoon style, laboratory, science experiment, illustrate: The phenomenon is important., safe for children, clear and simple","8 second video, cartoon style: 0-2s introduce scene, 2-6s show action from 'The phenomenon is important.', 6-8s conclusion, safe for children, smooth animation",False,pending,success,0,,False
mount,뜻을 확인해야 함,명사,뜻을 확인해야 함,a 명사 related to 뜻을 확인해야 함,The mount is important.,mount(은) 는 중요하다.,관심사,인공지능,,,"cartoon style, robot, futuristic, illustrate: The mount is important., safe for children, clear and simple","8 second video, cartoon style: 0-2s introduce scene, 2-6s show action from 'The mount is important.', 6-8s conclusion, safe for children, smooth animation",False,pending,success,0,,False
found,뜻을 확인해야 함,명사,뜻을 확인해야 함,a 명사 related to 뜻을 확인해야 함,The found is important.,found(은) 는 중요하다.,학습,초등학교 6 학년 사회,,,"cartoon style, classroom, social studies, illustrate: The found is important., safe for children, clear and simple","8 second video, cartoon style: 0-2s introduce scene, 2-6s show action from 'The found is important.', 6-8s conclusion, safe for children, smooth animation",False,pending,success,0,,False
prove,뜻을 확인해야 함,명사,뜻을 확인해야 함,a 명사 related to 뜻을 확인해야 함,The prove is important.,prove(은) 는 중요하다.,관심사,소설 쓰기,,,"cartoon style, writing desk, notebook, illustrate: The prove is important., safe for children, clear and simple","8 second video, cartoon style: 0-2s introduce scene, 2-6s show action from 'The prove is important.', 6-8s conclusion, safe for children, smooth animation",False,pending,success,0,,False
forbid,뜻을 확인해야 함,명사,뜻을 확인해야 함,a 명사 related to 뜻을 확인해야 함,The forbid is important.,forbid(은) 는 중요하다.,학습,초등학교 6 학년 과학,,,"cartoon style, laboratory, science experiment, illustrate: The forbid is important., safe for children, clear and simple","8 second video, cartoon style: 0-2s introduce scene, 2-6s show action from 'The forbid is important.', 6-8s conclusion, safe for children, smooth animation",False,pending,success,0,,False
contrast,뜻을 확인해야 함,명사,뜻을 확인해야 함,a 명사 related to 뜻을 확인해야 함,The contrast is important.,contrast(은) 는 중요하다.,관심사,음악,,,"cartoon style, musical instruments, stage, illustrate: The contrast is important., safe for children, clear and simple","8 second video, cartoon style: 0-2s introduce scene, 2-6s show action from 'The contrast is important.', 6-8s conclusion, safe for children, smooth animation",False,pending,success,0,,False
contract,뜻을 확인해야 함,명사,뜻을 확인해야 함,a 명사 related to 뜻을 확인해야 함,The contract is important.,contract(은) 는 중요하다.,학습,초등학교 6 학년 사회,,,"cartoon style, classroom, social studies, illustrate: The contract is important., safe for children, clear and simple","8 second video, cartoon style: 0-2s introduce scene, 2-6s show action from 'The contract is important.', 6-8s conclusion, safe for children, smooth animation",False,pending,success,0,,False
stamp,뜻을 확인해야 함,명사,뜻을 확인해야 함,a 명사 related to 뜻을 확인해야 함,The stamp is important.,stamp(은) 는 중요하다.,관심사,스포츠,,,"cartoon style, sports field, active pose, illustrate: The stamp is important., safe for children, clear and simple","8 second video, cartoon style: 0-2s introduce scene, 2-6s show action from 'The stamp is important.', 6-8s conclusion, safe for children, smooth animation",False,pending,success,0,,False
secure,뜻을 확인해야 함,명사,뜻을 확인해야 함,a 명사 related to 뜻을 확인해야 함,The secure is important.,secure(은) 는 중요하다.,학습,초등학교 6 학년 과학,,,"cartoon style, laboratory, science experiment, illustrate: The secure is important., safe for children, clear and simple","8 second video, cartoon style: 0-2s introduce scene, 2-6s show action from 'The secure is important.', 6-8s conclusion, safe for children, smooth animation",False,pending,success,0,,False
conference,뜻을 확인해야 함,명사,뜻을 확인해야 함,a 명사 related to 뜻을 확인해야 함,The conference is important.,conference(은) 는 중요하다.,관심사,게임,,,"cartoon style, bright colors, game scene, illustrate: The conference is important., safe for children, clear and simple","8 second video, cartoon style: 0-2s introduce scene, 2-6s show action from 'The conference is important.', 6-8s conclusion, safe for children, smooth animation",False,pending,success,0,,False
urge,뜻을 확인해야 함,명사,뜻을 확인해야 함,a 명사 related to 뜻을 확인해야 함,The urge is important.,urge(은) 는 중요하다.,학습,초등학교 6 학년 사회,,,"cartoon style, classroom, social studies, illustrate: The urge is important., safe for children, clear and simple","8 second video, cartoon style: 0-2s introduce scene, 2-6s show action from 'The urge is important.', 6-8s conclusion, safe for children, smooth animation",False,pending,success,0,,False
confront,뜻을 확인해야 함,명사,뜻을 확인해야 함,a 명사 related to 뜻을 확인해야 함,The confront is important.,confront(은) 는 중요하다.,관심사,코딩,,,"cartoon style, computer screen, coding interface, illustrate: The confront is important., safe for children, clear and simple","8 second video, cartoon style: 0-2s introduce scene, 2-6s show action from 'The confront is important.', 6-8s conclusion, safe for children, smooth animation",False,pending,success,0,,False
persuade,뜻을 확인해야 함,명사,뜻을 확인해야 함,a 명사 related to 뜻을 확인해야 함,The persuade is important.,persuade(은) 는 중요하다.,학습,초등학교 6 학년 과학,,,"cartoon style, laboratory, science experiment, illustrate: The persuade is important., safe for children, clear and simple","8 second video, cartoon style: 0-2s introduce scene, 2-6s show action from 'The persuade is important.', 6-8s conclusion, safe for children, smooth animation",False,pending,success,0,,False
scan,뜻을 확인해야 함,명사,뜻을 확인해야 함,a 명사 related to 뜻을 확인해야 함,The scan is important.,scan(은) 는 중요하다.,관심사,인공지능,,,"cartoon style, robot, futuristic, illustrate: The scan is important., safe for children, clear and simple","8 second video, cartoon style: 0-2s introduce scene, 2-6s show action from 'The scan is important.', 6-8s conclusion, safe for children, smooth animation",False,pending,success,0,,False
prohibit,뜻을 확인해야 함,명사,뜻을 확인해야 함,a 명사 related to 뜻을 확인해야 함,The prohibit is important.,prohibit(은) 는 중요하다.,학습,초등학교 6 학년 사회,,,"cartoon style, classroom, social studies, illustrate: The prohibit is important., safe for children, clear and simple","8 second video, cartoon style: 0-2s introduce scene, 2-6s show action from 'The prohibit is important.', 6-8s conclusion, safe for children, smooth animation",False,pending,success,0,,False
moreover,뜻을 확인해야 함,명사,뜻을 확인해야 함,a 명사 related to 뜻을 확인해야 함,The moreover is important.,moreover(은) 는 중요하다.,관심사,소설 쓰기,,,"cartoon style, writing desk, notebook, illustrate: The moreover is important., safe for children, clear and simple","8 second video, cartoon style: 0-2s introduce scene, 2-6s show action from 'The moreover is important.', 6-8s conclusion, safe for children, smooth animation",False,pending,success,0,,False
determine,뜻을 확인해야 함,명사,뜻을 확인해야 함,a 명사 related to 뜻을 확인해야 함,The determine is important.,determine(은) 는 중요하다.,학습,초등학교 6 학년 과학,,,"cartoon style, laboratory, science experiment, illustrate: The determine is important., safe for children, clear and simple","8 second video, cartoon style: 0-2s introduce scene, 2-6s show action from 'The determine is important.', 6-8s conclusion, safe for children, smooth animation",False,pending,success,0,,False
politics,뜻을 확인해야 함,명사,뜻을 확인해야 함,a 명사 related to 뜻을 확인해야 함,The politics is important.,politics(은) 는 중요하다.,관심사,음악,,,"cartoon style, musical instruments, stage, illustrate: The politics is important., safe for children, clear and simple","8 second video, cartoon style: 0-2s introduce scene, 2-6s show action from 'The politics is important.', 6-8s conclusion, safe for children, smooth animation",False,pending,success,0,,False
facility,뜻을 확인해야 함,명사,뜻을 확인해야 함,a 명사 related to 뜻을 확인해야 함,The facility is important.,facility(은) 는 중요하다.,학습,초등학교 6 학년 사회,,,"cartoon style, classroom, social studies, illustrate: The facility is important., safe for children, clear and simple","8 second video, cartoon style: 0-2s introduce scene, 2-6s show action from 'The facility is important.', 6-8s conclusion, safe for children, smooth animation",False,pending,success,0,,False
vote,뜻을 확인해야 함,명사,뜻을 확인해야 함,a 명사 related to 뜻을 확인해야 함,The vote is important.,vote(은) 는 중요하다.,관심사,스포츠,,,"cartoon style, sports field, active pose, illustrate: The vote is important., safe for children, clear and simple","8 second video, cartoon style: 0-2s introduce scene, 2-6s show action from 'The vote is important.', 6-8s conclusion, safe for children, smooth animation",False,pending,success,0,,False
candidate,뜻을 확인해야 함,명사,뜻을 확인해야 함,a 명사 related to 뜻을 확인해야 함,The candidate is important.,candidate(은) 는 중요하다.,학습,초등학교 6 학년 과학,,,"cartoon style, laboratory, science experiment, illustrate: The candidate is important., safe for children, clear and simple","8 second video, cartoon style: 0-2s introduce scene, 2-6s show action from 'The candidate is important.', 6-8s conclusion, safe for children, smooth animation",False,pending,success,0,,False
civil,뜻을 확인해야 함,명사,뜻을 확인해야 함,a 명사 related to 뜻을 확인해야 함,The civil is important.,civil(은) 는 중요하다.,관심사,게임,,,"cartoon style, bright colors, game scene, illustrate: The civil is important., safe for children, clear and simple","8 second video, cartoon style: 0-2s introduce scene, 2-6s show action from 'The civil is important.', 6-8s conclusion, safe for children, smooth animation",False,pending,success,0,,False
limit,뜻을 확인해야 함,명사,뜻을 확인해야 함,a 명사 related to 뜻을 확인해야 함,The limit is important.,limit(은) 는 중요하다.,학습,초등학교 6 학년 사회,,,"cartoon style, classroom, social studies, illustrate: The limit is important., safe for children, clear and simple","8 second video, cartoon style: 0-2s introduce scene, 2-6s show action from 'The limit is important.', 6-8s conclusion, safe for children, smooth animation",False,pending,success,0,,False
conservative,뜻을 확인해야 함,명사,뜻을 확인해야 함,a 명사 related to 뜻을 확인해야 함,The conservative is important.,conservative(은) 는 중요하다.,관심사,코딩,,,"cartoon style, computer screen, coding interface, illustrate: The conservative is important., safe for children, clear and simple","8 second video, cartoon style: 0-2s introduce scene, 2-6s show action from 'The conservative is important.', 6-8s conclusion, safe for children, smooth animation",False,pending,success,0,,False
belong,뜻을 확인해야 함,명사,뜻을 확인해야 함,a 명사 related to 뜻을 확인해야 함,The belong is important.,belong(은) 는 중요하다.,학습,초등학교 6 학년 과학,,,"cartoon style, laboratory, science experiment, illustrate: The belong is important., safe for children, clear and simple","8 second video, cartoon style: 0-2s introduce scene, 2-6s show action from 'The belong is important.', 6-8s conclusion, safe for children, smooth animation",False,pending,success,0,,False
official,뜻을 확인해야 함,명사,뜻을 확인해야 함,a 명사 related to 뜻을 확인해야 함,The official is important.,official(은) 는 중요하다.,관심사,인공지능,,,"cartoon style, robot, futuristic, illustrate: The official is important., safe for children, clear and simple","8 second video, cartoon style: 0-2s introduce scene, 2-6s show action from 'The official is important.', 6-8s conclusion, safe for children, smooth animation",False,pending,success,0,,False
officer,뜻을 확인해야 함,명사,뜻을 확인해야 함,a 명사 related to 뜻을 확인해야 함,The officer is important.,officer(은) 는 중요하다.,학습,초등학교 6 학년 사회,,,"cartoon style, classroom, social studies, illustrate: The officer is important., safe for children, clear and simple","8 second video, cartoon style: 0-2s introduce scene, 2-6s show action from 'The officer is important.', 6-8s conclusion, safe for children, smooth animation",False,pending,success,0,,False
result,뜻을 확인해야 함,명사,뜻을 확인해야 함,a 명사 related to 뜻을 확인해야 함,The result is important.,result(은) 는 중요하다.,관심사,소설 쓰기,,,"cartoon style, writing desk, notebook, illustrate: The result is important., safe for children, clear and simple","8 second video, cartoon style: 0-2s introduce scene, 2-6s show action from 'The result is important.', 6-8s conclusion, safe for children, smooth animation",False,pending,success,0,,False
survey,뜻을 확인해야 함,명사,뜻을 확인해야 함,a 명사 related to 뜻을 확인해야 함,The survey is important.,survey(은) 는 중요하다.,학습,초등학교 6 학년 과학,,,"cartoon style, laboratory, science experiment, illustrate: The survey is important., safe for children, clear and simple","8 second video, cartoon style: 0-2s introduce scene, 2-6s show action from 'The survey is important.', 6-8s conclusion, safe for children, smooth animation",False,pending,success,0,,False
notice,뜻을 확인해야 함,명사,뜻을 확인해야 함,a 명사 related to 뜻을 확인해야 함,The notice is important.,notice(은) 는 중요하다.,관심사,음악,,,"cartoon style, musical instruments, stage, illustrate: The notice is important., safe for children, clear and simple","8 second video, cartoon style: 0-2s introduce scene, 2-6s show action from 'The notice is important.', 6-8s conclusion, safe for children, smooth animation",False,pending,success,0,,False
guard,뜻을 확인해야 함,명사,뜻을 확인해야 함,a 명사 related to 뜻을 확인해야 함,The guard is important.,guard(은) 는 중요하다.,학습,초등학교 6 학년 사회,,,"cartoon style, classroom, social studies, illustrate: The guard is important., safe for children, clear and simple","8 second video, cartoon style: 0-2s introduce scene, 2-6s show action from 'The guard is important.', 6-8s conclusion, safe for children, smooth animation",False,pending,success,0,,False
profit,뜻을 확인해야 함,명사,뜻을 확인해야 함,a 명사 related to 뜻을 확인해야 함,The profit is important.,profit(은) 는 중요하다.,관심사,스포츠,,,"cartoon style, sports field, active pose, illustrate: The profit is important., safe for children, clear and simple","8 second video, cartoon style: 0-2s introduce scene, 2-6s show action from 'The profit is important.', 6-8s conclusion, safe for children, smooth animation",False,pending,success,0,,False
deny,뜻을 확인해야 함,명사,뜻을 확인해야 함,a 명사 related to 뜻을 확인해야 함,The deny is important.,deny(은) 는 중요하다.,학습,초등학교 6 학년 과학,,,"cartoon style, laboratory, science experiment, illustrate: The deny is important., safe for children, clear and simple","8 second video, cartoon style: 0-2s introduce scene, 2-6s show action from 'The deny is important.', 6-8s conclusion, safe for children, smooth animation",False,pending,success,0,,False
opinion,뜻을 확인해야 함,명사,뜻을 확인해야 함,a 명사 related to 뜻을 확인해야 함,The opinion is important.,opinion(은) 는 중요하다.,관심사,게임,,,"cartoon style, bright colors, game scene, illustrate: The opinion is important., safe for children, clear and simple","8 second video, cartoon style: 0-2s introduce scene, 2-6s show action from 'The opinion is important.', 6-8s conclusion, safe for children, smooth animation",False,pending,success,0,,False
rural,뜻을 확인해야 함,명사,뜻을 확인해야 함,a 명사 related to 뜻을 확인해야 함,The rural is important.,rural(은) 는 중요하다.,학습,초등학교 6 학년 사회,,,"cartoon style, classroom, social studies, illustrate: The rural is important., safe for children, clear and simple","8 second video, cartoon style: 0-2s introduce scene, 2-6s show action from 'The rural is important.', 6-8s conclusion, safe for children, smooth animation",False,pending,success,0,,False
urban,뜻을 확인해야 함,명사,뜻을 확인해야 함,a 명사 related to 뜻을 확인해야 함,The urban is important.,urban(은) 는 중요하다.,관심사,코딩,,,"cartoon style, computer screen, coding interface, illustrate: The urban is important., safe for children, clear and simple","8 second video, cartoon style: 0-2s introduce scene, 2-6s show action from 'The urban is important.', 6-8s conclusion, safe for children, smooth animation",False,pending,success,0,,False
issue,뜻을 확인해야 함,명사,뜻을 확인해야 함,a 명사 related to 뜻을 확인해야 함,The issue is important.,issue(은) 는 중요하다.,학습,초등학교 6 학년 과학,,,"cartoon style, laboratory, science experiment, illustrate: The issue is important., safe for children, clear and simple","8 second video, cartoon style: 0-2s introduce scene, 2-6s show action from 'The issue is important.', 6-8s conclusion, safe for children, smooth animation",False,pending,success,0,,False
simplify,뜻을 확인해야 함,명사,뜻을 확인해야 함,a 명사 related to 뜻을 확인해야 함,The simplify is important.,simplify(은) 는 중요하다.,관심사,인공지능,,,"cartoon style, robot, futuristic, illustrate: The simplify is important., safe for children, clear and simple","8 second video, cartoon style: 0-2s introduce scene, 2-6s show action from 'The simplify is important.', 6-8s conclusion, safe for children, smooth animation",False,pending,success,0,,False
committee,뜻을 확인해야 함,명사,뜻을 확인해야 함,a 명사 related to 뜻을 확인해야 함,The committee is important.,committee(은) 는 중요하다.,학습,초등학교 6 학년 사회,,,"cartoon style, classroom, social studies, illustrate: The committee is important., safe for children, clear and simple","8 second video, cartoon style: 0-2s introduce scene, 2-6s show action from 'The committee is important.', 6-8s conclusion, safe for children, smooth animation",False,pending,success,0,,False
accompany,뜻을 확인해야 함,명사,뜻을 확인해야 함,a 명사 related to 뜻을 확인해야 함,The accompany is important.,accompany(은) 는 중요하다.,관심사,소설 쓰기,,,"cartoon style, writing desk, notebook, illustrate: The accompany is important., safe for children, clear and simple","8 second video, cartoon style: 0-2s introduce scene, 2-6s show action from 'The accompany is important.', 6-8s conclusion, safe for children, smooth animation",False,pending,success,0,,False
proportion,뜻을 확인해야 함,명사,뜻을 확인해야 함,a 명사 related to 뜻을 확인해야 함,The proportion is important.,proportion(은) 는 중요하다.,학습,초등학교 6 학년 과학,,,"cartoon style, laboratory, science experiment, illustrate: The proportion is important., safe for children, clear and simple","8 second video, cartoon style: 0-2s introduce scene, 2-6s show action from 'The proportion is important.', 6-8s conclusion, safe for children, smooth animation",False,pending,success,0,,False
household,뜻을 확인해야 함,명사,뜻을 확인해야 함,a 명사 related to 뜻을 확인해야 함,The household is important.,household(은) 는 중요하다.,관심사,음악,,,"cartoon style, musical instruments, stage, illustrate: The household is important., safe for children, clear and simple","8 second video, cartoon style: 0-2s introduce scene, 2-6s show action from 'The household is important.', 6-8s conclusion, safe for children, smooth animation",False,pending,success,0,,False
absence,뜻을 확인해야 함,명사,뜻을 확인해야 함,a 명사 related to 뜻을 확인해야 함,The absence is important.,absence(은) 는 중요하다.,학습,초등학교 6 학년 사회,,,"cartoon style, classroom, social studies, illustrate: The absence is important., safe for children, clear and simple","8 second video, cartoon style: 0-2s introduce scene, 2-6s show action from 'The absence is important.', 6-8s conclusion, safe for children, smooth animation",False,pending,success,0,,False
primary,뜻을 확인해야 함,명사,뜻을 확인해야 함,a 명사 related to 뜻을 확인해야 함,The primary is important.,primary(은) 는 중요하다.,관심사,스포츠,,,"cartoon style, sports field, active pose, illustrate: The primary is important., safe for children, clear and simple","8 second video, cartoon style: 0-2s introduce scene, 2-6s show action from 'The primary is important.', 6-8s conclusion, safe for children, smooth animation",False,pending,success,0,,False
spot,뜻을 확인해야 함,명사,뜻을 확인해야 함,a 명사 related to 뜻을 확인해야 함,The spot is important.,spot(은) 는 중요하다.,학습,초등학교 6 학년 과학,,,"cartoon style, laboratory, science experiment, illustrate: The spot is important., safe for children, clear and simple","8 second video, cartoon style: 0-2s introduce scene, 2-6s show action from 'The spot is important.', 6-8s conclusion, safe for children, smooth animation",False,pending,success,0,,False
bother,뜻을 확인해야 함,명사,뜻을 확인해야 함,a 명사 related to 뜻을 확인해야 함,The bother is important.,bother(은) 는 중요하다.,관심사,게임,,,"cartoon style, bright colors, game scene, illustrate: The bother is important., safe for children, clear and simple","8 second video, cartoon style: 0-2s introduce scene, 2-6s show action from 'The bother is important.', 6-8s conclusion, safe for children, smooth animation",False,pending,success,0,,False
border,뜻을 확인해야 함,명사,뜻을 확인해야 함,a 명사 related to 뜻을 확인해야 함,The border is important.,border(은) 는 중요하다.,학습,초등학교 6 학년 사회,,,"cartoon style, classroom, social studies, illustrate: The border is important., safe for children, clear and simple","8 second video, cartoon style: 0-2s introduce scene, 2-6s show action from 'The border is important.', 6-8s conclusion, safe for children, smooth animation",False,pending,success,0,,False
available,뜻을 확인해야 함,명사,뜻을 확인해야 함,a 명사 related to 뜻을 확인해야 함,The available is important.,available(은) 는 중요하다.,관심사,코딩,,,"cartoon style, computer screen, coding interface, illustrate: The available is important., safe for children, clear and simple","8 second video, cartoon style: 0-2s introduce scene, 2-6s show action from 'The available is important.', 6-8s conclusion, safe for children, smooth animation",False,pending,success,0,,False
harbor,뜻을 확인해야 함,명사,뜻을 확인해야 함,a 명사 related to 뜻을 확인해야 함,The harbor is important.,harbor(은) 는 중요하다.,학습,초등학교 6 학년 과학,,,"cartoon style, laboratory, science experiment, illustrate: The harbor is important., safe for children, clear and simple","8 second video, cartoon style: 0-2s introduce scene, 2-6s show action from 'The harbor is important.', 6-8s conclusion, safe for children, smooth animation",False,pending,success,0,,False
garage,뜻을 확인해야 함,명사,뜻을 확인해야 함,a 명사 related to 뜻을 확인해야 함,The garage is important.,garage(은) 는 중요하다.,관심사,인공지능,,,"cartoon style, robot, futuristic, illustrate: The garage is important., safe for children, clear and simple","8 second video, cartoon style: 0-2s introduce scene, 2-6s show action from 'The garage is important.', 6-8s conclusion, safe for children, smooth animation",False,pending,success,0,,False
notion,뜻을 확인해야 함,명사,뜻을 확인해야 함,a 명사 related to 뜻을 확인해야 함,The notion is important.,notion(은) 는 중요하다.,학습,초등학교 6 학년 사회,,,"cartoon style, classroom, social studies, illustrate: The notion is important., safe for children, clear and simple","8 second video, cartoon style: 0-2s introduce scene, 2-6s show action from 'The notion is important.', 6-8s conclusion, safe for children, smooth animation",False,pending,success,0,,False
suburb,뜻을 확인해야 함,명사,뜻을 확인해야 함,a 명사 related to 뜻을 확인해야 함,The suburb is important.,suburb(은) 는 중요하다.,관심사,소설 쓰기,,,"cartoon style, writing desk, notebook, illustrate: The suburb is important., safe for children, clear and simple","8 second video, cartoon style: 0-2s introduce scene, 2-6s show action from 'The suburb is important.', 6-8s conclusion, safe for children, smooth animation",False,pending,success,0,,False
resident,뜻을 확인해야 함,명사,뜻을 확인해야 함,a 명사 related to 뜻을 확인해야 함,The resident is important.,resident(은) 는 중요하다.,학습,초등학교 6 학년 과학,,,"cartoon style, laboratory, science experiment, illustrate: The resident is important., safe for children, clear and simple","8 second video, cartoon style: 0-2s introduce scene, 2-6s show action from 'The resident is important.', 6-8s conclusion, safe for children, smooth animation",False,pending,success,0,,False
investigate,뜻을 확인해야 함,명사,뜻을 확인해야 함,a 명사 related to 뜻을 확인해야 함,The investigate is important.,investigate(은) 는 중요하다.,관심사,음악,,,"cartoon style, musical instruments, stage, illustrate: The investigate is important., safe for children, clear and simple","8 second video, cartoon style: 0-2s introduce scene, 2-6s show action from 'The investigate is important.', 6-8s conclusion, safe for children, smooth animation",False,pending,success,0,,False
reinforce,뜻을 확인해야 함,명사,뜻을 확인해야 함,a 명사 related to 뜻을 확인해야 함,The reinforce is important.,reinforce(은) 는 중요하다.,학습,초등학교 6 학년 사회,,,"cartoon style, classroom, social studies, illustrate: The reinforce is important., safe for children, clear and simple","8 second video, cartoon style: 0-2s introduce scene, 2-6s show action from 'The reinforce is important.', 6-8s conclusion, safe for children, smooth animation",False,pending,success,0,,False
govern,뜻을 확인해야 함,명사,뜻을 확인해야 함,a 명사 related to 뜻을 확인해야 함,The govern is important.,govern(은) 는 중요하다.,관심사,스포츠,,,"cartoon style, sports field, active pose, illustrate: The govern is important., safe for children, clear and simple","8 second video, cartoon style: 0-2s introduce scene, 2-6s show action from 'The govern is important.', 6-8s conclusion, safe for children, smooth animation",False,pending,success,0,,False
rate,뜻을 확인해야 함,명사,뜻을 확인해야 함,a 명사 related to 뜻을 확인해야 함,The rate is important.,rate(은) 는 중요하다.,학습,초등학교 6 학년 과학,,,"cartoon style, laboratory, science experiment, illustrate: The rate is important., safe for children, clear and simple","8 second video, cartoon style: 0-2s introduce scene, 2-6s show action from 'The rate is important.', 6-8s conclusion, safe for children, smooth animation",False,pending,success,0,,False
economic,뜻을 확인해야 함,명사,뜻을 확인해야 함,a 명사 related to 뜻을 확인해야 함,The economic is important.,economic(은) 는 중요하다.,관심사,게임,,,"cartoon style, bright colors, game scene, illustrate: The economic is important., safe for children, clear and simple","8 second video, cartoon style: 0-2s introduce scene, 2-6s show action from 'The economic is important.', 6-8s conclusion, safe for children, smooth animation",False,pending,success,0,,False
budget,뜻을 확인해야 함,명사,뜻을 확인해야 함,a 명사 related to 뜻을 확인해야 함,The budget is important.,budget(은) 는 중요하다.,학습,초등학교 6 학년 사회,,,"cartoon style, classroom, social studies, illustrate: The budget is important., safe for children, clear and simple","8 second video, cartoon style: 0-2s introduce scene, 2-6s show action from 'The budget is important.', 6-8s conclusion, safe for children, smooth animation",False,pending,success,0,,False
possible,뜻을 확인해야 함,명사,뜻을 확인해야 함,a 명사 related to 뜻을 확인해야 함,The possible is important.,possible(은) 는 중요하다.,관심사,코딩,,,"cartoon style, computer screen, coding interface, illustrate: The possible is important., safe for children, clear and simple","8 second video, cartoon style: 0-2s introduce scene, 2-6s show action from 'The possible is important.', 6-8s conclusion, safe for children, smooth animation",False,pending,success,0,,False
income,뜻을 확인해야 함,명사,뜻을 확인해야 함,a 명사 related to 뜻을 확인해야 함,The income is important.,income(은) 는 중요하다.,학습,초등학교 6 학년 과학,,,"cartoon style, laboratory, science experiment, illustrate: The income is important., safe for children, clear and simple","8 second video, cartoon style: 0-2s introduce scene, 2-6s show action from 'The income is important.', 6-8s conclusion, safe for children, smooth animation",False,pending,success,0,,False
crisis,뜻을 확인해야 함,명사,뜻을 확인해야 함,a 명사 related to 뜻을 확인해야 함,The crisis is important.,crisis(은) 는 중요하다.,관심사,인공지능,,,"cartoon style, robot, futuristic, illustrate: The crisis is important., safe for children, clear and simple","8 second video, cartoon style: 0-2s introduce scene, 2-6s show action from 'The crisis is important.', 6-8s conclusion, safe for children, smooth animation",False,pending,success,0,,False
trade,뜻을 확인해야 함,명사,뜻을 확인해야 함,a 명사 related to 뜻을 확인해야 함,The trade is important.,trade(은) 는 중요하다.,학습,초등학교 6 학년 사회,,,"cartoon style, classroom, social studies, illustrate: The trade is important., safe for children, clear and simple","8 second video, cartoon style: 0-2s introduce scene, 2-6s show action from 'The trade is important.', 6-8s conclusion, safe for children, smooth animation",False,pending,success,0,,False
offer,뜻을 확인해야 함,명사,뜻을 확인해야 함,a 명사 related to 뜻을 확인해야 함,The offer is important.,offer(은) 는 중요하다.,관심사,소설 쓰기,,,"cartoon style, writing desk, notebook, illustrate: The offer is important., safe for children, clear and simple","8 second video, cartoon style: 0-2s introduce scene, 2-6s show action from 'The offer is important.', 6-8s conclusion, safe for children, smooth animation",False,pending,success,0,,False
specific,뜻을 확인해야 함,명사,뜻을 확인해야 함,a 명사 related to 뜻을 확인해야 함,The specific is important.,specific(은) 는 중요하다.,학습,초등학교 6 학년 과학,,,"cartoon style, laboratory, science experiment, illustrate: The specific is important., safe for children, clear and simple","8 second video, cartoon style: 0-2s introduce scene, 2-6s show action from 'The specific is important.', 6-8s conclusion, safe for children, smooth animation",False,pending,success,0,,False
several,뜻을 확인해야 함,명사,뜻을 확인해야 함,a 명사 related to 뜻을 확인해야 함,The several is important.,several(은) 는 중요하다.,관심사,음악,,,"cartoon style, musical instruments, stage, illustrate: The several is important., safe for children, clear and simple","8 second video, cartoon style: 0-2s introduce scene, 2-6s show action from 'The several is important.', 6-8s conclusion, safe for children, smooth animation",False,pending,success,0,,False
severe,뜻을 확인해야 함,명사,뜻을 확인해야 함,a 명사 related to 뜻을 확인해야 함,The severe is important.,severe(은) 는 중요하다.,학습,초등학교 6 학년 사회,,,"cartoon style, classroom, social studies, illustrate: The severe is important., safe for children, clear and simple","8 second video, cartoon style: 0-2s introduce scene, 2-6s show action from 'The severe is important.', 6-8s conclusion, safe for children, smooth animation",False,pending,success,0,,False
invest,뜻을 확인해야 함,명사,뜻을 확인해야 함,a 명사 related to 뜻을 확인해야 함,The invest is important.,invest(은) 는 중요하다.,관심사,스포츠,,,"cartoon style, sports field, active pose, illustrate: The invest is important., safe for children, clear and simple","8 second video, cartoon style: 0-2s introduce scene, 2-6s show action from 'The invest is important.', 6-8s conclusion, safe for children, smooth animation",False,pending,success,0,,False
wealth,뜻을 확인해야 함,명사,뜻을 확인해야 함,a 명사 related to 뜻을 확인해야 함,The wealth is important.,wealth(은) 는 중요하다.,학습,초등학교 6 학년 과학,,,"cartoon style, laboratory, science experiment, illustrate: The wealth is important., safe for children, clear and simple","8 second video, cartoon style: 0-2s introduce scene, 2-6s show action from 'The wealth is important.', 6-8s conclusion, safe for children, smooth animation",False,pending,success,0,,False
provide,뜻을 확인해야 함,명사,뜻을 확인해야 함,a 명사 related to 뜻을 확인해야 함,The provide is important.,provide(은) 는 중요하다.,관심사,게임,,,"cartoon style, bright colors, game scene, illustrate: The provide is important., safe for children, clear and simple","8 second video, cartoon style: 0-2s introduce scene, 2-6s show action from 'The provide is important.', 6-8s conclusion, safe for children, smooth animation",False,pending,success,0,,False
merchant,뜻을 확인해야 함,명사,뜻을 확인해야 함,a 명사 related to 뜻을 확인해야 함,The merchant is important.,merchant(은) 는 중요하다.,학습,초등학교 6 학년 사회,,,"cartoon style, classroom, social studies, illustrate: The merchant is important., safe for children, clear and simple","8 second video, cartoon style: 0-2s introduce scene, 2-6s show action from 'The merchant is important.', 6-8s conclusion, safe for children, smooth animation",False,pending,success,0,,False
finance,뜻을 확인해야 함,명사,뜻을 확인해야 함,a 명사 related to 뜻을 확인해야 함,The finance is important.,finance(은) 는 중요하다.,관심사,코딩,,,"cartoon style, computer screen, coding interface, illustrate: The finance is important., safe for children, clear and simple","8 second video, cartoon style: 0-2s introduce scene, 2-6s show action from 'The finance is important.', 6-8s conclusion, safe for children, smooth animation",False,pending,success,0,,False
derive,뜻을 확인해야 함,명사,뜻을 확인해야 함,a 명사 related to 뜻을 확인해야 함,The derive is important.,derive(은) 는 중요하다.,학습,초등학교 6 학년 과학,,,"cartoon style, laboratory, science experiment, illustrate: The derive is important., safe for children, clear and simple","8 second video, cartoon style: 0-2s introduce scene, 2-6s show action from 'The derive is important.', 6-8s conclusion, safe for children, smooth animation",False,pending,success,0,,False
credit,뜻을 확인해야 함,명사,뜻을 확인해야 함,a 명사 related to 뜻을 확인해야 함,The credit is important.,credit(은) 는 중요하다.,관심사,인공지능,,,"cartoon style, robot, futuristic, illustrate: The credit is important., safe for children, clear and simple","8 second video, cartoon style: 0-2s introduce scene, 2-6s show action from 'The credit is important.', 6-8s conclusion, safe for children, smooth animation",False,pending,success,0,,False
substitute,뜻을 확인해야 함,명사,뜻을 확인해야 함,a 명사 related to 뜻을 확인해야 함,The substitute is important.,substitute(은) 는 중요하다.,학습,초등학교 6 학년 사회,,,"cartoon style, classroom, social studies, illustrate: The substitute is important., safe for children, clear and simple","8 second video, cartoon style: 0-2s introduce scene, 2-6s show action from 'The substitute is important.', 6-8s conclusion, safe for children, smooth animation",False,pending,success,0,,False
debt,뜻을 확인해야 함,명사,뜻을 확인해야 함,a 명사 related to 뜻을 확인해야 함,The debt is important.,debt(은) 는 중요하다.,관심사,소설 쓰기,,,"cartoon style, writing desk, notebook, illustrate: The debt is important., safe for children, clear and simple","8 second video, cartoon style: 0-2s introduce scene, 2-6s show action from 'The debt is important.', 6-8s conclusion, safe for children, smooth animation",False,pending,success,0,,False
bill,뜻을 확인해야 함,명사,뜻을 확인해야 함,a 명사 related to 뜻을 확인해야 함,The bill is important.,bill(은) 는 중요하다.,학습,초등학교 6 학년 과학,,,"cartoon style, laboratory, science experiment, illustrate: The bill is important., safe for children, clear and simple","8 second video, cartoon style: 0-2s introduce scene, 2-6s show action from 'The bill is important.', 6-8s conclusion, safe for children, smooth animation",False,pending,success,0,,False
cancel,뜻을 확인해야 함,명사,뜻을 확인해야 함,a 명사 related to 뜻을 확인해야 함,The cancel is important.,cancel(은) 는 중요하다.,관심사,음악,,,"cartoon style, musical instruments, stage, illustrate: The cancel is important., safe for children, clear and simple","8 second video, cartoon style: 0-2s introduce scene, 2-6s show action from 'The cancel is important.', 6-8s conclusion, safe for children, smooth animation",False,pending,success,0,,False
replace,뜻을 확인해야 함,명사,뜻을 확인해야 함,a 명사 related to 뜻을 확인해야 함,The replace is important.,replace(은) 는 중요하다.,학습,초등학교 6 학년 사회,,,"cartoon style, classroom, social studies, illustrate: The replace is important., safe for children, clear and simple","8 second video, cartoon style: 0-2s introduce scene, 2-6s show action from 'The replace is important.', 6-8s conclusion, safe for children, smooth animation",False,pending,success,0,,False
property,뜻을 확인해야 함,명사,뜻을 확인해야 함,a 명사 related to 뜻을 확인해야 함,The property is important.,property(은) 는 중요하다.,관심사,스포츠,,,"cartoon style, sports field, active pose, illustrate: The property is important., safe for children, clear and simple","8 second video, cartoon style: 0-2s introduce scene, 2-6s show action from 'The property is important.', 6-8s conclusion, safe for children, smooth animation",False,pending,success,0,,False
refund,뜻을 확인해야 함,명사,뜻을 확인해야 함,a 명사 related to 뜻을 확인해야 함,The refund is important.,refund(은) 는 중요하다.,학습,초등학교 6 학년 과학,,,"cartoon style, laboratory, science experiment, illustrate: The refund is important., safe for children, clear and simple","8 second video, cartoon style: 0-2s introduce scene, 2-6s show action from 'The refund is important.', 6-8s conclusion, safe for children, smooth animation",False,pending,success,0,,False
branch,뜻을 확인해야 함,명사,뜻을 확인해야 함,a 명사 related to 뜻을 확인해야 함,The branch is important.,branch(은) 는 중요하다.,관심사,게임,,,"cartoon style, bright colors, game scene, illustrate: The branch is important., safe for children, clear and simple","8 second video, cartoon style: 0-2s introduce scene, 2-6s show action from 'The branch is important.', 6-8s conclusion, safe for children, smooth animation",False,pending,success,0,,False
recover,뜻을 확인해야 함,명사,뜻을 확인해야 함,a 명사 related to 뜻을 확인해야 함,The recover is important.,recover(은) 는 중요하다.,학습,초등학교 6 학년 사회,,,"cartoon style, classroom, social studies, illustrate: The recover is important., safe for children, clear and simple","8 second video, cartoon style: 0-2s introduce scene, 2-6s show action from 'The recover is important.', 6-8s conclusion, safe for children, smooth animation",False,pending,success,0,,False
hardship,뜻을 확인해야 함,명사,뜻을 확인해야 함,a 명사 related to 뜻을 확인해야 함,The hardship is important.,hardship(은) 는 중요하다.,관심사,코딩,,,"cartoon style, computer screen, coding interface, illustrate: The hardship is important., safe for children, clear and simple","8 second video, cartoon style: 0-2s introduce scene, 2-6s show action from 'The hardship is important.', 6-8s conclusion, safe for children, smooth animation",False,pending,success,0,,False
assemble,뜻을 확인해야 함,명사,뜻을 확인해야 함,a 명사 related to 뜻을 확인해야 함,The assemble is important.,assemble(은) 는 중요하다.,학습,초등학교 6 학년 과학,,,"cartoon style, laboratory, science experiment, illustrate: The assemble is important., safe for children, clear and simple","8 second video, cartoon style: 0-2s introduce scene, 2-6s show action from 'The assemble is important.', 6-8s conclusion, safe for children, smooth animation",False,pending,success,0,,False
proceed,뜻을 확인해야 함,명사,뜻을 확인해야 함,a 명사 related to 뜻을 확인해야 함,The proceed is important.,proceed(은) 는 중요하다.,관심사,인공지능,,,"cartoon style, robot, futuristic, illustrate: The proceed is important., safe for children, clear and simple","8 second video, cartoon style: 0-2s introduce scene, 2-6s show action from 'The proceed is important.', 6-8s conclusion, safe for children, smooth animation",False,pending,success,0,,False
precede,뜻을 확인해야 함,명사,뜻을 확인해야 함,a 명사 related to 뜻을 확인해야 함,The precede is important.,precede(은) 는 중요하다.,학습,초등학교 6 학년 사회,,,"cartoon style, classroom, social studies, illustrate: The precede is important., safe for children, clear and simple","8 second video, cartoon style: 0-2s introduce scene, 2-6s show action from 'The precede is important.', 6-8s conclusion, safe for children, smooth animation",False,pending,success,0,,False
stir,뜻을 확인해야 함,명사,뜻을 확인해야 함,a 명사 related to 뜻을 확인해야 함,The stir is important.,stir(은) 는 중요하다.,관심사,소설 쓰기,,,"cartoon style, writing desk, notebook, illustrate: The stir is important., safe for children, clear and simple","8 second video, cartoon style: 0-2s introduce scene, 2-6s show action from 'The stir is important.', 6-8s conclusion, safe for children, smooth animation",False,pending,success,0,,False
independent,뜻을 확인해야 함,명사,뜻을 확인해야 함,a 명사 related to 뜻을 확인해야 함,The independent is important.,independent(은) 는 중요하다.,학습,초등학교 6 학년 과학,,,"cartoon style, laboratory, science experiment, illustrate: The independent is important., safe for children, clear and simple","8 second video, cartoon style: 0-2s introduce scene, 2-6s show action from 'The independent is important.', 6-8s conclusion, safe for children, smooth animation",False,pending,success,0,,False
overall,뜻을 확인해야 함,명사,뜻을 확인해야 함,a 명사 related to 뜻을 확인해야 함,The overall is important.,overall(은) 는 중요하다.,관심사,음악,,,"cartoon style, musical instruments, stage, illustrate: The overall is important., safe for children, clear and simple","8 second video, cartoon style: 0-2s introduce scene, 2-6s show action from 'The overall is important.', 6-8s conclusion, safe for children, smooth animation",False,pending,success,0,,False
approach,뜻을 확인해야 함,명사,뜻을 확인해야 함,a 명사 related to 뜻을 확인해야 함,The approach is important.,approach(은) 는 중요하다.,학습,초등학교 6 학년 사회,,,"cartoon style, classroom, social studies, illustrate: The approach is important., safe for children, clear and simple","8 second video, cartoon style: 0-2s introduce scene, 2-6s show action from 'The approach is important.', 6-8s conclusion, safe for children, smooth animation",False,pending,success,0,,False
challenge,뜻을 확인해야 함,명사,뜻을 확인해야 함,a 명사 related to 뜻을 확인해야 함,The challenge is important.,challenge(은) 는 중요하다.,관심사,스포츠,,,"cartoon style, sports field, active pose, illustrate: The challenge is important., safe for children, clear and simple","8 second video, cartoon style: 0-2s introduce scene, 2-6s show action from 'The challenge is important.', 6-8s conclusion, safe for children, smooth animation",False,pending,success,0,,False
impact,뜻을 확인해야 함,명사,뜻을 확인해야 함,a 명사 related to 뜻을 확인해야 함,The impact is important.,impact(은) 는 중요하다.,학습,초등학교 6 학년 과학,,,"cartoon style, laboratory, science experiment, illustrate: The impact is important., safe for children, clear and simple","8 second video, cartoon style: 0-2s introduce scene, 2-6s show action from 'The impact is important.', 6-8s conclusion, safe for children, smooth animation",False,pending,success,0,,False
accelerate,뜻을 확인해야 함,명사,뜻을 확인해야 함,a 명사 related to 뜻을 확인해야 함,The accelerate is important.,accelerate(은) 는 중요하다.,관심사,게임,,,"cartoon style, bright colors, game scene, illustrate: The accelerate is important., safe for children, clear and simple","8 second video, cartoon style: 0-2s introduce scene, 2-6s show action from 'The accelerate is important.', 6-8s conclusion, safe for children, smooth animation",False,pending,success,0,,False
collapse,뜻을 확인해야 함,명사,뜻을 확인해야 함,a 명사 related to 뜻을 확인해야 함,The collapse is important.,collapse(은) 는 중요하다.,학습,초등학교 6 학년 사회,,,"cartoon style, classroom, social studies, illustrate: The collapse is important., safe for children, clear and simple","8 second video, cartoon style: 0-2s introduce scene, 2-6s show action from 'The collapse is important.', 6-8s conclusion, safe for children, smooth animation",False,pending,success,0,,False
purchase,뜻을 확인해야 함,명사,뜻을 확인해야 함,a 명사 related to 뜻을 확인해야 함,The purchase is important.,purchase(은) 는 중요하다.,관심사,코딩,,,"cartoon style, computer screen, coding interface, illustrate: The purchase is important., safe for children, clear and simple","8 second video, cartoon style: 0-2s introduce scene, 2-6s show action from 'The purchase is important.', 6-8s conclusion, safe for children, smooth animation",False,pending,success,0,,False
account,뜻을 확인해야 함,명사,뜻을 확인해야 함,a 명사 related to 뜻을 확인해야 함,The account is important.,account(은) 는 중요하다.,학습,초등학교 6 학년 과학,,,"cartoon style, laboratory, science experiment, illustrate: The account is important., safe for children, clear and simple","8 second video, cartoon style: 0-2s introduce scene, 2-6s show action from 'The account is important.', 6-8s conclusion, safe for children, smooth animation",False,pending,success,0,,False
industry,뜻을 확인해야 함,명사,뜻을 확인해야 함,a 명사 related to 뜻을 확인해야 함,The industry is important.,industry(은) 는 중요하다.,관심사,인공지능,,,"cartoon style, robot, futuristic, illustrate: The industry is important., safe for children, clear and simple","8 second video, cartoon style: 0-2s introduce scene, 2-6s show action from 'The industry is important.', 6-8s conclusion, safe for children, smooth animation",False,pending,success,0,,False
policy,뜻을 확인해야 함,명사,뜻을 확인해야 함,a 명사 related to 뜻을 확인해야 함,The policy is important.,policy(은) 는 중요하다.,학습,초등학교 6 학년 사회,,,"cartoon style, classroom, social studies, illustrate: The policy is important., safe for children, clear and simple","8 second video, cartoon style: 0-2s introduce scene, 2-6s show action from 'The policy is important.', 6-8s conclusion, safe for children, smooth animation",False,pending,success,0,,False
commercial,뜻을 확인해야 함,명사,뜻을 확인해야 함,a 명사 related to 뜻을 확인해야 함,The commercial is important.,commercial(은) 는 중요하다.,관심사,소설 쓰기,,,"cartoon style, writing desk, notebook, illustrate: The commercial is important., safe for children, clear and simple","8 second video, cartoon style: 0-2s introduce scene, 2-6s show action from 'The commercial is important.', 6-8s conclusion, safe for children, smooth animation",False,pending,success,0,,False
convey,뜻을 확인해야 함,명사,뜻을 확인해야 함,a 명사 related to 뜻을 확인해야 함,The convey is important.,convey(은) 는 중요하다.,학습,초등학교 6 학년 과학,,,"cartoon style, laboratory, science experiment, illustrate: The convey is important., safe for children, clear and simple","8 second video, cartoon style: 0-2s introduce scene, 2-6s show action from 'The convey is important.', 6-8s conclusion, safe for children, smooth animation",False,pending,success,0,,False
international,뜻을 확인해야 함,명사,뜻을 확인해야 함,a 명사 related to 뜻을 확인해야 함,The international is important.,international(은) 는 중요하다.,관심사,음악,,,"cartoon style, musical instruments, stage, illustrate: The international is important., safe for children, clear and simple","8 second video, cartoon style: 0-2s introduce scene, 2-6s show action from 'The international is important.', 6-8s conclusion, safe for children, smooth animation",False,pending,success,0,,False
reveal,뜻을 확인해야 함,명사,뜻을 확인해야 함,a 명사 related to 뜻을 확인해야 함,The reveal is important.,reveal(은) 는 중요하다.,학습,초등학교 6 학년 사회,,,"cartoon style, classroom, social studies, illustrate: The reveal is important., safe for children, clear and simple","8 second video, cartoon style: 0-2s introduce scene, 2-6s show action from 'The reveal is important.', 6-8s conclusion, safe for children, smooth animation",False,pending,success,0,,False
increase,뜻을 확인해야 함,명사,뜻을 확인해야 함,a 명사 related to 뜻을 확인해야 함,The increase is important.,increase(은) 는 중요하다.,관심사,스포츠,,,"cartoon style, sports field, active pose, illustrate: The increase is important., safe for children, clear and simple","8 second video, cartoon style: 0-2s introduce scene, 2-6s show action from 'The increase is important.', 6-8s conclusion, safe for children, smooth animation",False,pending,success,0,,False
depend,뜻을 확인해야 함,명사,뜻을 확인해야 함,a 명사 related to 뜻을 확인해야 함,The depend is important.,depend(은) 는 중요하다.,학습,초등학교 6 학년 과학,,,"cartoon style, laboratory, science experiment, illustrate: The depend is important., safe for children, clear and simple","8 second video, cartoon style: 0-2s introduce scene, 2-6s show action from 'The depend is important.', 6-8s conclusion, safe for children, smooth animation",False,pending,success,0,,False
transfer,뜻을 확인해야 함,명사,뜻을 확인해야 함,a 명사 related to 뜻을 확인해야 함,The transfer is important.,transfer(은) 는 중요하다.,관심사,게임,,,"cartoon style, bright colors, game scene, illustrate: The transfer is important., safe for children, clear and simple","8 second video, cartoon style: 0-2s introduce scene, 2-6s show action from 'The transfer is important.', 6-8s conclusion, safe for children, smooth animation",False,pending,success,0,,False
transform,뜻을 확인해야 함,명사,뜻을 확인해야 함,a 명사 related to 뜻을 확인해야 함,The transform is important.,transform(은) 는 중요하다.,학습,초등학교 6 학년 사회,,,"cartoon style, classroom, social studies, illustrate: The transform is important., safe for children, clear and simple","8 second video, cartoon style: 0-2s introduce scene, 2-6s show action from 'The transform is important.', 6-8s conclusion, safe for children, smooth animation",False,pending,success,0,,False
launch,뜻을 확인해야 함,명사,뜻을 확인해야 함,a 명사 related to 뜻을 확인해야 함,The launch is important.,launch(은) 는 중요하다.,관심사,코딩,,,"cartoon style, computer screen, coding interface, illustrate: The launch is important., safe for children, clear and simple","8 second video, cartoon style: 0-2s introduce scene, 2-6s show action from 'The launch is important.', 6-8s conclusion, safe for children, smooth animation",False,pending,success,0,,False
deliver,뜻을 확인해야 함,명사,뜻을 확인해야 함,a 명사 related to 뜻을 확인해야 함,The deliver is important.,deliver(은) 는 중요하다.,학습,초등학교 6 학년 과학,,,"cartoon style, laboratory, science experiment, illustrate: The deliver is important., safe for children, clear and simple","8 second video, cartoon style: 0-2s introduce scene, 2-6s show action from 'The deliver is important.', 6-8s conclusion, safe for children, smooth animation",False,pending,success,0,,False
measure,뜻을 확인해야 함,명사,뜻을 확인해야 함,a 명사 related to 뜻을 확인해야 함,The measure is important.,measure(은) 는 중요하다.,관심사,인공지능,,,"cartoon style, robot, futuristic, illustrate: The measure is important., safe for children, clear and simple","8 second video, cartoon style: 0-2s introduce scene, 2-6s show action from 'The measure is important.', 6-8s conclusion, safe for children, smooth animation",False,pending,success,0,,False
claim,뜻을 확인해야 함,명사,뜻을 확인해야 함,a 명사 related to 뜻을 확인해야 함,The claim is important.,claim(은) 는 중요하다.,학습,초등학교 6 학년 사회,,,"cartoon style, classroom, social studies, illustrate: The claim is important., safe for children, clear and simple","8 second video, cartoon style: 0-2s introduce scene, 2-6s show action from 'The claim is important.', 6-8s conclusion, safe for children, smooth animation",False,pending,success,0,,False
satisfy,뜻을 확인해야 함,명사,뜻을 확인해야 함,a 명사 related to 뜻을 확인해야 함,The satisfy is important.,satisfy(은) 는 중요하다.,관심사,소설 쓰기,,,"cartoon style, writing desk, notebook, illustrate: The satisfy is important., safe for children, clear and simple","8 second video, cartoon style: 0-2s introduce scene, 2-6s show action from 'The satisfy is important.', 6-8s conclusion, safe for children, smooth animation",False,pending,success,0,,False
opposite,뜻을 확인해야 함,명사,뜻을 확인해야 함,a 명사 related to 뜻을 확인해야 함,The opposite is important.,opposite(은) 는 중요하다.,학습,초등학교 6 학년 과학,,,"cartoon style, laboratory, science experiment, illustrate: The opposite is important., safe for children, clear and simple","8 second video, cartoon style: 0-2s introduce scene, 2-6s show action from 'The opposite is important.', 6-8s conclusion, safe for children, smooth animation",False,pending,success,0,,False
strategy,뜻을 확인해야 함,명사,뜻을 확인해야 함,a 명사 related to 뜻을 확인해야 함,The strategy is important.,strategy(은) 는 중요하다.,관심사,음악,,,"cartoon style, musical instruments, stage, illustrate: The strategy is important., safe for children, clear and simple","8 second video, cartoon style: 0-2s introduce scene, 2-6s show action from 'The strategy is important.', 6-8s conclusion, safe for children, smooth animation",False,pending,success,0,,False
import,뜻을 확인해야 함,명사,뜻을 확인해야 함,a 명사 related to 뜻을 확인해야 함,The import is important.,import(은) 는 중요하다.,학습,초등학교 6 학년 사회,,,"cartoon style, classroom, social studies, illustrate: The import is important., safe for children, clear and simple","8 second video, cartoon style: 0-2s introduce scene, 2-6s show action from 'The import is important.', 6-8s conclusion, safe for children, smooth animation",False,pending,success,0,,False
trap,뜻을 확인해야 함,명사,뜻을 확인해야 함,a 명사 related to 뜻을 확인해야 함,The trap is important.,trap(은) 는 중요하다.,관심사,스포츠,,,"cartoon style, sports field, active pose, illustrate: The trap is important., safe for children, clear and simple","8 second video, cartoon style: 0-2s introduce scene, 2-6s show action from 'The trap is important.', 6-8s conclusion, safe for children, smooth animation",False,pending,success,0,,False
present,뜻을 확인해야 함,명사,뜻을 확인해야 함,a 명사 related to 뜻을 확인해야 함,The present is important.,present(은) 는 중요하다.,학습,초등학교 6 학년 과학,,,"cartoon style, laboratory, science experiment, illustrate: The present is important., safe for children, clear and simple","8 second video, cartoon style: 0-2s introduce scene, 2-6s show action from 'The present is important.', 6-8s conclusion, safe for children, smooth animation",False,pending,success,0,,False
consult,뜻을 확인해야 함,명사,뜻을 확인해야 함,a 명사 related to 뜻을 확인해야 함,The consult is important.,consult(은) 는 중요하다.,관심사,게임,,,"cartoon style, bright colors, game scene, illustrate: The consult is important., safe for children, clear and simple","8 second video, cartoon style: 0-2s introduce scene, 2-6s show action from 'The consult is important.', 6-8s conclusion, safe for children, smooth animation",False,pending,success,0,,False
organic,뜻을 확인해야 함,명사,뜻을 확인해야 함,a 명사 related to 뜻을 확인해야 함,The organic is important.,organic(은) 는 중요하다.,학습,초등학교 6 학년 사회,,,"cartoon style, classroom, social studies, illustrate: The organic is important., safe for children, clear and simple","8 second video, cartoon style: 0-2s introduce scene, 2-6s show action from 'The organic is important.', 6-8s conclusion, safe for children, smooth animation",False,pending,success,0,,False
manufacture,뜻을 확인해야 함,명사,뜻을 확인해야 함,a 명사 related to 뜻을 확인해야 함,The manufacture is important.,manufacture(은) 는 중요하다.,관심사,코딩,,,"cartoon style, computer screen, coding interface, illustrate: The manufacture is important., safe for children, clear and simple","8 second video, cartoon style: 0-2s introduce scene, 2-6s show action from 'The manufacture is important.', 6-8s conclusion, safe for children, smooth animation",False,pending,success,0,,False
negative,뜻을 확인해야 함,명사,뜻을 확인해야 함,a 명사 related to 뜻을 확인해야 함,The negative is important.,negative(은) 는 중요하다.,학습,초등학교 6 학년 과학,,,"cartoon style, laboratory, science experiment, illustrate: The negative is important., safe for children, clear and simple","8 second video, cartoon style: 0-2s introduce scene, 2-6s show action from 'The negative is important.', 6-8s conclusion, safe for children, smooth animation",False,pending,success,0,,False
peasant,뜻을 확인해야 함,명사,뜻을 확인해야 함,a 명사 related to 뜻을 확인해야 함,The peasant is important.,peasant(은) 는 중요하다.,관심사,인공지능,,,"cartoon style, robot, futuristic, illustrate: The peasant is important., safe for children, clear and simple","8 second video, cartoon style: 0-2s introduce scene, 2-6s show action from 'The peasant is important.', 6-8s conclusion, safe for children, smooth animation",False,pending,success,0,,False
agriculture,뜻을 확인해야 함,명사,뜻을 확인해야 함,a 명사 related to 뜻을 확인해야 함,The agriculture is important.,agriculture(은) 는 중요하다.,학습,초등학교 6 학년 사회,,,"cartoon style, classroom, social studies, illustrate: The agriculture is important., safe for children, clear and simple","8 second video, cartoon style: 0-2s introduce scene, 2-6s show action from 'The agriculture is important.', 6-8s conclusion, safe for children, smooth animation",False,pending,success,0,,False
alter,뜻을 확인해야 함,명사,뜻을 확인해야 함,a 명사 related to 뜻을 확인해야 함,The alter is important.,alter(은) 는 중요하다.,관심사,소설 쓰기,,,"cartoon style, writing desk, notebook, illustrate: The alter is important., safe for children, clear and simple","8 second video, cartoon style: 0-2s introduce scene, 2-6s show action from 'The alter is important.', 6-8s conclusion, safe for children, smooth animation",False,pending,success,0,,False
combine,뜻을 확인해야 함,명사,뜻을 확인해야 함,a 명사 related to 뜻을 확인해야 함,The combine is important.,combine(은) 는 중요하다.,학습,초등학교 6 학년 과학,,,"cartoon style, laboratory, science experiment, illustrate: The combine is important., safe for children, clear and simple","8 second video, cartoon style: 0-2s introduce scene, 2-6s show action from 'The combine is important.', 6-8s conclusion, safe for children, smooth animation",False,pending,success,0,,False
compete,뜻을 확인해야 함,명사,뜻을 확인해야 함,a 명사 related to 뜻을 확인해야 함,The compete is important.,compete(은) 는 중요하다.,관심사,음악,,,"cartoon style, musical instruments, stage, illustrate: The compete is important., safe for children, clear and simple","8 second video, cartoon style: 0-2s introduce scene, 2-6s show action from 'The compete is important.', 6-8s conclusion, safe for children, smooth animation",False,pending,success,0,,False
complete,뜻을 확인해야 함,명사,뜻을 확인해야 함,a 명사 related to 뜻을 확인해야 함,The complete is important.,complete(은) 는 중요하다.,학습,초등학교 6 학년 사회,,,"cartoon style, classroom, social studies, illustrate: The complete is important., safe for children, clear and simple","8 second video, cartoon style: 0-2s introduce scene, 2-6s show action from 'The complete is important.', 6-8s conclusion, safe for children, smooth animation",False,pending,success,0,,False
advance,뜻을 확인해야 함,명사,뜻을 확인해야 함,a 명사 related to 뜻을 확인해야 함,The advance is important.,advance(은) 는 중요하다.,관심사,스포츠,,,"cartoon style, sports field, active pose, illustrate: The advance is important., safe for children, clear and simple","8 second video, cartoon style: 0-2s introduce scene, 2-6s show action from 'The advance is important.', 6-8s conclusion, safe for children, smooth animation",False,pending,success,0,,False
imply,뜻을 확인해야 함,명사,뜻을 확인해야 함,a 명사 related to 뜻을 확인해야 함,The imply is important.,imply(은) 는 중요하다.,학습,초등학교 6 학년 과학,,,"cartoon style, laboratory, science experiment, illustrate: The imply is important., safe for children, clear and simple","8 second video, cartoon style: 0-2s introduce scene, 2-6s show action from 'The imply is important.', 6-8s conclusion, safe for children, smooth animation",False,pending,success,0,,False
guarantee,뜻을 확인해야 함,명사,뜻을 확인해야 함,a 명사 related to 뜻을 확인해야 함,The guarantee is important.,guarantee(은) 는 중요하다.,관심사,게임,,,"cartoon style, bright colors, game scene, illustrate: The guarantee is important., safe for children, clear and simple","8 second video, cartoon style: 0-2s introduce scene, 2-6s show action from 'The guarantee is important.', 6-8s conclusion, safe for children, smooth animation",False,pending,success,0,,False
chief,뜻을 확인해야 함,명사,뜻을 확인해야 함,a 명사 related to 뜻을 확인해야 함,The chief is important.,chief(은) 는 중요하다.,학습,초등학교 6 학년 사회,,,"cartoon style, classroom, social studies, illustrate: The chief is important., safe for children, clear and simple","8 second video, cartoon style: 0-2s introduce scene, 2-6s show action from 'The chief is important.', 6-8s conclusion, safe for children, smooth animation",False,pending,success,0,,False
thrive,뜻을 확인해야 함,명사,뜻을 확인해야 함,a 명사 related to 뜻을 확인해야 함,The thrive is important.,thrive(은) 는 중요하다.,관심사,코딩,,,"cartoon style, computer screen, coding interface, illustrate: The thrive is important., safe for children, clear and simple","8 second video, cartoon style: 0-2s introduce scene, 2-6s show action from 'The thrive is important.', 6-8s conclusion, safe for children, smooth animation",False,pending,success,0,,False
gain,뜻을 확인해야 함,명사,뜻을 확인해야 함,a 명사 related to 뜻을 확인해야 함,The gain is important.,gain(은) 는 중요하다.,학습,초등학교 6 학년 과학,,,"cartoon style, laboratory, science experiment, illustrate: The gain is important., safe for children, clear and simple","8 second video, cartoon style: 0-2s introduce scene, 2-6s show action from 'The gain is important.', 6-8s conclusion, safe for children, smooth animation",False,pending,success,0,,False
overlook,뜻을 확인해야 함,명사,뜻을 확인해야 함,a 명사 related to 뜻을 확인해야 함,The overlook is important.,overlook(은) 는 중요하다.,관심사,인공지능,,,"cartoon style, robot, futuristic, illustrate: The overlook is important., safe for children, clear and simple","8 second video, cartoon style: 0-2s introduce scene, 2-6s show action from 'The overlook is important.', 6-8s conclusion, safe for children, smooth animation",False,pending,success,0,,False
disappear,뜻을 확인해야 함,명사,뜻을 확인해야 함,a 명사 related to 뜻을 확인해야 함,The disappear is important.,disappear(은) 는 중요하다.,학습,초등학교 6 학년 사회,,,"cartoon style, classroom, social studies, illustrate: The disappear is important., safe for children, clear and simple","8 second video, cartoon style: 0-2s introduce scene, 2-6s show action from 'The disappear is important.', 6-8s conclusion, safe for children, smooth animation",False,pending,success,0,,False
initial,뜻을 확인해야 함,명사,뜻을 확인해야 함,a 명사 related to 뜻을 확인해야 함,The initial is important.,initial(은) 는 중요하다.,관심사,소설 쓰기,,,"cartoon style, writing desk, notebook, illustrate: The initial is important., safe for children, clear and simple","8 second video, cartoon style: 0-2s introduce scene, 2-6s show action from 'The initial is important.', 6-8s conclusion, safe for children, smooth animation",False,pending,success,0,,False
domestic,뜻을 확인해야 함,명사,뜻을 확인해야 함,a 명사 related to 뜻을 확인해야 함,The domestic is important.,domestic(은) 는 중요하다.,학습,초등학교 6 학년 과학,,,"cartoon style, laboratory, science experiment, illustrate: The domestic is important., safe for children, clear and simple","8 second video, cartoon style: 0-2s introduce scene, 2-6s show action from 'The domestic is important.', 6-8s conclusion, safe for children, smooth animation",False,pending,success,0,,False
magazine,뜻을 확인해야 함,명사,뜻을 확인해야 함,a 명사 related to 뜻을 확인해야 함,The magazine is important.,magazine(은) 는 중요하다.,관심사,음악,,,"cartoon style, musical instruments, stage, illustrate: The magazine is important., safe for children, clear and simple","8 second video, cartoon style: 0-2s introduce scene, 2-6s show action from 'The magazine is important.', 6-8s conclusion, safe for children, smooth animation",False,pending,success,0,,False
article,뜻을 확인해야 함,명사,뜻을 확인해야 함,a 명사 related to 뜻을 확인해야 함,The article is important.,article(은) 는 중요하다.,학습,초등학교 6 학년 사회,,,"cartoon style, classroom, social studies, illustrate: The article is important., safe for children, clear and simple","8 second video, cartoon style: 0-2s introduce scene, 2-6s show action from 'The article is important.', 6-8s conclusion, safe for children, smooth animation",False,pending,success,0,,False
press,뜻을 확인해야 함,명사,뜻을 확인해야 함,a 명사 related to 뜻을 확인해야 함,The press is important.,press(은) 는 중요하다.,관심사,스포츠,,,"cartoon style, sports field, active pose, illustrate: The press is important., safe for children, clear and simple","8 second video, cartoon style: 0-2s introduce scene, 2-6s show action from 'The press is important.', 6-8s conclusion, safe for children, smooth animation",False,pending,success,0,,False
advertise,뜻을 확인해야 함,명사,뜻을 확인해야 함,a 명사 related to 뜻을 확인해야 함,The advertise is important.,advertise(은) 는 중요하다.,학습,초등학교 6 학년 과학,,,"cartoon style, laboratory, science experiment, illustrate: The advertise is important., safe for children, clear and simple","8 second video, cartoon style: 0-2s introduce scene, 2-6s show action from 'The advertise is important.', 6-8s conclusion, safe for children, smooth animation",False,pending,success,0,,False
recent,뜻을 확인해야 함,명사,뜻을 확인해야 함,a 명사 related to 뜻을 확인해야 함,The recent is important.,recent(은) 는 중요하다.,관심사,게임,,,"cartoon style, bright colors, game scene, illustrate: The recent is important., safe for children, clear and simple","8 second video, cartoon style: 0-2s introduce scene, 2-6s show action from 'The recent is important.', 6-8s conclusion, safe for children, smooth animation",False,pending,success,0,,False
diverse,뜻을 확인해야 함,명사,뜻을 확인해야 함,a 명사 related to 뜻을 확인해야 함,The diverse is important.,diverse(은) 는 중요하다.,학습,초등학교 6 학년 사회,,,"cartoon style, classroom, social studies, illustrate: The diverse is important., safe for children, clear and simple","8 second video, cartoon style: 0-2s introduce scene, 2-6s show action from 'The diverse is important.', 6-8s conclusion, safe for children, smooth animation",False,pending,success,0,,False
document,뜻을 확인해야 함,명사,뜻을 확인해야 함,a 명사 related to 뜻을 확인해야 함,The document is important.,document(은) 는 중요하다.,관심사,코딩,,,"cartoon style, computer screen, coding interface, illustrate: The document is important., safe for children, clear and simple","8 second video, cartoon style: 0-2s introduce scene, 2-6s show action from 'The document is important.', 6-8s conclusion, safe for children, smooth animation",False,pending,success,0,,False
expert,뜻을 확인해야 함,명사,뜻을 확인해야 함,a 명사 related to 뜻을 확인해야 함,The expert is important.,expert(은) 는 중요하다.,학습,초등학교 6 학년 과학,,,"cartoon style, laboratory, science experiment, illustrate: The expert is important., safe for children, clear and simple","8 second video, cartoon style: 0-2s introduce scene, 2-6s show action from 'The expert is important.', 6-8s conclusion, safe for children, smooth animation",False,pending,success,0,,False
explore,뜻을 확인해야 함,명사,뜻을 확인해야 함,a 명사 related to 뜻을 확인해야 함,The explore is important.,explore(은) 는 중요하다.,관심사,인공지능,,,"cartoon style, robot, futuristic, illustrate: The explore is important., safe for children, clear and simple","8 second video, cartoon style: 0-2s introduce scene, 2-6s show action from 'The explore is important.', 6-8s conclusion, safe for children, smooth animation",False,pending,success,0,,False
explode,뜻을 확인해야 함,명사,뜻을 확인해야 함,a 명사 related to 뜻을 확인해야 함,The explode is important.,explode(은) 는 중요하다.,학습,초등학교 6 학년 사회,,,"cartoon style, classroom, social studies, illustrate: The explode is important., safe for children, clear and simple","8 second video, cartoon style: 0-2s introduce scene, 2-6s show action from 'The explode is important.', 6-8s conclusion, safe for children, smooth animation",False,pending,success,0,,False
handle,뜻을 확인해야 함,명사,뜻을 확인해야 함,a 명사 related to 뜻을 확인해야 함,The handle is important.,handle(은) 는 중요하다.,관심사,소설 쓰기,,,"cartoon style, writing desk, notebook, illustrate: The handle is important., safe for children, clear and simple","8 second video, cartoon style: 0-2s introduce scene, 2-6s show action from 'The handle is important.', 6-8s conclusion, safe for children, smooth animation",False,pending,success,0,,False
phrase,뜻을 확인해야 함,명사,뜻을 확인해야 함,a 명사 related to 뜻을 확인해야 함,The phrase is important.,phrase(은) 는 중요하다.,학습,초등학교 6 학년 과학,,,"cartoon style, laboratory, science experiment, illustrate: The phrase is important., safe for children, clear and simple","8 second video, cartoon style: 0-2s introduce scene, 2-6s show action from 'The phrase is important.', 6-8s conclusion, safe for children, smooth animation",False,pending,success,0,,False
annoy,뜻을 확인해야 함,명사,뜻을 확인해야 함,a 명사 related to 뜻을 확인해야 함,The annoy is important.,annoy(은) 는 중요하다.,관심사,음악,,,"cartoon style, musical instruments, stage, illustrate: The annoy is important., safe for children, clear and simple","8 second video, cartoon style: 0-2s introduce scene, 2-6s show action from 'The annoy is important.', 6-8s conclusion, safe for children, smooth animation",False,pending,success,0,,False
obvious,뜻을 확인해야 함,명사,뜻을 확인해야 함,a 명사 related to 뜻을 확인해야 함,The obvious is important.,obvious(은) 는 중요하다.,학습,초등학교 6 학년 사회,,,"cartoon style, classroom, social studies, illustrate: The obvious is important., safe for children, clear and simple","8 second video, cartoon style: 0-2s introduce scene, 2-6s show action from 'The obvious is important.', 6-8s conclusion, safe for children, smooth animation",False,pending,success,0,,False
mention,뜻을 확인해야 함,명사,뜻을 확인해야 함,a 명사 related to 뜻을 확인해야 함,The mention is important.,mention(은) 는 중요하다.,관심사,스포츠,,,"cartoon style, sports field, active pose, illustrate: The mention is important., safe for children, clear and simple","8 second video, cartoon style: 0-2s introduce scene, 2-6s show action from 'The mention is important.', 6-8s conclusion, safe for children, smooth animation",False,pending,success,0,,False
entertain,뜻을 확인해야 함,명사,뜻을 확인해야 함,a 명사 related to 뜻을 확인해야 함,The entertain is important.,entertain(은) 는 중요하다.,학습,초등학교 6 학년 과학,,,"cartoon style, laboratory, science experiment, illustrate: The entertain is important., safe for children, clear and simple","8 second video, cartoon style: 0-2s introduce scene, 2-6s show action from 'The entertain is important.', 6-8s conclusion, safe for children, smooth animation",False,pending,success,0,,False
detail,뜻을 확인해야 함,명사,뜻을 확인해야 함,a 명사 related to 뜻을 확인해야 함,The detail is important.,detail(은) 는 중요하다.,관심사,게임,,,"cartoon style, bright colors, game scene, illustrate: The detail is important., safe for children, clear and simple","8 second video, cartoon style: 0-2s introduce scene, 2-6s show action from 'The detail is important.', 6-8s conclusion, safe for children, smooth animation",False,pending,success,0,,False
conflict,뜻을 확인해야 함,명사,뜻을 확인해야 함,a 명사 related to 뜻을 확인해야 함,The conflict is important.,conflict(은) 는 중요하다.,학습,초등학교 6 학년 사회,,,"cartoon style, classroom, social studies, illustrate: The conflict is important., safe for children, clear and simple","8 second video, cartoon style: 0-2s introduce scene, 2-6s show action from 'The conflict is important.', 6-8s conclusion, safe for children, smooth animation",False,pending,success,0,,False
thus,뜻을 확인해야 함,명사,뜻을 확인해야 함,a 명사 related to 뜻을 확인해야 함,The thus is important.,thus(은) 는 중요하다.,관심사,코딩,,,"cartoon style, computer screen, coding interface, illustrate: The thus is important., safe for children, clear and simple","8 second video, cartoon style: 0-2s introduce scene, 2-6s show action from 'The thus is important.', 6-8s conclusion, safe for children, smooth animation",False,pending,success,0,,False
medium,뜻을 확인해야 함,명사,뜻을 확인해야 함,a 명사 related to 뜻을 확인해야 함,The medium is important.,medium(은) 는 중요하다.,학습,초등학교 6 학년 과학,,,"cartoon style, laboratory, science experiment, illustrate: The medium is important., safe for children, clear and simple","8 second video, cartoon style: 0-2s introduce scene, 2-6s show action from 'The medium is important.', 6-8s conclusion, safe for children, smooth animation",False,pending,success,0,,False
depress,뜻을 확인해야 함,명사,뜻을 확인해야 함,a 명사 related to 뜻을 확인해야 함,The depress is important.,depress(은) 는 중요하다.,관심사,인공지능,,,"cartoon style, robot, futuristic, illustrate: The depress is important., safe for children, clear and simple","8 second video, cartoon style: 0-2s introduce scene, 2-6s show action from 'The depress is important.', 6-8s conclusion, safe for children, smooth animation",False,pending,success,0,,False
demand,뜻을 확인해야 함,명사,뜻을 확인해야 함,a 명사 related to 뜻을 확인해야 함,The demand is important.,demand(은) 는 중요하다.,학습,초등학교 6 학년 사회,,,"cartoon style, classroom, social studies, illustrate: The demand is important., safe for children, clear and simple","8 second video, cartoon style: 0-2s introduce scene, 2-6s show action from 'The demand is important.', 6-8s conclusion, safe for children, smooth animation",False,pending,success,0,,False
identify,뜻을 확인해야 함,명사,뜻을 확인해야 함,a 명사 related to 뜻을 확인해야 함,The identify is important.,identify(은) 는 중요하다.,관심사,소설 쓰기,,,"cartoon style, writing desk, notebook, illustrate: The identify is important., safe for children, clear and simple","8 second video, cartoon style: 0-2s introduce scene, 2-6s show action from 'The identify is important.', 6-8s conclusion, safe for children, smooth animation",False,pending,success,0,,False
award,뜻을 확인해야 함,명사,뜻을 확인해야 함,a 명사 related to 뜻을 확인해야 함,The award is important.,award(은) 는 중요하다.,학습,초등학교 6 학년 과학,,,"cartoon style, laboratory, science experiment, illustrate: The award is important., safe for children, clear and simple","8 second video, cartoon style: 0-2s introduce scene, 2-6s show action from 'The award is important.', 6-8s conclusion, safe for children, smooth animation",False,pending,success,0,,False
regret,뜻을 확인해야 함,명사,뜻을 확인해야 함,a 명사 related to 뜻을 확인해야 함,The regret is important.,regret(은) 는 중요하다.,관심사,음악,,,"cartoon style, musical instruments, stage, illustrate: The regret is important., safe for children, clear and simple","8 second video, cartoon style: 0-2s introduce scene, 2-6s show action from 'The regret is important.', 6-8s conclusion, safe for children, smooth animation",False,pending,success,0,,False
regard,뜻을 확인해야 함,명사,뜻을 확인해야 함,a 명사 related to 뜻을 확인해야 함,The regard is important.,regard(은) 는 중요하다.,학습,초등학교 6 학년 사회,,,"cartoon style, classroom, social studies, illustrate: The regard is important., safe for children, clear and simple","8 second video, cartoon style: 0-2s introduce scene, 2-6s show action from 'The regard is important.', 6-8s conclusion, safe for children, smooth animation",False,pending,success,0,,False
inquire,뜻을 확인해야 함,명사,뜻을 확인해야 함,a 명사 related to 뜻을 확인해야 함,The inquire is important.,inquire(은) 는 중요하다.,관심사,스포츠,,,"cartoon style, sports field, active pose, illustrate: The inquire is important., safe for children, clear and simple","8 second video, cartoon style: 0-2s introduce scene, 2-6s show action from 'The inquire is important.', 6-8s conclusion, safe for children, smooth animation",False,pending,success,0,,False
script,뜻을 확인해야 함,명사,뜻을 확인해야 함,a 명사 related to 뜻을 확인해야 함,The script is important.,script(은) 는 중요하다.,학습,초등학교 6 학년 과학,,,"cartoon style, laboratory, science experiment, illustrate: The script is important., safe for children, clear and simple","8 second video, cartoon style: 0-2s introduce scene, 2-6s show action from 'The script is important.', 6-8s conclusion, safe for children, smooth animation",False,pending,success,0,,False
decline,뜻을 확인해야 함,명사,뜻을 확인해야 함,a 명사 related to 뜻을 확인해야 함,The decline is important.,decline(은) 는 중요하다.,관심사,게임,,,"cartoon style, bright colors, game scene, illustrate: The decline is important., safe for children, clear and simple","8 second video, cartoon style: 0-2s introduce scene, 2-6s show action from 'The decline is important.', 6-8s conclusion, safe for children, smooth animation",False,pending,success,0,,False
declare,뜻을 확인해야 함,명사,뜻을 확인해야 함,a 명사 related to 뜻을 확인해야 함,The declare is important.,declare(은) 는 중요하다.,학습,초등학교 6 학년 사회,,,"cartoon style, classroom, social studies, illustrate: The declare is important., safe for children, clear and simple","8 second video, cartoon style: 0-2s introduce scene, 2-6s show action from 'The declare is important.', 6-8s conclusion, safe for children, smooth animation",False,pending,success,0,,False
deceive,뜻을 확인해야 함,명사,뜻을 확인해야 함,a 명사 related to 뜻을 확인해야 함,The deceive is important.,deceive(은) 는 중요하다.,관심사,코딩,,,"cartoon style, computer screen, coding interface, illustrate: The deceive is important., safe for children, clear and simple","8 second video, cartoon style: 0-2s introduce scene, 2-6s show action from 'The deceive is important.', 6-8s conclusion, safe for children, smooth animation",False,pending,success,0,,False
external,뜻을 확인해야 함,명사,뜻을 확인해야 함,a 명사 related to 뜻을 확인해야 함,The external is important.,external(은) 는 중요하다.,학습,초등학교 6 학년 과학,,,"cartoon style, laboratory, science experiment, illustrate: The external is important., safe for children, clear and simple","8 second video, cartoon style: 0-2s introduce scene, 2-6s show action from 'The external is important.', 6-8s conclusion, safe for children, smooth animation",False,pending,success,0,,False
instantly,뜻을 확인해야 함,명사,뜻을 확인해야 함,a 명사 related to 뜻을 확인해야 함,The instantly is important.,instantly(은) 는 중요하다.,관심사,인공지능,,,"cartoon style, robot, futuristic, illustrate: The instantly is important., safe for children, clear and simple","8 second video, cartoon style: 0-2s introduce scene, 2-6s show action from 'The instantly is important.', 6-8s conclusion, safe for children, smooth animation",False,pending,success,0,,False
norm,뜻을 확인해야 함,명사,뜻을 확인해야 함,a 명사 related to 뜻을 확인해야 함,The norm is important.,norm(은) 는 중요하다.,학습,초등학교 6 학년 사회,,,"cartoon style, classroom, social studies, illustrate: The norm is important., safe for children, clear and simple","8 second video, cartoon style: 0-2s introduce scene, 2-6s show action from 'The norm is important.', 6-8s conclusion, safe for children, smooth animation",False,pending,success,0,,False
analyze,뜻을 확인해야 함,명사,뜻을 확인해야 함,a 명사 related to 뜻을 확인해야 함,The analyze is important.,analyze(은) 는 중요하다.,관심사,소설 쓰기,,,"cartoon style, writing desk, notebook, illustrate: The analyze is important., safe for children, clear and simple","8 second video, cartoon style: 0-2s introduce scene, 2-6s show action from 'The analyze is important.', 6-8s conclusion, safe for children, smooth animation",False,pending,success,0,,False
clarify,뜻을 확인해야 함,명사,뜻을 확인해야 함,a 명사 related to 뜻을 확인해야 함,The clarify is important.,clarify(은) 는 중요하다.,학습,초등학교 6 학년 과학,,,"cartoon style, laboratory, science experiment, illustrate: The clarify is important., safe for children, clear and simple","8 second video, cartoon style: 0-2s introduce scene, 2-6s show action from 'The clarify is important.', 6-8s conclusion, safe for children, smooth animation",False,pending,success,0,,False
defend,뜻을 확인해야 함,명사,뜻을 확인해야 함,a 명사 related to 뜻을 확인해야 함,The defend is important.,defend(은) 는 중요하다.,관심사,음악,,,"cartoon style, musical instruments, stage, illustrate: The defend is important., safe for children, clear and simple","8 second video, cartoon style: 0-2s introduce scene, 2-6s show action from 'The defend is important.', 6-8s conclusion, safe for children, smooth animation",False,pending,success,0,,False
reputation,뜻을 확인해야 함,명사,뜻을 확인해야 함,a 명사 related to 뜻을 확인해야 함,The reputation is important.,reputation(은) 는 중요하다.,학습,초등학교 6 학년 사회,,,"cartoon style, classroom, social studies, illustrate: The reputation is important., safe for children, clear and simple","8 second video, cartoon style: 0-2s introduce scene, 2-6s show action from 'The reputation is important.', 6-8s conclusion, safe for children, smooth animation",False,pending,success,0,,False
exclude,뜻을 확인해야 함,명사,뜻을 확인해야 함,a 명사 related to 뜻을 확인해야 함,The exclude is important.,exclude(은) 는 중요하다.,관심사,스포츠,,,"cartoon style, sports field, active pose, illustrate: The exclude is important., safe for children, clear and simple","8 second video, cartoon style: 0-2s introduce scene, 2-6s show action from 'The exclude is important.', 6-8s conclusion, safe for children, smooth animation",False,pending,success,0,,False
net,뜻을 확인해야 함,명사,뜻을 확인해야 함,a 명사 related to 뜻을 확인해야 함,The net is important.,net(은) 는 중요하다.,학습,초등학교 6 학년 과학,,,"cartoon style, laboratory, science experiment, illustrate: The net is important., safe for children, clear and simple","8 second video, cartoon style: 0-2s introduce scene, 2-6s show action from 'The net is important.', 6-8s conclusion, safe for children, smooth animation",False,pending,success,0,,False
